2025-08-03 23:44:18,601 [INFO] Nhận pallet_infos: [('', 0.9), ('', 0.9), ('', 0.9), ('', 0.9), ('', 0.9), ('Other Labels', 0.9)]
2025-08-03 23:44:18,601 [INFO] Bắt đầu phân tích ảnh...
2025-08-03 23:44:19,274 [DEBUG] Kết quả detectLabel: label_image is None? False, rect_label: ((1432, 773), (2635, 2309)), confidence_detect: 0.9864873290061951
2025-08-03 23:44:19,468 [DEBUG] Kết quả classifiLabel: id=40, class_name=Label47, confidence_classify=0.9998892545700073
2025-08-03 23:44:19,468 [DEBUG] Xử lý nhãn đặc biệt: id=40, class_name=Label47
2025-08-03 23:44:19,966 [DEBUG] ['tesseract', 'C:\\Users\\quang\\AppData\\Local\\Temp\\tess_3pp1nm0u_input.PNG', 'C:\\Users\\quang\\AppData\\Local\\Temp\\tess_3pp1nm0u', '--oem', '3', '--psm', '6', '-l', 'vie', 'txt']
2025-08-03 23:44:20,431 [DEBUG] Kết quả nhãn đặc biệt: class_name=Label72, confidence_ocr=0.975609756097561
2025-08-03 23:44:20,431 [DEBUG] Kết quả _handle_special_labels: class_name=Label72, confidence_ocr=0.975609756097561
2025-08-03 23:44:20,434 [INFO] Kết quả trả về từ _get_image_and_classify: {'label_detected': 'Label72', 'label_image': array([[[125, 125, 125],
        [137, 137, 137],
        [145, 145, 145],
        ...,
        [142, 142, 142],
        [132, 132, 132],
        [123, 123, 123]],

       [[126, 126, 126],
        [138, 138, 138],
        [147, 147, 147],
        ...,
        [146, 146, 146],
        [135, 135, 135],
        [124, 124, 124]],

       [[128, 128, 128],
        [140, 140, 140],
        [149, 149, 149],
        ...,
        [150, 150, 150],
        [139, 139, 139],
        [126, 126, 126]],

       ...,

       [[105, 105, 105],
        [104, 104, 104],
        [106, 106, 106],
        ...,
        [113, 113, 113],
        [100, 100, 100],
        [ 95,  95,  95]],

       [[104, 104, 104],
        [104, 104, 104],
        [105, 105, 105],
        ...,
        [109, 109, 109],
        [100, 100, 100],
        [ 96,  96,  96]],

       [[104, 104, 104],
        [104, 104, 104],
        [105, 105, 105],
        ...,
        [106, 106, 106],
        [100, 100, 100],
        [ 97,  97,  97]]], dtype=uint8), 'origin_image': array([[[77, 77, 77],
        [78, 78, 78],
        [78, 78, 78],
        ...,
        [76, 76, 76],
        [76, 76, 76],
        [69, 69, 69]],

       [[75, 75, 75],
        [74, 74, 74],
        [74, 74, 74],
        ...,
        [77, 77, 77],
        [77, 77, 77],
        [72, 72, 72]],

       [[77, 77, 77],
        [75, 75, 75],
        [75, 75, 75],
        ...,
        [75, 75, 75],
        [73, 73, 73],
        [72, 72, 72]],

       ...,

       [[75, 75, 75],
        [75, 75, 75],
        [78, 78, 78],
        ...,
        [76, 76, 76],
        [75, 75, 75],
        [72, 72, 72]],

       [[73, 73, 73],
        [73, 73, 73],
        [77, 77, 77],
        ...,
        [76, 76, 76],
        [73, 73, 73],
        [70, 70, 70]],

       [[73, 73, 73],
        [73, 73, 73],
        [74, 74, 74],
        ...,
        [76, 76, 76],
        [74, 74, 74],
        [75, 75, 75]]], dtype=uint8), 'confidence_detect': 0.9864873290061951, 'confidence_classify': 0.9998892545700073, 'confidence_ocr': 0.975609756097561}
2025-08-03 23:44:20,435 [INFO] Label phát hiện: Label72, Conf_detect: 0.9864873290061951, Conf_classify: 0.9998892545700073, Conf_ocr: 0.975609756097561
2025-08-03 23:44:20,436 [INFO] Kết quả trả về UI: {'label_detected': 'Label72', 'pallet_detected': None, 'confidence_detect': 0.9864873290061951, 'confidence_classify': 0.9998892545700073, 'confidence_ocr': 0.975609756097561, 'origin_image': array([[[77, 77, 77],
        [78, 78, 78],
        [78, 78, 78],
        ...,
        [76, 76, 76],
        [76, 76, 76],
        [69, 69, 69]],

       [[75, 75, 75],
        [74, 74, 74],
        [74, 74, 74],
        ...,
        [77, 77, 77],
        [77, 77, 77],
        [72, 72, 72]],

       [[77, 77, 77],
        [75, 75, 75],
        [75, 75, 75],
        ...,
        [75, 75, 75],
        [73, 73, 73],
        [72, 72, 72]],

       ...,

       [[75, 75, 75],
        [75, 75, 75],
        [78, 78, 78],
        ...,
        [76, 76, 76],
        [75, 75, 75],
        [72, 72, 72]],

       [[73, 73, 73],
        [73, 73, 73],
        [77, 77, 77],
        ...,
        [76, 76, 76],
        [73, 73, 73],
        [70, 70, 70]],

       [[73, 73, 73],
        [73, 73, 73],
        [74, 74, 74],
        ...,
        [76, 76, 76],
        [74, 74, 74],
        [75, 75, 75]]], dtype=uint8), 'label_image': array([[[125, 125, 125],
        [137, 137, 137],
        [145, 145, 145],
        ...,
        [142, 142, 142],
        [132, 132, 132],
        [123, 123, 123]],

       [[126, 126, 126],
        [138, 138, 138],
        [147, 147, 147],
        ...,
        [146, 146, 146],
        [135, 135, 135],
        [124, 124, 124]],

       [[128, 128, 128],
        [140, 140, 140],
        [149, 149, 149],
        ...,
        [150, 150, 150],
        [139, 139, 139],
        [126, 126, 126]],

       ...,

       [[105, 105, 105],
        [104, 104, 104],
        [106, 106, 106],
        ...,
        [113, 113, 113],
        [100, 100, 100],
        [ 95,  95,  95]],

       [[104, 104, 104],
        [104, 104, 104],
        [105, 105, 105],
        ...,
        [109, 109, 109],
        [100, 100, 100],
        [ 96,  96,  96]],

       [[104, 104, 104],
        [104, 104, 104],
        [105, 105, 105],
        ...,
        [106, 106, 106],
        [100, 100, 100],
        [ 97,  97,  97]]], dtype=uint8)}
2025-08-03 23:57:12,272 [INFO] Nhận pallet_infos: [('', 0.9), ('', 0.9), ('', 0.9), ('', 0.9), ('', 0.9), ('Other Labels', 0.9)]
2025-08-03 23:57:12,272 [INFO] Bắt đầu phân tích ảnh...
2025-08-03 23:57:12,722 [DEBUG] Kết quả detectLabel: label_image is None? False, rect_label: ((1432, 773), (2635, 2309)), confidence_detect: 0.9864873290061951
2025-08-03 23:57:12,925 [DEBUG] Kết quả classifiLabel: id=40, class_name=Label47, confidence_classify=0.9998892545700073
2025-08-03 23:57:12,925 [DEBUG] Xử lý nhãn đặc biệt: id=40, class_name=Label47
2025-08-03 23:57:13,446 [DEBUG] ['tesseract', 'C:\\Users\\quang\\AppData\\Local\\Temp\\tess_7vu6g04s_input.PNG', 'C:\\Users\\quang\\AppData\\Local\\Temp\\tess_7vu6g04s', '--oem', '3', '--psm', '6', '-l', 'vie', 'txt']
2025-08-03 23:57:13,758 [DEBUG] Kết quả nhãn đặc biệt: class_name=Label72, confidence_ocr=0.975609756097561
2025-08-03 23:57:13,758 [DEBUG] Kết quả _handle_special_labels: class_name=Label72, confidence_ocr=0.975609756097561
2025-08-03 23:57:13,758 [INFO] Label phát hiện: Label72, Conf_detect: 0.9864873290061951, Conf_classify: 0.9998892545700073, Conf_ocr: 0.975609756097561
2025-08-03 23:57:13,761 [INFO] Kết quả trả về UI: {'label_detected': 'Label72', 'pallet_detected': None, 'confidence_detect': 0.9864873290061951, 'confidence_classify': 0.9998892545700073, 'confidence_ocr': 0.975609756097561, 'origin_image': array([[[77, 77, 77],
        [78, 78, 78],
        [78, 78, 78],
        ...,
        [76, 76, 76],
        [76, 76, 76],
        [69, 69, 69]],

       [[75, 75, 75],
        [74, 74, 74],
        [74, 74, 74],
        ...,
        [77, 77, 77],
        [77, 77, 77],
        [72, 72, 72]],

       [[77, 77, 77],
        [75, 75, 75],
        [75, 75, 75],
        ...,
        [75, 75, 75],
        [73, 73, 73],
        [72, 72, 72]],

       ...,

       [[75, 75, 75],
        [75, 75, 75],
        [78, 78, 78],
        ...,
        [76, 76, 76],
        [75, 75, 75],
        [72, 72, 72]],

       [[73, 73, 73],
        [73, 73, 73],
        [77, 77, 77],
        ...,
        [76, 76, 76],
        [73, 73, 73],
        [70, 70, 70]],

       [[73, 73, 73],
        [73, 73, 73],
        [74, 74, 74],
        ...,
        [76, 76, 76],
        [74, 74, 74],
        [75, 75, 75]]], dtype=uint8), 'label_image': array([[[125, 125, 125],
        [137, 137, 137],
        [145, 145, 145],
        ...,
        [142, 142, 142],
        [132, 132, 132],
        [123, 123, 123]],

       [[126, 126, 126],
        [138, 138, 138],
        [147, 147, 147],
        ...,
        [146, 146, 146],
        [135, 135, 135],
        [124, 124, 124]],

       [[128, 128, 128],
        [140, 140, 140],
        [149, 149, 149],
        ...,
        [150, 150, 150],
        [139, 139, 139],
        [126, 126, 126]],

       ...,

       [[105, 105, 105],
        [104, 104, 104],
        [106, 106, 106],
        ...,
        [113, 113, 113],
        [100, 100, 100],
        [ 95,  95,  95]],

       [[104, 104, 104],
        [104, 104, 104],
        [105, 105, 105],
        ...,
        [109, 109, 109],
        [100, 100, 100],
        [ 96,  96,  96]],

       [[104, 104, 104],
        [104, 104, 104],
        [105, 105, 105],
        ...,
        [106, 106, 106],
        [100, 100, 100],
        [ 97,  97,  97]]], dtype=uint8)}
2025-08-04 00:07:33,562 [INFO] Nhận pallet_infos: [('', 0.9), ('', 0.9), ('', 0.9), ('', 0.9), ('', 0.9), ('Other Labels', 0.9)]
2025-08-04 00:07:33,562 [INFO] Bắt đầu phân tích ảnh...
2025-08-04 00:07:34,045 [DEBUG] Kết quả detectLabel: label_image is None? False, rect_label: ((1432, 773), (2635, 2309)), confidence_detect: 0.9864873290061951
2025-08-04 00:07:34,272 [DEBUG] Kết quả classifiLabel: id=40, class_name=Label47, confidence_classify=0.9998892545700073
2025-08-04 00:07:34,272 [DEBUG] Xử lý nhãn đặc biệt: id=40, class_name=Label47
2025-08-04 00:07:34,863 [DEBUG] ['tesseract', 'C:\\Users\\quang\\AppData\\Local\\Temp\\tess_mba8hp0r_input.PNG', 'C:\\Users\\quang\\AppData\\Local\\Temp\\tess_mba8hp0r', '--oem', '3', '--psm', '6', '-l', 'vie', 'txt']
2025-08-04 00:07:35,167 [DEBUG] Kết quả nhãn đặc biệt: class_name=Label72, confidence_ocr=0.975609756097561
2025-08-04 00:07:35,168 [DEBUG] Kết quả _handle_special_labels: class_name=Label72, confidence_ocr=0.975609756097561
2025-08-04 00:07:35,168 [INFO] Label phát hiện: Label72, Conf_detect: 0.9864873290061951, Conf_classify: 0.9998892545700073, Conf_ocr: 0.975609756097561
2025-08-04 00:07:35,169 [INFO] Kết quả trả về UI: {'label_detected': 'Label72', 'pallet_detected': None, 'confidence_detect': 0.9864873290061951, 'confidence_classify': 0.9998892545700073, 'confidence_ocr': 0.975609756097561, 'origin_image': array([[[77, 77, 77],
        [78, 78, 78],
        [78, 78, 78],
        ...,
        [76, 76, 76],
        [76, 76, 76],
        [69, 69, 69]],

       [[75, 75, 75],
        [74, 74, 74],
        [74, 74, 74],
        ...,
        [77, 77, 77],
        [77, 77, 77],
        [72, 72, 72]],

       [[77, 77, 77],
        [75, 75, 75],
        [75, 75, 75],
        ...,
        [75, 75, 75],
        [73, 73, 73],
        [72, 72, 72]],

       ...,

       [[75, 75, 75],
        [75, 75, 75],
        [78, 78, 78],
        ...,
        [76, 76, 76],
        [75, 75, 75],
        [72, 72, 72]],

       [[73, 73, 73],
        [73, 73, 73],
        [77, 77, 77],
        ...,
        [76, 76, 76],
        [73, 73, 73],
        [70, 70, 70]],

       [[73, 73, 73],
        [73, 73, 73],
        [74, 74, 74],
        ...,
        [76, 76, 76],
        [74, 74, 74],
        [75, 75, 75]]], dtype=uint8), 'label_image': array([[[125, 125, 125],
        [137, 137, 137],
        [145, 145, 145],
        ...,
        [142, 142, 142],
        [132, 132, 132],
        [123, 123, 123]],

       [[126, 126, 126],
        [138, 138, 138],
        [147, 147, 147],
        ...,
        [146, 146, 146],
        [135, 135, 135],
        [124, 124, 124]],

       [[128, 128, 128],
        [140, 140, 140],
        [149, 149, 149],
        ...,
        [150, 150, 150],
        [139, 139, 139],
        [126, 126, 126]],

       ...,

       [[105, 105, 105],
        [104, 104, 104],
        [106, 106, 106],
        ...,
        [113, 113, 113],
        [100, 100, 100],
        [ 95,  95,  95]],

       [[104, 104, 104],
        [104, 104, 104],
        [105, 105, 105],
        ...,
        [109, 109, 109],
        [100, 100, 100],
        [ 96,  96,  96]],

       [[104, 104, 104],
        [104, 104, 104],
        [105, 105, 105],
        ...,
        [106, 106, 106],
        [100, 100, 100],
        [ 97,  97,  97]]], dtype=uint8)}
2025-08-04 00:28:17,210 [INFO] Nhận pallet_infos: [('', 0.9), ('', 0.9), ('', 0.9), ('', 0.9), ('', 0.9), ('Other Labels', 0.9)]
2025-08-04 00:28:17,224 [INFO] Bắt đầu phân tích ảnh...
2025-08-04 00:28:18,006 [DEBUG] Kết quả detectLabel: label_image is None? False, rect_label: ((1432, 773), (2635, 2309)), confidence_detect: 0.9864873290061951
2025-08-04 00:28:18,265 [DEBUG] Kết quả classifiLabel: id=40, class_name=Label47, confidence_classify=0.9998892545700073
2025-08-04 00:28:18,265 [DEBUG] Xử lý nhãn đặc biệt: id=40, class_name=Label47
2025-08-04 00:28:18,841 [DEBUG] ['tesseract', 'C:\\Users\\quang\\AppData\\Local\\Temp\\tess_j6xotiu__input.PNG', 'C:\\Users\\quang\\AppData\\Local\\Temp\\tess_j6xotiu_', '--oem', '3', '--psm', '6', '-l', 'vie', 'txt']
2025-08-04 00:28:19,285 [DEBUG] Kết quả nhãn đặc biệt: class_name=Label72, confidence_ocr=0.975609756097561
2025-08-04 00:28:19,285 [DEBUG] Kết quả _handle_special_labels: class_name=Label72, confidence_ocr=0.975609756097561
2025-08-04 00:28:19,285 [INFO] Label phát hiện: Label72, Conf_detect: 0.9864873290061951, Conf_classify: 0.9998892545700073, Conf_ocr: 0.975609756097561
2025-08-04 00:28:19,286 [INFO] Đã gán pallet_detected: A
2025-08-04 00:28:19,287 [INFO] Kết quả trả về UI: {'label_detected': 'Label72', 'pallet_detected': 'A', 'confidence_detect': 0.9864873290061951, 'confidence_classify': 0.9998892545700073, 'confidence_ocr': 0.975609756097561, 'origin_image': array([[[77, 77, 77],
        [78, 78, 78],
        [78, 78, 78],
        ...,
        [76, 76, 76],
        [76, 76, 76],
        [69, 69, 69]],

       [[75, 75, 75],
        [74, 74, 74],
        [74, 74, 74],
        ...,
        [77, 77, 77],
        [77, 77, 77],
        [72, 72, 72]],

       [[77, 77, 77],
        [75, 75, 75],
        [75, 75, 75],
        ...,
        [75, 75, 75],
        [73, 73, 73],
        [72, 72, 72]],

       ...,

       [[75, 75, 75],
        [75, 75, 75],
        [78, 78, 78],
        ...,
        [76, 76, 76],
        [75, 75, 75],
        [72, 72, 72]],

       [[73, 73, 73],
        [73, 73, 73],
        [77, 77, 77],
        ...,
        [76, 76, 76],
        [73, 73, 73],
        [70, 70, 70]],

       [[73, 73, 73],
        [73, 73, 73],
        [74, 74, 74],
        ...,
        [76, 76, 76],
        [74, 74, 74],
        [75, 75, 75]]], dtype=uint8), 'label_image': array([[[125, 125, 125],
        [137, 137, 137],
        [145, 145, 145],
        ...,
        [142, 142, 142],
        [132, 132, 132],
        [123, 123, 123]],

       [[126, 126, 126],
        [138, 138, 138],
        [147, 147, 147],
        ...,
        [146, 146, 146],
        [135, 135, 135],
        [124, 124, 124]],

       [[128, 128, 128],
        [140, 140, 140],
        [149, 149, 149],
        ...,
        [150, 150, 150],
        [139, 139, 139],
        [126, 126, 126]],

       ...,

       [[105, 105, 105],
        [104, 104, 104],
        [106, 106, 106],
        ...,
        [113, 113, 113],
        [100, 100, 100],
        [ 95,  95,  95]],

       [[104, 104, 104],
        [104, 104, 104],
        [105, 105, 105],
        ...,
        [109, 109, 109],
        [100, 100, 100],
        [ 96,  96,  96]],

       [[104, 104, 104],
        [104, 104, 104],
        [105, 105, 105],
        ...,
        [106, 106, 106],
        [100, 100, 100],
        [ 97,  97,  97]]], dtype=uint8)}
2025-08-04 00:30:42,944 [INFO] Nhận pallet_infos: [('', 0.9), ('', 0.9), ('', 0.9), ('', 0.9), ('', 0.9), ('Other Labels', 0.9)]
2025-08-04 00:30:42,945 [INFO] Bắt đầu phân tích ảnh...
2025-08-04 00:30:43,433 [DEBUG] Kết quả detectLabel: label_image is None? False, rect_label: ((1509, 761), (2825, 2376)), confidence_detect: 0.9747650623321533
2025-08-04 00:30:43,629 [DEBUG] Kết quả classifiLabel: id=40, class_name=Label47, confidence_classify=0.9990813732147217
2025-08-04 00:30:43,629 [DEBUG] Xử lý nhãn đặc biệt: id=40, class_name=Label47
2025-08-04 00:30:44,086 [DEBUG] ['tesseract', 'C:\\Users\\quang\\AppData\\Local\\Temp\\tess_bx0i49_m_input.PNG', 'C:\\Users\\quang\\AppData\\Local\\Temp\\tess_bx0i49_m', '--oem', '3', '--psm', '6', '-l', 'vie', 'txt']
2025-08-04 00:30:44,405 [DEBUG] Kết quả nhãn đặc biệt: class_name=, confidence_ocr=None
2025-08-04 00:30:44,405 [DEBUG] Kết quả _handle_special_labels: class_name=, confidence_ocr=None
2025-08-04 00:30:44,406 [INFO] Label phát hiện: , Conf_detect: 0.9747650623321533, Conf_classify: 0.9990813732147217, Conf_ocr: None
2025-08-04 00:30:44,406 [DEBUG] So sánh label_detected= với name=, confidence_detect=0.9747650623321533 >= thresh=0.9
2025-08-04 00:30:44,407 [INFO] Đã gán pallet_detected: A
2025-08-04 00:30:44,408 [INFO] Kết quả trả về UI: {'label_detected': '', 'pallet_detected': 'A', 'confidence_detect': 0.9747650623321533, 'confidence_classify': 0.9990813732147217, 'confidence_ocr': None, 'origin_image': array([[[77, 77, 77],
        [78, 78, 78],
        [78, 78, 78],
        ...,
        [68, 68, 68],
        [69, 69, 69],
        [76, 76, 76]],

       [[83, 83, 83],
        [80, 80, 80],
        [78, 78, 78],
        ...,
        [76, 76, 76],
        [73, 73, 73],
        [73, 73, 73]],

       [[83, 83, 83],
        [81, 81, 81],
        [80, 80, 80],
        ...,
        [76, 76, 76],
        [74, 74, 74],
        [71, 71, 71]],

       ...,

       [[70, 70, 70],
        [71, 71, 71],
        [73, 73, 73],
        ...,
        [78, 78, 78],
        [80, 80, 80],
        [77, 77, 77]],

       [[67, 67, 67],
        [71, 71, 71],
        [72, 72, 72],
        ...,
        [77, 77, 77],
        [80, 80, 80],
        [75, 75, 75]],

       [[73, 73, 73],
        [75, 75, 75],
        [75, 75, 75],
        ...,
        [72, 72, 72],
        [73, 73, 73],
        [75, 75, 75]]], dtype=uint8), 'label_image': array([[[115, 115, 115],
        [112, 112, 112],
        [112, 112, 112],
        ...,
        [104, 104, 104],
        [105, 105, 105],
        [107, 107, 107]],

       [[113, 113, 113],
        [113, 113, 113],
        [115, 115, 115],
        ...,
        [103, 103, 103],
        [105, 105, 105],
        [106, 106, 106]],

       [[111, 111, 111],
        [112, 112, 112],
        [114, 114, 114],
        ...,
        [104, 104, 104],
        [104, 104, 104],
        [104, 104, 104]],

       ...,

       [[103, 103, 103],
        [103, 103, 103],
        [103, 103, 103],
        ...,
        [108, 108, 108],
        [108, 108, 108],
        [108, 108, 108]],

       [[104, 104, 104],
        [104, 104, 104],
        [106, 106, 106],
        ...,
        [107, 107, 107],
        [107, 107, 107],
        [105, 105, 105]],

       [[103, 103, 103],
        [105, 105, 105],
        [108, 108, 108],
        ...,
        [105, 105, 105],
        [104, 104, 104],
        [102, 102, 102]]], dtype=uint8)}
2025-08-04 00:59:28,219 [INFO] Nhận pallet_infos: [('', 0.9), ('', 0.9), ('', 0.9), ('', 0.9), ('', 0.9), ('Other Labels', 0.9)]
2025-08-04 00:59:28,219 [INFO] Bắt đầu phân tích ảnh...
2025-08-04 00:59:28,700 [DEBUG] Kết quả detectLabel: label_image is None? False, rect_label: ((1509, 761), (2825, 2376)), confidence_detect: 0.9747650623321533
2025-08-04 00:59:28,892 [DEBUG] Kết quả classifiLabel: id=40, class_name=Label47, confidence_classify=0.9990813732147217
2025-08-04 00:59:28,892 [DEBUG] Xử lý nhãn đặc biệt: id=40, class_name=Label47
2025-08-04 00:59:29,337 [DEBUG] ['tesseract', 'C:\\Users\\quang\\AppData\\Local\\Temp\\tess_0up2rybt_input.PNG', 'C:\\Users\\quang\\AppData\\Local\\Temp\\tess_0up2rybt', '--oem', '3', '--psm', '6', '-l', 'vie', 'txt']
2025-08-04 00:59:29,600 [DEBUG] Kết quả nhãn đặc biệt: class_name=, confidence_ocr=None
2025-08-04 00:59:29,600 [DEBUG] Kết quả _handle_special_labels: class_name=, confidence_ocr=None
2025-08-04 00:59:29,601 [INFO] Label phát hiện: , Conf_detect: 0.9747650623321533, Conf_classify: 0.9990813732147217, Conf_ocr: None, Conf: None
2025-08-04 00:59:29,601 [DEBUG] So sánh label_detected= với name=, confidence=None >= thresh=0.9
2025-08-04 01:07:13,092 [INFO] Nhận pallet_infos: [('', 0.9), ('', 0.9), ('', 0.9), ('', 0.9), ('', 0.9), ('Other Labels', 0.9)]
2025-08-04 01:07:13,092 [INFO] Bắt đầu phân tích ảnh...
2025-08-04 01:07:13,576 [DEBUG] Kết quả detectLabel: label_image is None? False, rect_label: ((1509, 761), (2825, 2376)), confidence_detect: 0.9747650623321533
2025-08-04 01:07:13,795 [DEBUG] Kết quả classifiLabel: id=40, class_name=Label47, confidence_classify=0.9990813732147217
2025-08-04 01:07:13,796 [DEBUG] Xử lý nhãn đặc biệt: id=40, class_name=Label47
2025-08-04 01:07:14,277 [DEBUG] ['tesseract', 'C:\\Users\\quang\\AppData\\Local\\Temp\\tess_aaxi08u0_input.PNG', 'C:\\Users\\quang\\AppData\\Local\\Temp\\tess_aaxi08u0', '--oem', '3', '--psm', '6', '-l', 'vie', 'txt']
2025-08-04 01:07:14,559 [DEBUG] Kết quả nhãn đặc biệt: class_name=, confidence_ocr=None
2025-08-04 01:07:14,559 [DEBUG] Kết quả _handle_special_labels: class_name=, confidence_ocr=None
2025-08-04 01:07:14,559 [DEBUG] So sánh label_detected= với name=, confidence=None >= thresh=0.9
2025-08-04 01:07:14,559 [DEBUG] So sánh label_detected= với name=, confidence=None >= thresh=0.9
2025-08-04 01:07:14,560 [DEBUG] So sánh label_detected= với name=, confidence=None >= thresh=0.9
2025-08-04 01:07:14,560 [DEBUG] So sánh label_detected= với name=, confidence=None >= thresh=0.9
2025-08-04 01:07:14,560 [DEBUG] So sánh label_detected= với name=, confidence=None >= thresh=0.9
2025-08-04 01:07:14,560 [INFO] Label phát hiện: , Conf_detect: 0.9747650623321533, Conf_classify: 0.9990813732147217, Conf_ocr: None, Conf: None
2025-08-04 01:07:14,561 [INFO] Kết quả trả về UI: {'label_detected': '', 'pallet_detected': 'F', 'confidence': None, 'confidence_detect': 0.9747650623321533, 'confidence_classify': 0.9990813732147217, 'confidence_ocr': None, 'origin_image': array([[[77, 77, 77],
        [78, 78, 78],
        [78, 78, 78],
        ...,
        [68, 68, 68],
        [69, 69, 69],
        [76, 76, 76]],

       [[83, 83, 83],
        [80, 80, 80],
        [78, 78, 78],
        ...,
        [76, 76, 76],
        [73, 73, 73],
        [73, 73, 73]],

       [[83, 83, 83],
        [81, 81, 81],
        [80, 80, 80],
        ...,
        [76, 76, 76],
        [74, 74, 74],
        [71, 71, 71]],

       ...,

       [[70, 70, 70],
        [71, 71, 71],
        [73, 73, 73],
        ...,
        [78, 78, 78],
        [80, 80, 80],
        [77, 77, 77]],

       [[67, 67, 67],
        [71, 71, 71],
        [72, 72, 72],
        ...,
        [77, 77, 77],
        [80, 80, 80],
        [75, 75, 75]],

       [[73, 73, 73],
        [75, 75, 75],
        [75, 75, 75],
        ...,
        [72, 72, 72],
        [73, 73, 73],
        [75, 75, 75]]], dtype=uint8), 'label_image': array([[[115, 115, 115],
        [112, 112, 112],
        [112, 112, 112],
        ...,
        [104, 104, 104],
        [105, 105, 105],
        [107, 107, 107]],

       [[113, 113, 113],
        [113, 113, 113],
        [115, 115, 115],
        ...,
        [103, 103, 103],
        [105, 105, 105],
        [106, 106, 106]],

       [[111, 111, 111],
        [112, 112, 112],
        [114, 114, 114],
        ...,
        [104, 104, 104],
        [104, 104, 104],
        [104, 104, 104]],

       ...,

       [[103, 103, 103],
        [103, 103, 103],
        [103, 103, 103],
        ...,
        [108, 108, 108],
        [108, 108, 108],
        [108, 108, 108]],

       [[104, 104, 104],
        [104, 104, 104],
        [106, 106, 106],
        ...,
        [107, 107, 107],
        [107, 107, 107],
        [105, 105, 105]],

       [[103, 103, 103],
        [105, 105, 105],
        [108, 108, 108],
        ...,
        [105, 105, 105],
        [104, 104, 104],
        [102, 102, 102]]], dtype=uint8)}
2025-08-04 01:10:24,258 [INFO] Nhận pallet_infos: [('', 0.9), ('', 0.9), ('', 0.9), ('', 0.9), ('', 0.9), ('Other Labels', 0.9)]
2025-08-04 01:10:24,258 [INFO] Bắt đầu phân tích ảnh...
2025-08-04 01:10:24,732 [DEBUG] Kết quả detectLabel: label_image is None? False, rect_label: ((1509, 761), (2825, 2376)), confidence_detect: 0.9747650623321533
2025-08-04 01:10:24,933 [DEBUG] Kết quả classifiLabel: id=40, class_name=Label47, confidence_classify=0.9990813732147217
2025-08-04 01:10:24,933 [DEBUG] Xử lý nhãn đặc biệt: id=40, class_name=Label47
2025-08-04 01:10:25,398 [DEBUG] ['tesseract', 'C:\\Users\\quang\\AppData\\Local\\Temp\\tess_25c1juu2_input.PNG', 'C:\\Users\\quang\\AppData\\Local\\Temp\\tess_25c1juu2', '--oem', '3', '--psm', '6', '-l', 'vie', 'txt']
2025-08-04 01:10:25,670 [DEBUG] Kết quả nhãn đặc biệt: class_name=, confidence_ocr=None
2025-08-04 01:10:25,671 [DEBUG] Kết quả _handle_special_labels: class_name=, confidence_ocr=None
2025-08-04 01:10:25,671 [DEBUG] So sánh label_detected= với name=, confidence=None >= thresh=0.9
2025-08-04 01:10:25,671 [DEBUG] So sánh label_detected= với name=, confidence=None >= thresh=0.9
2025-08-04 01:10:25,671 [DEBUG] So sánh label_detected= với name=, confidence=None >= thresh=0.9
2025-08-04 01:10:25,672 [DEBUG] So sánh label_detected= với name=, confidence=None >= thresh=0.9
2025-08-04 01:10:25,672 [DEBUG] So sánh label_detected= với name=, confidence=None >= thresh=0.9
2025-08-04 01:10:25,672 [INFO] Label phát hiện: , Conf_detect: 0.9747650623321533, Conf_classify: 0.9990813732147217, Conf_ocr: None, Conf: None
2025-08-04 01:10:25,673 [INFO] Kết quả trả về UI: {'label_detected': '', 'pallet_detected': 'F', 'confidence': None, 'confidence_detect': 0.9747650623321533, 'confidence_classify': 0.9990813732147217, 'confidence_ocr': None, 'origin_image': array([[[77, 77, 77],
        [78, 78, 78],
        [78, 78, 78],
        ...,
        [68, 68, 68],
        [69, 69, 69],
        [76, 76, 76]],

       [[83, 83, 83],
        [80, 80, 80],
        [78, 78, 78],
        ...,
        [76, 76, 76],
        [73, 73, 73],
        [73, 73, 73]],

       [[83, 83, 83],
        [81, 81, 81],
        [80, 80, 80],
        ...,
        [76, 76, 76],
        [74, 74, 74],
        [71, 71, 71]],

       ...,

       [[70, 70, 70],
        [71, 71, 71],
        [73, 73, 73],
        ...,
        [78, 78, 78],
        [80, 80, 80],
        [77, 77, 77]],

       [[67, 67, 67],
        [71, 71, 71],
        [72, 72, 72],
        ...,
        [77, 77, 77],
        [80, 80, 80],
        [75, 75, 75]],

       [[73, 73, 73],
        [75, 75, 75],
        [75, 75, 75],
        ...,
        [72, 72, 72],
        [73, 73, 73],
        [75, 75, 75]]], dtype=uint8), 'label_image': array([[[115, 115, 115],
        [112, 112, 112],
        [112, 112, 112],
        ...,
        [104, 104, 104],
        [105, 105, 105],
        [107, 107, 107]],

       [[113, 113, 113],
        [113, 113, 113],
        [115, 115, 115],
        ...,
        [103, 103, 103],
        [105, 105, 105],
        [106, 106, 106]],

       [[111, 111, 111],
        [112, 112, 112],
        [114, 114, 114],
        ...,
        [104, 104, 104],
        [104, 104, 104],
        [104, 104, 104]],

       ...,

       [[103, 103, 103],
        [103, 103, 103],
        [103, 103, 103],
        ...,
        [108, 108, 108],
        [108, 108, 108],
        [108, 108, 108]],

       [[104, 104, 104],
        [104, 104, 104],
        [106, 106, 106],
        ...,
        [107, 107, 107],
        [107, 107, 107],
        [105, 105, 105]],

       [[103, 103, 103],
        [105, 105, 105],
        [108, 108, 108],
        ...,
        [105, 105, 105],
        [104, 104, 104],
        [102, 102, 102]]], dtype=uint8)}
2025-08-04 01:12:20,267 [INFO] Nhận pallet_infos: [('', 0.9), ('', 0.9), ('', 0.9), ('', 0.9), ('', 0.9), ('Other Labels', 0.9)]
2025-08-04 01:12:20,267 [INFO] Bắt đầu phân tích ảnh...
2025-08-04 01:12:20,748 [DEBUG] Kết quả detectLabel: label_image is None? False, rect_label: ((1359, 649), (2891, 2394)), confidence_detect: 0.971571683883667
2025-08-04 01:12:20,928 [DEBUG] Kết quả classifiLabel: id=40, class_name=Label47, confidence_classify=0.9996567964553833
2025-08-04 01:12:20,928 [DEBUG] Xử lý nhãn đặc biệt: id=40, class_name=Label47
2025-08-04 01:12:21,364 [DEBUG] ['tesseract', 'C:\\Users\\quang\\AppData\\Local\\Temp\\tess_c785hhk0_input.PNG', 'C:\\Users\\quang\\AppData\\Local\\Temp\\tess_c785hhk0', '--oem', '3', '--psm', '6', '-l', 'vie', 'txt']
2025-08-04 01:12:21,594 [DEBUG] Kết quả nhãn đặc biệt: class_name=, confidence_ocr=None
2025-08-04 01:12:21,594 [DEBUG] Kết quả _handle_special_labels: class_name=, confidence_ocr=None
2025-08-04 01:12:21,594 [DEBUG] So sánh label_detected= với name=, confidence=None >= thresh=0.9
2025-08-04 01:12:21,595 [DEBUG] So sánh label_detected= với name=, confidence=None >= thresh=0.9
2025-08-04 01:12:21,595 [DEBUG] So sánh label_detected= với name=, confidence=None >= thresh=0.9
2025-08-04 01:12:21,595 [DEBUG] So sánh label_detected= với name=, confidence=None >= thresh=0.9
2025-08-04 01:12:21,595 [DEBUG] So sánh label_detected= với name=, confidence=None >= thresh=0.9
2025-08-04 01:12:21,595 [INFO] Label phát hiện: , Conf_detect: 0.971571683883667, Conf_classify: 0.9996567964553833, Conf_ocr: None, Conf: None
2025-08-04 01:12:21,596 [INFO] Kết quả trả về UI: {'label_detected': '', 'pallet_detected': 'F', 'confidence': None, 'confidence_detect': 0.971571683883667, 'confidence_classify': 0.9996567964553833, 'confidence_ocr': None, 'origin_image': array([[[78, 78, 78],
        [78, 78, 78],
        [79, 79, 79],
        ...,
        [78, 78, 78],
        [78, 78, 78],
        [76, 76, 76]],

       [[74, 74, 74],
        [80, 80, 80],
        [80, 80, 80],
        ...,
        [77, 77, 77],
        [77, 77, 77],
        [73, 73, 73]],

       [[74, 74, 74],
        [78, 78, 78],
        [79, 79, 79],
        ...,
        [76, 76, 76],
        [75, 75, 75],
        [72, 72, 72]],

       ...,

       [[77, 77, 77],
        [72, 72, 72],
        [72, 72, 72],
        ...,
        [75, 75, 75],
        [74, 74, 74],
        [75, 75, 75]],

       [[77, 77, 77],
        [70, 70, 70],
        [70, 70, 70],
        ...,
        [75, 75, 75],
        [75, 75, 75],
        [75, 75, 75]],

       [[74, 74, 74],
        [75, 75, 75],
        [75, 75, 75],
        ...,
        [79, 79, 79],
        [79, 79, 79],
        [78, 78, 78]]], dtype=uint8), 'label_image': array([[[114, 114, 114],
        [113, 113, 113],
        [112, 112, 112],
        ...,
        [122, 122, 122],
        [114, 114, 114],
        [110, 110, 110]],

       [[116, 116, 116],
        [115, 115, 115],
        [112, 112, 112],
        ...,
        [124, 124, 124],
        [116, 116, 116],
        [112, 112, 112]],

       [[115, 115, 115],
        [114, 114, 114],
        [112, 112, 112],
        ...,
        [123, 123, 123],
        [113, 113, 113],
        [110, 110, 110]],

       ...,

       [[102, 102, 102],
        [105, 105, 105],
        [106, 106, 106],
        ...,
        [100, 100, 100],
        [ 99,  99,  99],
        [ 98,  98,  98]],

       [[103, 103, 103],
        [105, 105, 105],
        [107, 107, 107],
        ...,
        [100, 100, 100],
        [ 97,  97,  97],
        [ 96,  96,  96]],

       [[105, 105, 105],
        [106, 106, 106],
        [105, 105, 105],
        ...,
        [104, 104, 104],
        [100, 100, 100],
        [ 98,  98,  98]]], dtype=uint8)}
2025-08-04 01:14:14,980 [INFO] Nhận pallet_infos: [('', 0.9), ('', 0.9), ('', 0.9), ('', 0.9), ('', 0.9), ('Other Labels', 0.9)]
2025-08-04 01:14:14,980 [INFO] Bắt đầu phân tích ảnh...
2025-08-04 01:14:15,462 [DEBUG] Kết quả detectLabel: label_image is None? False, rect_label: ((974, 760), (2553, 2526)), confidence_detect: 0.9745451807975769
2025-08-04 01:14:15,650 [DEBUG] Kết quả classifiLabel: id=40, class_name=Label47, confidence_classify=0.9997259974479675
2025-08-04 01:14:15,650 [DEBUG] Xử lý nhãn đặc biệt: id=40, class_name=Label47
2025-08-04 01:14:16,171 [DEBUG] ['tesseract', 'C:\\Users\\quang\\AppData\\Local\\Temp\\tess_2lnblnoh_input.PNG', 'C:\\Users\\quang\\AppData\\Local\\Temp\\tess_2lnblnoh', '--oem', '3', '--psm', '6', '-l', 'vie', 'txt']
2025-08-04 01:14:16,549 [DEBUG] Kết quả nhãn đặc biệt: class_name=Label65, confidence_ocr=0.8
2025-08-04 01:14:16,549 [DEBUG] Kết quả _handle_special_labels: class_name=Label65, confidence_ocr=0.8
2025-08-04 01:14:16,549 [INFO] Label phát hiện: Label65, Conf_detect: 0.9745451807975769, Conf_classify: 0.9997259974479675, Conf_ocr: 0.8, Conf: 0.8
2025-08-04 01:14:16,552 [INFO] Kết quả trả về UI: {'label_detected': 'Label65', 'pallet_detected': 'F', 'confidence': 0.8, 'confidence_detect': 0.9745451807975769, 'confidence_classify': 0.9997259974479675, 'confidence_ocr': 0.8, 'origin_image': array([[[77, 77, 77],
        [79, 79, 79],
        [81, 81, 81],
        ...,
        [70, 70, 70],
        [71, 71, 71],
        [75, 75, 75]],

       [[77, 77, 77],
        [78, 78, 78],
        [78, 78, 78],
        ...,
        [72, 72, 72],
        [71, 71, 71],
        [72, 72, 72]],

       [[77, 77, 77],
        [77, 77, 77],
        [78, 78, 78],
        ...,
        [71, 71, 71],
        [71, 71, 71],
        [71, 71, 71]],

       ...,

       [[78, 78, 78],
        [68, 68, 68],
        [68, 68, 68],
        ...,
        [79, 79, 79],
        [78, 78, 78],
        [78, 78, 78]],

       [[76, 76, 76],
        [67, 67, 67],
        [67, 67, 67],
        ...,
        [78, 78, 78],
        [75, 75, 75],
        [79, 79, 79]],

       [[73, 73, 73],
        [73, 73, 73],
        [72, 72, 72],
        ...,
        [80, 80, 80],
        [79, 79, 79],
        [72, 72, 72]]], dtype=uint8), 'label_image': array([[[110, 110, 110],
        [109, 109, 109],
        [106, 106, 106],
        ...,
        [145, 145, 145],
        [131, 131, 131],
        [119, 119, 119]],

       [[109, 109, 109],
        [108, 108, 108],
        [107, 107, 107],
        ...,
        [148, 148, 148],
        [135, 135, 135],
        [123, 123, 123]],

       [[109, 109, 109],
        [109, 109, 109],
        [107, 107, 107],
        ...,
        [147, 147, 147],
        [134, 134, 134],
        [125, 125, 125]],

       ...,

       [[101, 101, 101],
        [102, 102, 102],
        [102, 102, 102],
        ...,
        [104, 104, 104],
        [103, 103, 103],
        [105, 105, 105]],

       [[ 99,  99,  99],
        [100, 100, 100],
        [102, 102, 102],
        ...,
        [102, 102, 102],
        [101, 101, 101],
        [101, 101, 101]],

       [[ 98,  98,  98],
        [ 98,  98,  98],
        [100, 100, 100],
        ...,
        [104, 104, 104],
        [104, 104, 104],
        [102, 102, 102]]], dtype=uint8)}
2025-08-04 01:16:35,750 [INFO] Nhận pallet_infos: [('', 0.9), ('', 0.9), ('', 0.9), ('', 0.9), ('', 0.9), ('Other Labels', 0.9)]
2025-08-04 01:16:35,750 [INFO] Bắt đầu phân tích ảnh...
2025-08-04 01:16:57,787 [INFO] Nhận pallet_infos: [('', 0.9), ('', 0.9), ('', 0.9), ('', 0.9), ('', 0.9), ('Other Labels', 0.9)]
2025-08-04 01:16:57,787 [INFO] Bắt đầu phân tích ảnh...
2025-08-04 01:16:58,375 [DEBUG] Kết quả detectLabel: label_image is None? False, rect_label: ((1257, 977), (2576, 2184)), confidence_detect: 0.9754891991615295
2025-08-04 01:16:58,609 [DEBUG] Kết quả classifiLabel: id=22, class_name=Label30, confidence_classify=0.9992080330848694
2025-08-04 01:16:58,609 [DEBUG] Xử lý nhãn đặc biệt: id=22, class_name=Label30
2025-08-04 01:16:59,256 [DEBUG] ['tesseract', 'C:\\Users\\quang\\AppData\\Local\\Temp\\tess_v7ksc_3w_input.PNG', 'C:\\Users\\quang\\AppData\\Local\\Temp\\tess_v7ksc_3w', '--oem', '3', '--psm', '8', '-l', 'eng', 'txt']
2025-08-04 01:16:59,409 [DEBUG] ['tesseract', 'C:\\Users\\quang\\AppData\\Local\\Temp\\tess_cb_qcygb_input.PNG', 'C:\\Users\\quang\\AppData\\Local\\Temp\\tess_cb_qcygb', '--oem', '3', '--psm', '7', '-l', 'jpn', 'txt']
2025-08-04 01:16:59,770 [DEBUG] Kết quả nhãn đặc biệt: class_name=Label49, confidence_ocr=0.96875
2025-08-04 01:16:59,770 [DEBUG] Kết quả _handle_special_labels: class_name=Label49, confidence_ocr=0.96875
2025-08-04 01:16:59,770 [INFO] Đã gán pallet_detected: A
2025-08-04 01:16:59,771 [INFO] Label phát hiện: Label49, Conf_detect: 0.9754891991615295, Conf_classify: 0.9992080330848694, Conf_ocr: 0.96875, Conf: 0.96875
2025-08-04 01:16:59,771 [INFO] Kết quả trả về UI: {'label_detected': 'Label49', 'pallet_detected': 'A', 'confidence': 0.96875, 'confidence_detect': 0.9754891991615295, 'confidence_classify': 0.9992080330848694, 'confidence_ocr': 0.96875, 'origin_image': array([[[73, 73, 73],
        [72, 72, 72],
        [75, 75, 75],
        ...,
        [75, 75, 75],
        [75, 75, 75],
        [72, 72, 72]],

       [[72, 72, 72],
        [77, 77, 77],
        [79, 79, 79],
        ...,
        [75, 75, 75],
        [75, 75, 75],
        [77, 77, 77]],

       [[70, 70, 70],
        [78, 78, 78],
        [79, 79, 79],
        ...,
        [71, 71, 71],
        [73, 73, 73],
        [77, 77, 77]],

       ...,

       [[71, 71, 71],
        [71, 71, 71],
        [73, 73, 73],
        ...,
        [68, 68, 68],
        [71, 71, 71],
        [73, 73, 73]],

       [[70, 70, 70],
        [71, 71, 71],
        [70, 70, 70],
        ...,
        [73, 73, 73],
        [73, 73, 73],
        [70, 70, 70]],

       [[76, 76, 76],
        [75, 75, 75],
        [71, 71, 71],
        ...,
        [73, 73, 73],
        [71, 71, 71],
        [67, 67, 67]]], dtype=uint8), 'label_image': array([[[105, 105, 105],
        [118, 118, 118],
        [130, 130, 130],
        ...,
        [116, 116, 116],
        [111, 111, 111],
        [111, 111, 111]],

       [[104, 104, 104],
        [118, 118, 118],
        [133, 133, 133],
        ...,
        [116, 116, 116],
        [110, 110, 110],
        [110, 110, 110]],

       [[105, 105, 105],
        [118, 118, 118],
        [132, 132, 132],
        ...,
        [117, 117, 117],
        [112, 112, 112],
        [111, 111, 111]],

       ...,

       [[104, 104, 104],
        [103, 103, 103],
        [103, 103, 103],
        ...,
        [117, 117, 117],
        [109, 109, 109],
        [103, 103, 103]],

       [[104, 104, 104],
        [103, 103, 103],
        [103, 103, 103],
        ...,
        [105, 105, 105],
        [101, 101, 101],
        [ 99,  99,  99]],

       [[104, 104, 104],
        [103, 103, 103],
        [103, 103, 103],
        ...,
        [ 95,  95,  95],
        [ 94,  94,  94],
        [ 95,  95,  95]]], dtype=uint8)}
2025-08-04 01:18:27,933 [INFO] Nhận pallet_infos: [('Label49', 0.9), ('', 0.9), ('', 0.9), ('', 0.9), ('', 0.9), ('Other Labels', 0.9)]
2025-08-04 01:18:27,933 [INFO] Bắt đầu phân tích ảnh...
2025-08-04 01:18:28,410 [DEBUG] Kết quả detectLabel: label_image is None? False, rect_label: ((1257, 977), (2576, 2184)), confidence_detect: 0.9754913449287415
2025-08-04 01:18:28,600 [DEBUG] Kết quả classifiLabel: id=22, class_name=Label30, confidence_classify=0.9990851879119873
2025-08-04 01:18:28,600 [DEBUG] Xử lý nhãn đặc biệt: id=22, class_name=Label30
2025-08-04 01:18:29,173 [DEBUG] ['tesseract', 'C:\\Users\\quang\\AppData\\Local\\Temp\\tess_ztw99iuu_input.PNG', 'C:\\Users\\quang\\AppData\\Local\\Temp\\tess_ztw99iuu', '--oem', '3', '--psm', '8', '-l', 'eng', 'txt']
2025-08-04 01:18:29,300 [DEBUG] ['tesseract', 'C:\\Users\\quang\\AppData\\Local\\Temp\\tess_0po6g9i9_input.PNG', 'C:\\Users\\quang\\AppData\\Local\\Temp\\tess_0po6g9i9', '--oem', '3', '--psm', '7', '-l', 'jpn', 'txt']
2025-08-04 01:18:29,576 [DEBUG] Kết quả nhãn đặc biệt: class_name=Label49, confidence_ocr=0.9516129032258064
2025-08-04 01:18:29,576 [DEBUG] Kết quả _handle_special_labels: class_name=Label49, confidence_ocr=0.9516129032258064
2025-08-04 01:18:29,577 [DEBUG] So sánh label_detected=Label49 với name=Label49, confidence=0.9516129032258064 >= thresh=0.9
2025-08-04 01:18:29,577 [INFO] Đã gán pallet_detected: A
2025-08-04 01:18:29,577 [INFO] Label phát hiện: Label49, Conf_detect: 0.9754913449287415, Conf_classify: 0.9990851879119873, Conf_ocr: 0.9516129032258064, Conf: 0.9516129032258064
2025-08-04 01:18:29,578 [INFO] Kết quả trả về UI: {'label_detected': 'Label49', 'pallet_detected': 'A', 'confidence': 0.9516129032258064, 'confidence_detect': 0.9754913449287415, 'confidence_classify': 0.9990851879119873, 'confidence_ocr': 0.9516129032258064, 'origin_image': array([[[73, 73, 73],
        [72, 72, 72],
        [75, 75, 75],
        ...,
        [75, 75, 75],
        [75, 75, 75],
        [72, 72, 72]],

       [[72, 72, 72],
        [77, 77, 77],
        [79, 79, 79],
        ...,
        [75, 75, 75],
        [75, 75, 75],
        [77, 77, 77]],

       [[70, 70, 70],
        [78, 78, 78],
        [79, 79, 79],
        ...,
        [71, 71, 71],
        [73, 73, 73],
        [77, 77, 77]],

       ...,

       [[71, 71, 71],
        [71, 71, 71],
        [73, 73, 73],
        ...,
        [68, 68, 68],
        [71, 71, 71],
        [73, 73, 73]],

       [[70, 70, 70],
        [71, 71, 71],
        [70, 70, 70],
        ...,
        [73, 73, 73],
        [73, 73, 73],
        [70, 70, 70]],

       [[76, 76, 76],
        [75, 75, 75],
        [71, 71, 71],
        ...,
        [73, 73, 73],
        [71, 71, 71],
        [67, 67, 67]]], dtype=uint8), 'label_image': array([[[105, 105, 105],
        [118, 118, 118],
        [130, 130, 130],
        ...,
        [116, 116, 116],
        [111, 111, 111],
        [111, 111, 111]],

       [[104, 104, 104],
        [118, 118, 118],
        [133, 133, 133],
        ...,
        [116, 116, 116],
        [110, 110, 110],
        [110, 110, 110]],

       [[105, 105, 105],
        [118, 118, 118],
        [132, 132, 132],
        ...,
        [117, 117, 117],
        [112, 112, 112],
        [111, 111, 111]],

       ...,

       [[104, 104, 104],
        [103, 103, 103],
        [103, 103, 103],
        ...,
        [117, 117, 117],
        [109, 109, 109],
        [103, 103, 103]],

       [[104, 104, 104],
        [103, 103, 103],
        [103, 103, 103],
        ...,
        [105, 105, 105],
        [101, 101, 101],
        [ 99,  99,  99]],

       [[104, 104, 104],
        [103, 103, 103],
        [103, 103, 103],
        ...,
        [ 95,  95,  95],
        [ 94,  94,  94],
        [ 95,  95,  95]]], dtype=uint8)}
2025-08-04 01:21:13,280 [INFO] Nhận pallet_infos: [('Label49', 0.9), ('', 0.9), ('', 0.9), ('', 0.9), ('', 0.9), ('Other Labels', 0.9)]
2025-08-04 01:21:13,280 [INFO] Bắt đầu phân tích ảnh...
2025-08-04 01:21:13,747 [DEBUG] Kết quả detectLabel: label_image is None? False, rect_label: ((1257, 977), (2576, 2184)), confidence_detect: 0.975493848323822
2025-08-04 01:21:13,922 [DEBUG] Kết quả classifiLabel: id=22, class_name=Label30, confidence_classify=0.9991124272346497
2025-08-04 01:21:13,922 [DEBUG] Xử lý nhãn đặc biệt: id=22, class_name=Label30
2025-08-04 01:21:14,435 [DEBUG] Kết quả nhãn đặc biệt: class_name=, confidence_ocr=0
2025-08-04 01:21:14,435 [DEBUG] Kết quả _handle_special_labels: class_name=, confidence_ocr=0
2025-08-04 01:21:14,435 [DEBUG] So sánh label_detected= với name=Label49, confidence=0 >= thresh=0.9
2025-08-04 01:21:14,436 [DEBUG] So sánh label_detected= với name=, confidence=0 >= thresh=0.9
2025-08-04 01:21:14,436 [DEBUG] So sánh label_detected= với name=, confidence=0 >= thresh=0.9
2025-08-04 01:21:14,436 [DEBUG] So sánh label_detected= với name=, confidence=0 >= thresh=0.9
2025-08-04 01:21:14,436 [DEBUG] So sánh label_detected= với name=, confidence=0 >= thresh=0.9
2025-08-04 01:21:14,436 [INFO] Label phát hiện: , Conf_detect: 0.975493848323822, Conf_classify: 0.9991124272346497, Conf_ocr: 0, Conf: 0
2025-08-04 01:21:14,437 [INFO] Kết quả trả về UI: {'label_detected': '', 'pallet_detected': 'F', 'confidence': 0, 'confidence_detect': 0.975493848323822, 'confidence_classify': 0.9991124272346497, 'confidence_ocr': 0, 'origin_image': array([[[73, 73, 73],
        [72, 72, 72],
        [75, 75, 75],
        ...,
        [75, 75, 75],
        [75, 75, 75],
        [72, 72, 72]],

       [[72, 72, 72],
        [77, 77, 77],
        [79, 79, 79],
        ...,
        [75, 75, 75],
        [75, 75, 75],
        [77, 77, 77]],

       [[70, 70, 70],
        [78, 78, 78],
        [79, 79, 79],
        ...,
        [71, 71, 71],
        [73, 73, 73],
        [77, 77, 77]],

       ...,

       [[71, 71, 71],
        [71, 71, 71],
        [73, 73, 73],
        ...,
        [68, 68, 68],
        [71, 71, 71],
        [73, 73, 73]],

       [[70, 70, 70],
        [71, 71, 71],
        [70, 70, 70],
        ...,
        [73, 73, 73],
        [73, 73, 73],
        [70, 70, 70]],

       [[76, 76, 76],
        [75, 75, 75],
        [71, 71, 71],
        ...,
        [73, 73, 73],
        [71, 71, 71],
        [67, 67, 67]]], dtype=uint8), 'label_image': array([[[0, 0, 0],
        [0, 0, 0],
        [0, 0, 0],
        ...,
        [0, 0, 0],
        [0, 0, 0],
        [0, 0, 0]],

       [[0, 0, 0],
        [0, 0, 0],
        [0, 0, 0],
        ...,
        [0, 0, 0],
        [0, 0, 0],
        [0, 0, 0]],

       [[0, 0, 0],
        [0, 0, 0],
        [0, 0, 0],
        ...,
        [0, 0, 0],
        [0, 0, 0],
        [0, 0, 0]],

       ...,

       [[0, 0, 0],
        [0, 0, 0],
        [0, 0, 0],
        ...,
        [0, 0, 0],
        [0, 0, 0],
        [0, 0, 0]],

       [[0, 0, 0],
        [0, 0, 0],
        [0, 0, 0],
        ...,
        [0, 0, 0],
        [0, 0, 0],
        [0, 0, 0]],

       [[0, 0, 0],
        [0, 0, 0],
        [0, 0, 0],
        ...,
        [0, 0, 0],
        [0, 0, 0],
        [0, 0, 0]]], dtype=uint8)}
2025-08-04 08:56:12,074 [INFO] Đã mở camera.
2025-08-04 08:59:48,580 [INFO] Nhận pallet_infos: [('', 0.9), ('', 0.9), ('', 0.9), ('', 0.9), ('', 0.9), ('Other Labels', 0.9)]
2025-08-04 08:59:48,580 [INFO] Bắt đầu phân tích ảnh...
2025-08-04 08:59:49,634 [DEBUG] Kết quả detectLabel: label_image is None? False, rect_label: ((1118, 907), (2796, 2248)), confidence_detect: 0.9702475666999817
2025-08-04 08:59:49,837 [DEBUG] Kết quả classifiLabel: id=38, class_name=Label45, confidence_classify=0.9999779462814331
2025-08-04 08:59:49,837 [DEBUG] Xử lý nhãn đặc biệt: id=38, class_name=Label45
2025-08-04 08:59:50,174 [DEBUG] ['tesseract', 'C:\\Users\\quang\\AppData\\Local\\Temp\\tess_54xj68uu_input.PNG', 'C:\\Users\\quang\\AppData\\Local\\Temp\\tess_54xj68uu', '--oem', '3', '--psm', '7', '-l', 'eng', 'txt']
2025-08-04 08:59:50,452 [DEBUG] Kết quả nhãn đặc biệt: class_name=Label73, confidence_ocr=0.9811320754716981
2025-08-04 08:59:50,453 [DEBUG] Kết quả _handle_special_labels: class_name=Label73, confidence_ocr=0.9811320754716981
2025-08-04 08:59:50,453 [INFO] Đã gán pallet_detected: A
2025-08-04 08:59:50,453 [INFO] Label phát hiện: Label73, Conf_detect: 0.9702475666999817, Conf_classify: 0.9999779462814331, Conf_ocr: 0.9811320754716981, Conf: 0.9811320754716981
2025-08-04 08:59:50,455 [INFO] Kết quả trả về UI: {'label_detected': 'Label73', 'pallet_detected': 'A', 'confidence': 0.9811320754716981, 'confidence_detect': 0.9702475666999817, 'confidence_classify': 0.9999779462814331, 'confidence_ocr': 0.9811320754716981, 'origin_image': array([[[88, 88, 88],
        [83, 83, 83],
        [83, 83, 83],
        ...,
        [86, 86, 86],
        [85, 85, 85],
        [80, 80, 80]],

       [[95, 95, 95],
        [93, 93, 93],
        [92, 92, 92],
        ...,
        [80, 80, 80],
        [78, 78, 78],
        [77, 77, 77]],

       [[90, 90, 90],
        [91, 91, 91],
        [91, 91, 91],
        ...,
        [77, 77, 77],
        [75, 75, 75],
        [77, 77, 77]],

       ...,

       [[87, 87, 87],
        [87, 87, 87],
        [88, 88, 88],
        ...,
        [89, 89, 89],
        [89, 89, 89],
        [86, 86, 86]],

       [[87, 87, 87],
        [83, 83, 83],
        [84, 84, 84],
        ...,
        [88, 88, 88],
        [87, 87, 87],
        [85, 85, 85]],

       [[90, 90, 90],
        [87, 87, 87],
        [83, 83, 83],
        ...,
        [86, 86, 86],
        [85, 85, 85],
        [89, 89, 89]]], dtype=uint8), 'label_image': array([[[  0,   0,   0],
        [  0,   0,   0],
        [  0,   0,   0],
        ...,
        [107, 107, 107],
        [107, 107, 107],
        [105, 105, 105]],

       [[107, 107, 107],
        [108, 108, 108],
        [110, 110, 110],
        ...,
        [105, 105, 105],
        [106, 106, 106],
        [105, 105, 105]],

       [[120, 120, 120],
        [124, 124, 124],
        [127, 127, 127],
        ...,
        [107, 107, 107],
        [108, 108, 108],
        [106, 106, 106]],

       ...,

       [[107, 107, 107],
        [111, 111, 111],
        [120, 120, 120],
        ...,
        [109, 109, 109],
        [108, 108, 108],
        [107, 107, 107]],

       [[105, 105, 105],
        [112, 112, 112],
        [118, 118, 118],
        ...,
        [109, 109, 109],
        [110, 110, 110],
        [107, 107, 107]],

       [[103, 103, 103],
        [111, 111, 111],
        [115, 115, 115],
        ...,
        [108, 108, 108],
        [105, 105, 105],
        [105, 105, 105]]], dtype=uint8)}
2025-08-04 10:39:38,788 [INFO] Nhận pallet_infos: [('', 0.9), ('', 0.9), ('', 0.9), ('', 0.9), ('', 0.9), ('Other label', 0.9)]
2025-08-04 10:39:38,791 [INFO] Bắt đầu phân tích ảnh...
2025-08-04 10:39:39,756 [DEBUG] Kết quả detectLabel: label_image is None? False, rect_label: ((1305, 774), (2805, 1884)), confidence_detect: 0.9679636359214783
2025-08-04 10:39:39,997 [DEBUG] Kết quả classifiLabel: id=39, class_name=Label46, confidence_classify=0.9991514682769775
2025-08-04 10:42:39,616 [INFO] Đã mở camera.
2025-08-04 10:42:46,556 [INFO] Nhận pallet_infos: [('', 0.9), ('', 0.9), ('', 0.9), ('', 0.9), ('', 0.9), ('Other label', 0.9)]
2025-08-04 10:42:46,556 [INFO] Bắt đầu phân tích ảnh...
2025-08-04 10:42:47,377 [DEBUG] Kết quả detectLabel: label_image is None? False, rect_label: ((1102, 525), (2606, 1658)), confidence_detect: 0.9675740003585815
2025-08-04 10:42:47,547 [DEBUG] Kết quả classifiLabel: id=38, class_name=Label45, confidence_classify=0.9999489784240723
2025-08-04 10:42:47,547 [DEBUG] Xử lý nhãn đặc biệt: id=38, class_name=Label45
2025-08-04 10:42:47,867 [DEBUG] ['tesseract', 'C:\\Users\\quang\\AppData\\Local\\Temp\\tess_d6xlxhvq_input.PNG', 'C:\\Users\\quang\\AppData\\Local\\Temp\\tess_d6xlxhvq', '--oem', '3', '--psm', '7', '-l', 'eng', 'txt']
2025-08-04 10:42:48,114 [DEBUG] Kết quả nhãn đặc biệt: class_name=Label73, confidence_ocr=0.9811320754716981
2025-08-04 10:42:48,114 [DEBUG] Kết quả _handle_special_labels: class_name=Label73, confidence_ocr=0.9811320754716981
2025-08-04 10:42:48,115 [INFO] Đã gán pallet_detected: A
2025-08-04 10:42:48,115 [INFO] Label phát hiện: Label73, Conf_detect: 0.9675740003585815, Conf_classify: 0.9999489784240723, Conf_ocr: 0.9811320754716981, Conf: 0.9811320754716981
2025-08-04 10:42:48,116 [INFO] Kết quả trả về UI: {'label_detected': 'Label73', 'pallet_detected': 'A', 'confidence': 0.9811320754716981, 'confidence_detect': 0.9675740003585815, 'confidence_classify': 0.9999489784240723, 'confidence_ocr': 0.9811320754716981, 'origin_image': array([[[87, 87, 87],
        [87, 87, 87],
        [89, 89, 89],
        ...,
        [72, 72, 72],
        [70, 70, 70],
        [76, 76, 76]],

       [[86, 86, 86],
        [86, 86, 86],
        [86, 86, 86],
        ...,
        [74, 74, 74],
        [73, 73, 73],
        [85, 85, 85]],

       [[87, 87, 87],
        [87, 87, 87],
        [87, 87, 87],
        ...,
        [71, 71, 71],
        [72, 72, 72],
        [86, 86, 86]],

       ...,

       [[85, 85, 85],
        [82, 82, 82],
        [85, 85, 85],
        ...,
        [75, 75, 75],
        [74, 74, 74],
        [78, 78, 78]],

       [[86, 86, 86],
        [82, 82, 82],
        [84, 84, 84],
        ...,
        [75, 75, 75],
        [74, 74, 74],
        [81, 81, 81]],

       [[80, 80, 80],
        [87, 87, 87],
        [85, 85, 85],
        ...,
        [80, 80, 80],
        [78, 78, 78],
        [73, 73, 73]]], dtype=uint8), 'label_image': array([[[119, 119, 119],
        [114, 114, 114],
        [115, 115, 115],
        ...,
        [119, 119, 119],
        [119, 119, 119],
        [123, 123, 123]],

       [[118, 118, 118],
        [116, 116, 116],
        [117, 117, 117],
        ...,
        [121, 121, 121],
        [120, 120, 120],
        [122, 122, 122]],

       [[119, 119, 119],
        [117, 117, 117],
        [118, 118, 118],
        ...,
        [123, 123, 123],
        [122, 122, 122],
        [123, 123, 123]],

       ...,

       [[122, 122, 122],
        [124, 124, 124],
        [130, 130, 130],
        ...,
        [140, 140, 140],
        [126, 126, 126],
        [122, 122, 122]],

       [[115, 115, 115],
        [116, 116, 116],
        [123, 123, 123],
        ...,
        [136, 136, 136],
        [124, 124, 124],
        [121, 121, 121]],

       [[111, 111, 111],
        [112, 112, 112],
        [119, 119, 119],
        ...,
        [132, 132, 132],
        [122, 122, 122],
        [121, 121, 121]]], dtype=uint8)}
2025-08-04 10:43:13,083 [INFO] Nhận pallet_infos: [('', 0.9), ('', 0.9), ('', 0.9), ('', 0.9), ('', 0.9), ('Other label', 0.9)]
2025-08-04 10:43:13,083 [INFO] Bắt đầu phân tích ảnh...
2025-08-04 10:43:13,752 [DEBUG] Kết quả detectLabel: label_image is None? False, rect_label: ((1100, 524), (2607, 1658)), confidence_detect: 0.967388391494751
2025-08-04 10:43:13,836 [DEBUG] Kết quả classifiLabel: id=38, class_name=Label45, confidence_classify=0.9999188184738159
2025-08-04 10:43:13,836 [DEBUG] Xử lý nhãn đặc biệt: id=38, class_name=Label45
2025-08-04 10:43:13,984 [DEBUG] ['tesseract', 'C:\\Users\\quang\\AppData\\Local\\Temp\\tess_i_ga99pz_input.PNG', 'C:\\Users\\quang\\AppData\\Local\\Temp\\tess_i_ga99pz', '--oem', '3', '--psm', '7', '-l', 'eng', 'txt']
2025-08-04 10:43:14,130 [DEBUG] Kết quả nhãn đặc biệt: class_name=Label73, confidence_ocr=0.9811320754716981
2025-08-04 10:43:14,130 [DEBUG] Kết quả _handle_special_labels: class_name=Label73, confidence_ocr=0.9811320754716981
2025-08-04 10:43:14,131 [INFO] Đã gán pallet_detected: A
2025-08-04 10:43:14,132 [INFO] Label phát hiện: Label73, Conf_detect: 0.967388391494751, Conf_classify: 0.9999188184738159, Conf_ocr: 0.9811320754716981, Conf: 0.9811320754716981
2025-08-04 10:43:14,133 [INFO] Kết quả trả về UI: {'label_detected': 'Label73', 'pallet_detected': 'A', 'confidence': 0.9811320754716981, 'confidence_detect': 0.967388391494751, 'confidence_classify': 0.9999188184738159, 'confidence_ocr': 0.9811320754716981, 'origin_image': array([[[88, 88, 88],
        [91, 91, 91],
        [88, 88, 88],
        ...,
        [81, 81, 81],
        [80, 80, 80],
        [80, 80, 80]],

       [[86, 86, 86],
        [91, 91, 91],
        [90, 90, 90],
        ...,
        [83, 83, 83],
        [82, 82, 82],
        [81, 81, 81]],

       [[86, 86, 86],
        [91, 91, 91],
        [91, 91, 91],
        ...,
        [83, 83, 83],
        [83, 83, 83],
        [78, 78, 78]],

       ...,

       [[83, 83, 83],
        [85, 85, 85],
        [86, 86, 86],
        ...,
        [76, 76, 76],
        [75, 75, 75],
        [77, 77, 77]],

       [[83, 83, 83],
        [83, 83, 83],
        [84, 84, 84],
        ...,
        [75, 75, 75],
        [74, 74, 74],
        [77, 77, 77]],

       [[87, 87, 87],
        [84, 84, 84],
        [82, 82, 82],
        ...,
        [85, 85, 85],
        [82, 82, 82],
        [74, 74, 74]]], dtype=uint8), 'label_image': array([[[120, 120, 120],
        [117, 117, 117],
        [117, 117, 117],
        ...,
        [123, 123, 123],
        [122, 122, 122],
        [123, 123, 123]],

       [[116, 116, 116],
        [116, 116, 116],
        [116, 116, 116],
        ...,
        [124, 124, 124],
        [122, 122, 122],
        [122, 122, 122]],

       [[118, 118, 118],
        [117, 117, 117],
        [117, 117, 117],
        ...,
        [128, 128, 128],
        [125, 125, 125],
        [121, 121, 121]],

       ...,

       [[134, 134, 134],
        [143, 143, 143],
        [154, 154, 154],
        ...,
        [137, 137, 137],
        [127, 127, 127],
        [127, 127, 127]],

       [[134, 134, 134],
        [141, 141, 141],
        [151, 151, 151],
        ...,
        [137, 137, 137],
        [128, 128, 128],
        [127, 127, 127]],

       [[132, 132, 132],
        [138, 138, 138],
        [148, 148, 148],
        ...,
        [132, 132, 132],
        [122, 122, 122],
        [121, 121, 121]]], dtype=uint8)}
2025-08-04 10:51:40,401 [INFO] Nhận pallet_infos: [('', 0.9), ('', 0.9), ('', 0.9), ('', 0.9), ('', 0.9), ('Other label', 0.9)]
2025-08-04 10:51:40,403 [INFO] Bắt đầu phân tích ảnh...
2025-08-04 10:51:41,099 [DEBUG] Kết quả detectLabel: label_image is None? False, rect_label: ((1095, 524), (2607, 1658)), confidence_detect: 0.9671396017074585
2025-08-04 10:51:41,193 [DEBUG] Kết quả classifiLabel: id=38, class_name=Label45, confidence_classify=0.9999713897705078
2025-08-04 10:51:41,193 [DEBUG] Xử lý nhãn đặc biệt: id=38, class_name=Label45
2025-08-04 10:51:41,348 [DEBUG] ['tesseract', 'C:\\Users\\quang\\AppData\\Local\\Temp\\tess_k8cynl7d_input.PNG', 'C:\\Users\\quang\\AppData\\Local\\Temp\\tess_k8cynl7d', '--oem', '3', '--psm', '7', '-l', 'eng', 'txt']
2025-08-04 10:51:41,536 [DEBUG] Kết quả nhãn đặc biệt: class_name=Label73, confidence_ocr=0.9811320754716981
2025-08-04 10:51:41,536 [DEBUG] Kết quả _handle_special_labels: class_name=Label73, confidence_ocr=0.9811320754716981
2025-08-04 10:51:41,536 [INFO] Đã gán pallet_detected: A
2025-08-04 10:51:41,537 [INFO] Label phát hiện: Label73, Conf_detect: 0.9671396017074585, Conf_classify: 0.9999713897705078, Conf_ocr: 0.9811320754716981, Conf: 0.9811320754716981
2025-08-04 10:51:41,538 [INFO] Kết quả trả về UI: {'label_detected': 'Label73', 'pallet_detected': 'A', 'confidence': 0.9811320754716981, 'confidence_detect': 0.9671396017074585, 'confidence_classify': 0.9999713897705078, 'confidence_ocr': 0.9811320754716981, 'origin_image': array([[[92, 92, 92],
        [91, 91, 91],
        [91, 91, 91],
        ...,
        [72, 72, 72],
        [72, 72, 72],
        [77, 77, 77]],

       [[94, 94, 94],
        [85, 85, 85],
        [85, 85, 85],
        ...,
        [80, 80, 80],
        [81, 81, 81],
        [87, 87, 87]],

       [[90, 90, 90],
        [85, 85, 85],
        [85, 85, 85],
        ...,
        [81, 81, 81],
        [82, 82, 82],
        [86, 86, 86]],

       ...,

       [[81, 81, 81],
        [82, 82, 82],
        [82, 82, 82],
        ...,
        [81, 81, 81],
        [83, 83, 83],
        [83, 83, 83]],

       [[78, 78, 78],
        [83, 83, 83],
        [83, 83, 83],
        ...,
        [81, 81, 81],
        [83, 83, 83],
        [80, 80, 80]],

       [[83, 83, 83],
        [83, 83, 83],
        [82, 82, 82],
        ...,
        [85, 85, 85],
        [86, 86, 86],
        [82, 82, 82]]], dtype=uint8), 'label_image': array([[[116, 116, 116],
        [119, 119, 119],
        [121, 121, 121],
        ...,
        [123, 123, 123],
        [122, 122, 122],
        [122, 122, 122]],

       [[116, 116, 116],
        [118, 118, 118],
        [119, 119, 119],
        ...,
        [124, 124, 124],
        [123, 123, 123],
        [123, 123, 123]],

       [[118, 118, 118],
        [118, 118, 118],
        [118, 118, 118],
        ...,
        [124, 124, 124],
        [124, 124, 124],
        [123, 123, 123]],

       ...,

       [[128, 128, 128],
        [139, 139, 139],
        [149, 149, 149],
        ...,
        [139, 139, 139],
        [128, 128, 128],
        [120, 120, 120]],

       [[128, 128, 128],
        [139, 139, 139],
        [148, 148, 148],
        ...,
        [138, 138, 138],
        [128, 128, 128],
        [120, 120, 120]],

       [[127, 127, 127],
        [137, 137, 137],
        [146, 146, 146],
        ...,
        [135, 135, 135],
        [127, 127, 127],
        [121, 121, 121]]], dtype=uint8)}
2025-08-04 10:53:44,421 [INFO] Nhận pallet_infos: [('', 0.9), ('', 0.9), ('', 0.9), ('', 0.9), ('', 0.9), ('Other label', 0.9)]
2025-08-04 10:53:44,422 [INFO] Bắt đầu phân tích ảnh...
2025-08-04 10:53:45,108 [DEBUG] Kết quả detectLabel: label_image is None? False, rect_label: ((1094, 524), (2608, 1659)), confidence_detect: 0.9672645926475525
2025-08-04 10:53:45,196 [DEBUG] Kết quả classifiLabel: id=38, class_name=Label45, confidence_classify=0.9999622106552124
2025-08-04 10:53:45,196 [DEBUG] Xử lý nhãn đặc biệt: id=38, class_name=Label45
2025-08-04 10:53:45,346 [DEBUG] ['tesseract', 'C:\\Users\\quang\\AppData\\Local\\Temp\\tess_v_dg8d1a_input.PNG', 'C:\\Users\\quang\\AppData\\Local\\Temp\\tess_v_dg8d1a', '--oem', '3', '--psm', '7', '-l', 'eng', 'txt']
2025-08-04 10:53:45,497 [DEBUG] Kết quả nhãn đặc biệt: class_name=Label73, confidence_ocr=0.9811320754716981
2025-08-04 10:53:45,498 [DEBUG] Kết quả _handle_special_labels: class_name=Label73, confidence_ocr=0.9811320754716981
2025-08-04 10:53:45,498 [INFO] Đã gán pallet_detected: A
2025-08-04 10:53:45,499 [INFO] Label phát hiện: Label73, Conf_detect: 0.9672645926475525, Conf_classify: 0.9999622106552124, Conf_ocr: 0.9811320754716981, Conf: 0.9811320754716981
2025-08-04 10:53:45,500 [INFO] Kết quả trả về UI: {'label_detected': 'Label73', 'pallet_detected': 'A', 'confidence': 0.9811320754716981, 'confidence_detect': 0.9672645926475525, 'confidence_classify': 0.9999622106552124, 'confidence_ocr': 0.9811320754716981, 'origin_image': array([[[87, 87, 87],
        [91, 91, 91],
        [90, 90, 90],
        ...,
        [82, 82, 82],
        [80, 80, 80],
        [77, 77, 77]],

       [[92, 92, 92],
        [86, 86, 86],
        [87, 87, 87],
        ...,
        [82, 82, 82],
        [81, 81, 81],
        [83, 83, 83]],

       [[91, 91, 91],
        [85, 85, 85],
        [85, 85, 85],
        ...,
        [81, 81, 81],
        [81, 81, 81],
        [82, 82, 82]],

       ...,

       [[86, 86, 86],
        [84, 84, 84],
        [86, 86, 86],
        ...,
        [79, 79, 79],
        [80, 80, 80],
        [82, 82, 82]],

       [[86, 86, 86],
        [84, 84, 84],
        [84, 84, 84],
        ...,
        [78, 78, 78],
        [78, 78, 78],
        [83, 83, 83]],

       [[83, 83, 83],
        [88, 88, 88],
        [86, 86, 86],
        ...,
        [80, 80, 80],
        [80, 80, 80],
        [84, 84, 84]]], dtype=uint8), 'label_image': array([[[119, 119, 119],
        [119, 119, 119],
        [120, 120, 120],
        ...,
        [122, 122, 122],
        [126, 126, 126],
        [125, 125, 125]],

       [[119, 119, 119],
        [119, 119, 119],
        [120, 120, 120],
        ...,
        [123, 123, 123],
        [127, 127, 127],
        [127, 127, 127]],

       [[120, 120, 120],
        [120, 120, 120],
        [119, 119, 119],
        ...,
        [125, 125, 125],
        [126, 126, 126],
        [125, 125, 125]],

       ...,

       [[120, 120, 120],
        [139, 139, 139],
        [148, 148, 148],
        ...,
        [135, 135, 135],
        [126, 126, 126],
        [118, 118, 118]],

       [[121, 121, 121],
        [140, 140, 140],
        [147, 147, 147],
        ...,
        [132, 132, 132],
        [125, 125, 125],
        [120, 120, 120]],

       [[120, 120, 120],
        [140, 140, 140],
        [145, 145, 145],
        ...,
        [130, 130, 130],
        [123, 123, 123],
        [118, 118, 118]]], dtype=uint8)}
2025-08-04 10:58:17,522 [INFO] Nhận pallet_infos: [('', 0.9), ('', 0.9), ('', 0.9), ('', 0.9), ('', 0.9), ('Other label', 0.9)]
2025-08-04 10:58:17,522 [INFO] Bắt đầu phân tích ảnh...
2025-08-04 10:58:18,195 [DEBUG] Kết quả detectLabel: label_image is None? False, rect_label: ((1094, 524), (2608, 1659)), confidence_detect: 0.967341423034668
2025-08-04 10:58:18,279 [DEBUG] Kết quả classifiLabel: id=38, class_name=Label45, confidence_classify=0.9999631643295288
2025-08-04 10:58:18,280 [DEBUG] Xử lý nhãn đặc biệt: id=38, class_name=Label45
2025-08-04 10:58:18,423 [DEBUG] ['tesseract', 'C:\\Users\\quang\\AppData\\Local\\Temp\\tess_px98_mj6_input.PNG', 'C:\\Users\\quang\\AppData\\Local\\Temp\\tess_px98_mj6', '--oem', '3', '--psm', '7', '-l', 'eng', 'txt']
2025-08-04 10:58:18,569 [DEBUG] Kết quả nhãn đặc biệt: class_name=Label73, confidence_ocr=0.9811320754716981
2025-08-04 10:58:18,569 [DEBUG] Kết quả _handle_special_labels: class_name=Label73, confidence_ocr=0.9811320754716981
2025-08-04 10:58:18,570 [INFO] Đã gán pallet_detected: A
2025-08-04 10:58:18,570 [INFO] Label phát hiện: Label73, Conf_detect: 0.967341423034668, Conf_classify: 0.9999631643295288, Conf_ocr: 0.9811320754716981, Conf: 0.9811320754716981
2025-08-04 10:58:18,571 [INFO] Kết quả trả về UI: {'label_detected': 'Label73', 'pallet_detected': 'A', 'confidence': 0.9811320754716981, 'confidence_detect': 0.967341423034668, 'confidence_classify': 0.9999631643295288, 'confidence_ocr': 0.9811320754716981, 'origin_image': array([[[87, 87, 87],
        [90, 90, 90],
        [89, 89, 89],
        ...,
        [80, 80, 80],
        [83, 83, 83],
        [87, 87, 87]],

       [[89, 89, 89],
        [94, 94, 94],
        [94, 94, 94],
        ...,
        [79, 79, 79],
        [78, 78, 78],
        [85, 85, 85]],

       [[88, 88, 88],
        [94, 94, 94],
        [93, 93, 93],
        ...,
        [78, 78, 78],
        [76, 76, 76],
        [86, 86, 86]],

       ...,

       [[89, 89, 89],
        [85, 85, 85],
        [82, 82, 82],
        ...,
        [81, 81, 81],
        [82, 82, 82],
        [79, 79, 79]],

       [[86, 86, 86],
        [85, 85, 85],
        [83, 83, 83],
        ...,
        [78, 78, 78],
        [80, 80, 80],
        [79, 79, 79]],

       [[80, 80, 80],
        [78, 78, 78],
        [78, 78, 78],
        ...,
        [78, 78, 78],
        [79, 79, 79],
        [83, 83, 83]]], dtype=uint8), 'label_image': array([[[115, 115, 115],
        [115, 115, 115],
        [117, 117, 117],
        ...,
        [125, 125, 125],
        [123, 123, 123],
        [124, 124, 124]],

       [[115, 115, 115],
        [115, 115, 115],
        [116, 116, 116],
        ...,
        [123, 123, 123],
        [123, 123, 123],
        [123, 123, 123]],

       [[116, 116, 116],
        [115, 115, 115],
        [114, 114, 114],
        ...,
        [122, 122, 122],
        [123, 123, 123],
        [122, 122, 122]],

       ...,

       [[122, 122, 122],
        [137, 137, 137],
        [144, 144, 144],
        ...,
        [145, 145, 145],
        [134, 134, 134],
        [128, 128, 128]],

       [[122, 122, 122],
        [137, 137, 137],
        [144, 144, 144],
        ...,
        [145, 145, 145],
        [132, 132, 132],
        [127, 127, 127]],

       [[121, 121, 121],
        [136, 136, 136],
        [144, 144, 144],
        ...,
        [143, 143, 143],
        [128, 128, 128],
        [125, 125, 125]]], dtype=uint8)}
2025-08-04 10:59:37,348 [INFO] Nhận pallet_infos: [('', 0.9), ('', 0.9), ('', 0.9), ('', 0.9), ('', 0.9), ('Other label', 0.9)]
2025-08-04 10:59:37,349 [INFO] Bắt đầu phân tích ảnh...
2025-08-04 10:59:38,014 [DEBUG] Kết quả detectLabel: label_image is None? False, rect_label: ((1094, 524), (2608, 1658)), confidence_detect: 0.9672063589096069
2025-08-04 10:59:38,097 [DEBUG] Kết quả classifiLabel: id=38, class_name=Label45, confidence_classify=0.9999649524688721
2025-08-04 10:59:38,098 [DEBUG] Xử lý nhãn đặc biệt: id=38, class_name=Label45
2025-08-04 10:59:38,242 [DEBUG] ['tesseract', 'C:\\Users\\quang\\AppData\\Local\\Temp\\tess_4a5v1qdt_input.PNG', 'C:\\Users\\quang\\AppData\\Local\\Temp\\tess_4a5v1qdt', '--oem', '3', '--psm', '7', '-l', 'eng', 'txt']
2025-08-04 10:59:38,379 [DEBUG] Kết quả nhãn đặc biệt: class_name=Label73, confidence_ocr=0.9811320754716981
2025-08-04 10:59:38,380 [DEBUG] Kết quả _handle_special_labels: class_name=Label73, confidence_ocr=0.9811320754716981
2025-08-04 10:59:38,380 [INFO] Đã gán pallet_detected: A
2025-08-04 10:59:38,381 [INFO] Label phát hiện: Label73, Conf_detect: 0.9672063589096069, Conf_classify: 0.9999649524688721, Conf_ocr: 0.9811320754716981, Conf: 0.9811320754716981
2025-08-04 10:59:38,381 [INFO] Kết quả trả về UI: {'label_detected': 'Label73', 'pallet_detected': 'A', 'confidence': 0.9811320754716981, 'confidence_detect': 0.9672063589096069, 'confidence_classify': 0.9999649524688721, 'confidence_ocr': 0.9811320754716981, 'origin_image': array([[[90, 90, 90],
        [88, 88, 88],
        [89, 89, 89],
        ...,
        [77, 77, 77],
        [77, 77, 77],
        [77, 77, 77]],

       [[87, 87, 87],
        [89, 89, 89],
        [91, 91, 91],
        ...,
        [82, 82, 82],
        [83, 83, 83],
        [79, 79, 79]],

       [[88, 88, 88],
        [88, 88, 88],
        [89, 89, 89],
        ...,
        [81, 81, 81],
        [83, 83, 83],
        [80, 80, 80]],

       ...,

       [[81, 81, 81],
        [82, 82, 82],
        [82, 82, 82],
        ...,
        [77, 77, 77],
        [77, 77, 77],
        [81, 81, 81]],

       [[78, 78, 78],
        [82, 82, 82],
        [81, 81, 81],
        ...,
        [77, 77, 77],
        [77, 77, 77],
        [83, 83, 83]],

       [[82, 82, 82],
        [83, 83, 83],
        [85, 85, 85],
        ...,
        [78, 78, 78],
        [78, 78, 78],
        [85, 85, 85]]], dtype=uint8), 'label_image': array([[[120, 120, 120],
        [120, 120, 120],
        [117, 117, 117],
        ...,
        [123, 123, 123],
        [124, 124, 124],
        [124, 124, 124]],

       [[120, 120, 120],
        [120, 120, 120],
        [118, 118, 118],
        ...,
        [123, 123, 123],
        [124, 124, 124],
        [123, 123, 123]],

       [[119, 119, 119],
        [119, 119, 119],
        [118, 118, 118],
        ...,
        [123, 123, 123],
        [121, 121, 121],
        [120, 120, 120]],

       ...,

       [[124, 124, 124],
        [139, 139, 139],
        [147, 147, 147],
        ...,
        [129, 129, 129],
        [122, 122, 122],
        [118, 118, 118]],

       [[123, 123, 123],
        [138, 138, 138],
        [146, 146, 146],
        ...,
        [129, 129, 129],
        [123, 123, 123],
        [118, 118, 118]],

       [[122, 122, 122],
        [136, 136, 136],
        [144, 144, 144],
        ...,
        [126, 126, 126],
        [121, 121, 121],
        [118, 118, 118]]], dtype=uint8)}
2025-08-04 11:00:12,069 [INFO] Nhận pallet_infos: [('', 0.9), ('', 0.9), ('', 0.9), ('', 0.9), ('', 0.9), ('Other label', 0.9)]
2025-08-04 11:00:12,070 [INFO] Bắt đầu phân tích ảnh...
2025-08-04 11:00:12,730 [DEBUG] Kết quả detectLabel: label_image is None? False, rect_label: ((1095, 525), (2608, 1658)), confidence_detect: 0.9673011898994446
2025-08-04 11:00:12,814 [DEBUG] Kết quả classifiLabel: id=38, class_name=Label45, confidence_classify=0.9999632835388184
2025-08-04 11:00:12,814 [DEBUG] Xử lý nhãn đặc biệt: id=38, class_name=Label45
2025-08-04 11:00:12,961 [DEBUG] ['tesseract', 'C:\\Users\\quang\\AppData\\Local\\Temp\\tess_kp3tr9mx_input.PNG', 'C:\\Users\\quang\\AppData\\Local\\Temp\\tess_kp3tr9mx', '--oem', '3', '--psm', '7', '-l', 'eng', 'txt']
2025-08-04 11:00:13,103 [DEBUG] Kết quả nhãn đặc biệt: class_name=Label73, confidence_ocr=0.9811320754716981
2025-08-04 11:00:13,103 [DEBUG] Kết quả _handle_special_labels: class_name=Label73, confidence_ocr=0.9811320754716981
2025-08-04 11:00:13,104 [INFO] Đã gán pallet_detected: A
2025-08-04 11:00:13,104 [INFO] Label phát hiện: Label73, Conf_detect: 0.9673011898994446, Conf_classify: 0.9999632835388184, Conf_ocr: 0.9811320754716981, Conf: 0.9811320754716981
2025-08-04 11:00:13,105 [INFO] Kết quả trả về UI: {'label_detected': 'Label73', 'pallet_detected': 'A', 'confidence': 0.9811320754716981, 'confidence_detect': 0.9673011898994446, 'confidence_classify': 0.9999632835388184, 'confidence_ocr': 0.9811320754716981, 'origin_image': array([[[86, 86, 86],
        [88, 88, 88],
        [87, 87, 87],
        ...,
        [76, 76, 76],
        [75, 75, 75],
        [77, 77, 77]],

       [[89, 89, 89],
        [87, 87, 87],
        [83, 83, 83],
        ...,
        [81, 81, 81],
        [79, 79, 79],
        [74, 74, 74]],

       [[88, 88, 88],
        [87, 87, 87],
        [86, 86, 86],
        ...,
        [80, 80, 80],
        [79, 79, 79],
        [75, 75, 75]],

       ...,

       [[81, 81, 81],
        [77, 77, 77],
        [77, 77, 77],
        ...,
        [80, 80, 80],
        [79, 79, 79],
        [82, 82, 82]],

       [[79, 79, 79],
        [76, 76, 76],
        [77, 77, 77],
        ...,
        [78, 78, 78],
        [80, 80, 80],
        [85, 85, 85]],

       [[80, 80, 80],
        [81, 81, 81],
        [80, 80, 80],
        ...,
        [83, 83, 83],
        [89, 89, 89],
        [86, 86, 86]]], dtype=uint8), 'label_image': array([[[121, 121, 121],
        [120, 120, 120],
        [120, 120, 120],
        ...,
        [120, 120, 120],
        [119, 119, 119],
        [121, 121, 121]],

       [[122, 122, 122],
        [120, 120, 120],
        [121, 121, 121],
        ...,
        [123, 123, 123],
        [118, 118, 118],
        [120, 120, 120]],

       [[118, 118, 118],
        [119, 119, 119],
        [121, 121, 121],
        ...,
        [124, 124, 124],
        [120, 120, 120],
        [122, 122, 122]],

       ...,

       [[121, 121, 121],
        [136, 136, 136],
        [144, 144, 144],
        ...,
        [129, 129, 129],
        [127, 127, 127],
        [116, 116, 116]],

       [[120, 120, 120],
        [135, 135, 135],
        [142, 142, 142],
        ...,
        [128, 128, 128],
        [125, 125, 125],
        [119, 119, 119]],

       [[119, 119, 119],
        [133, 133, 133],
        [142, 142, 142],
        ...,
        [128, 128, 128],
        [124, 124, 124],
        [120, 120, 120]]], dtype=uint8)}
2025-08-04 11:01:55,896 [INFO] Đã mở camera.
2025-08-04 11:02:07,565 [INFO] Đã mở camera.
2025-08-04 11:04:56,007 [INFO] Nhận pallet_infos: [('', 0.9), ('', 0.9), ('', 0.9), ('', 0.9), ('', 0.9), ('Other label', 0.9)]
2025-08-04 11:04:56,008 [INFO] Bắt đầu phân tích ảnh...
2025-08-04 11:04:56,786 [DEBUG] Kết quả detectLabel: label_image is None? False, rect_label: ((1094, 525), (2609, 1659)), confidence_detect: 0.9673735499382019
2025-08-04 11:04:56,954 [DEBUG] Kết quả classifiLabel: id=38, class_name=Label45, confidence_classify=0.9999737739562988
2025-08-04 11:04:56,955 [DEBUG] Xử lý nhãn đặc biệt: id=38, class_name=Label45
2025-08-04 11:04:57,241 [DEBUG] ['tesseract', 'C:\\Users\\quang\\AppData\\Local\\Temp\\tess_cc0oxyn6_input.PNG', 'C:\\Users\\quang\\AppData\\Local\\Temp\\tess_cc0oxyn6', '--oem', '3', '--psm', '7', '-l', 'eng', 'txt']
2025-08-04 11:04:57,386 [DEBUG] Kết quả nhãn đặc biệt: class_name=Label73, confidence_ocr=0.9811320754716981
2025-08-04 11:04:57,386 [DEBUG] Kết quả _handle_special_labels: class_name=Label73, confidence_ocr=0.9811320754716981
2025-08-04 11:04:57,387 [INFO] Đã gán pallet_detected: A
2025-08-04 11:04:57,387 [INFO] Label phát hiện: Label73, Conf_detect: 0.9673735499382019, Conf_classify: 0.9999737739562988, Conf_ocr: 0.9811320754716981, Conf: 0.9811320754716981
2025-08-04 11:04:57,388 [INFO] Kết quả trả về UI: {'label_detected': 'Label73', 'pallet_detected': 'A', 'confidence': 0.9811320754716981, 'confidence_detect': 0.9673735499382019, 'confidence_classify': 0.9999737739562988, 'confidence_ocr': 0.9811320754716981, 'origin_image': array([[[87, 87, 87],
        [96, 96, 96],
        [95, 95, 95],
        ...,
        [77, 77, 77],
        [76, 76, 76],
        [82, 82, 82]],

       [[89, 89, 89],
        [92, 92, 92],
        [93, 93, 93],
        ...,
        [82, 82, 82],
        [80, 80, 80],
        [78, 78, 78]],

       [[88, 88, 88],
        [90, 90, 90],
        [93, 93, 93],
        ...,
        [81, 81, 81],
        [80, 80, 80],
        [75, 75, 75]],

       ...,

       [[88, 88, 88],
        [80, 80, 80],
        [81, 81, 81],
        ...,
        [84, 84, 84],
        [84, 84, 84],
        [87, 87, 87]],

       [[85, 85, 85],
        [80, 80, 80],
        [80, 80, 80],
        ...,
        [83, 83, 83],
        [84, 84, 84],
        [85, 85, 85]],

       [[85, 85, 85],
        [87, 87, 87],
        [87, 87, 87],
        ...,
        [84, 84, 84],
        [83, 83, 83],
        [79, 79, 79]]], dtype=uint8), 'label_image': array([[[118, 118, 118],
        [119, 119, 119],
        [118, 118, 118],
        ...,
        [120, 120, 120],
        [122, 122, 122],
        [123, 123, 123]],

       [[118, 118, 118],
        [114, 114, 114],
        [113, 113, 113],
        ...,
        [124, 124, 124],
        [125, 125, 125],
        [125, 125, 125]],

       [[118, 118, 118],
        [113, 113, 113],
        [113, 113, 113],
        ...,
        [124, 124, 124],
        [125, 125, 125],
        [126, 126, 126]],

       ...,

       [[124, 124, 124],
        [135, 135, 135],
        [146, 146, 146],
        ...,
        [127, 127, 127],
        [119, 119, 119],
        [117, 117, 117]],

       [[121, 121, 121],
        [134, 134, 134],
        [145, 145, 145],
        ...,
        [127, 127, 127],
        [120, 120, 120],
        [118, 118, 118]],

       [[122, 122, 122],
        [134, 134, 134],
        [144, 144, 144],
        ...,
        [127, 127, 127],
        [122, 122, 122],
        [119, 119, 119]]], dtype=uint8)}
2025-08-04 11:05:31,695 [INFO] Nhận pallet_infos: [('', 0.9), ('', 0.9), ('', 0.9), ('', 0.9), ('', 0.9), ('Other label', 0.9)]
2025-08-04 11:05:31,695 [INFO] Bắt đầu phân tích ảnh...
2025-08-04 11:05:32,357 [DEBUG] Kết quả detectLabel: label_image is None? False, rect_label: ((1094, 524), (2607, 1660)), confidence_detect: 0.9671430587768555
2025-08-04 11:05:32,458 [DEBUG] Kết quả classifiLabel: id=38, class_name=Label45, confidence_classify=0.9999699592590332
2025-08-04 11:05:32,458 [DEBUG] Xử lý nhãn đặc biệt: id=38, class_name=Label45
2025-08-04 11:05:32,609 [DEBUG] ['tesseract', 'C:\\Users\\quang\\AppData\\Local\\Temp\\tess_iontzppb_input.PNG', 'C:\\Users\\quang\\AppData\\Local\\Temp\\tess_iontzppb', '--oem', '3', '--psm', '7', '-l', 'eng', 'txt']
2025-08-04 11:05:32,760 [DEBUG] Kết quả nhãn đặc biệt: class_name=Label73, confidence_ocr=0.9811320754716981
2025-08-04 11:05:32,760 [DEBUG] Kết quả _handle_special_labels: class_name=Label73, confidence_ocr=0.9811320754716981
2025-08-04 11:05:32,761 [INFO] Đã gán pallet_detected: A
2025-08-04 11:05:32,761 [INFO] Label phát hiện: Label73, Conf_detect: 0.9671430587768555, Conf_classify: 0.9999699592590332, Conf_ocr: 0.9811320754716981, Conf: 0.9811320754716981
2025-08-04 11:05:32,762 [INFO] Kết quả trả về UI: {'label_detected': 'Label73', 'pallet_detected': 'A', 'confidence': 0.9811320754716981, 'confidence_detect': 0.9671430587768555, 'confidence_classify': 0.9999699592590332, 'confidence_ocr': 0.9811320754716981, 'origin_image': array([[[91, 91, 91],
        [89, 89, 89],
        [88, 88, 88],
        ...,
        [80, 80, 80],
        [80, 80, 80],
        [75, 75, 75]],

       [[84, 84, 84],
        [89, 89, 89],
        [88, 88, 88],
        ...,
        [81, 81, 81],
        [81, 81, 81],
        [87, 87, 87]],

       [[83, 83, 83],
        [88, 88, 88],
        [87, 87, 87],
        ...,
        [78, 78, 78],
        [78, 78, 78],
        [87, 87, 87]],

       ...,

       [[84, 84, 84],
        [82, 82, 82],
        [83, 83, 83],
        ...,
        [82, 82, 82],
        [81, 81, 81],
        [84, 84, 84]],

       [[83, 83, 83],
        [80, 80, 80],
        [81, 81, 81],
        ...,
        [81, 81, 81],
        [81, 81, 81],
        [82, 82, 82]],

       [[87, 87, 87],
        [86, 86, 86],
        [83, 83, 83],
        ...,
        [82, 82, 82],
        [83, 83, 83],
        [82, 82, 82]]], dtype=uint8), 'label_image': array([[[114, 114, 114],
        [116, 116, 116],
        [117, 117, 117],
        ...,
        [121, 121, 121],
        [121, 121, 121],
        [122, 122, 122]],

       [[116, 116, 116],
        [117, 117, 117],
        [118, 118, 118],
        ...,
        [121, 121, 121],
        [123, 123, 123],
        [125, 125, 125]],

       [[115, 115, 115],
        [118, 118, 118],
        [121, 121, 121],
        ...,
        [122, 122, 122],
        [122, 122, 122],
        [121, 121, 121]],

       ...,

       [[128, 128, 128],
        [140, 140, 140],
        [149, 149, 149],
        ...,
        [139, 139, 139],
        [128, 128, 128],
        [120, 120, 120]],

       [[128, 128, 128],
        [140, 140, 140],
        [149, 149, 149],
        ...,
        [139, 139, 139],
        [128, 128, 128],
        [121, 121, 121]],

       [[127, 127, 127],
        [140, 140, 140],
        [149, 149, 149],
        ...,
        [138, 138, 138],
        [129, 129, 129],
        [124, 124, 124]]], dtype=uint8)}
2025-08-04 11:06:22,576 [INFO] Nhận pallet_infos: [('', 0.9), ('', 0.9), ('', 0.9), ('', 0.9), ('', 0.9), ('Other label', 0.9)]
2025-08-04 11:06:22,576 [INFO] Bắt đầu phân tích ảnh...
2025-08-04 11:06:23,287 [DEBUG] Kết quả detectLabel: label_image is None? False, rect_label: ((1094, 525), (2608, 1659)), confidence_detect: 0.9673206806182861
2025-08-04 11:06:23,379 [DEBUG] Kết quả classifiLabel: id=38, class_name=Label45, confidence_classify=0.9999750852584839
2025-08-04 11:06:23,380 [DEBUG] Xử lý nhãn đặc biệt: id=38, class_name=Label45
2025-08-04 11:06:23,530 [DEBUG] ['tesseract', 'C:\\Users\\quang\\AppData\\Local\\Temp\\tess_huvnt5ic_input.PNG', 'C:\\Users\\quang\\AppData\\Local\\Temp\\tess_huvnt5ic', '--oem', '3', '--psm', '7', '-l', 'eng', 'txt']
2025-08-04 11:06:23,675 [DEBUG] Kết quả nhãn đặc biệt: class_name=Label73, confidence_ocr=0.9811320754716981
2025-08-04 11:06:23,675 [DEBUG] Kết quả _handle_special_labels: class_name=Label73, confidence_ocr=0.9811320754716981
2025-08-04 11:06:23,676 [INFO] Đã gán pallet_detected: A
2025-08-04 11:06:23,676 [INFO] Label phát hiện: Label73, Conf_detect: 0.9673206806182861, Conf_classify: 0.9999750852584839, Conf_ocr: 0.9811320754716981, Conf: 0.9811320754716981
2025-08-04 11:06:23,677 [INFO] Kết quả trả về UI: {'label_detected': 'Label73', 'pallet_detected': 'A', 'confidence': 0.9811320754716981, 'confidence_detect': 0.9673206806182861, 'confidence_classify': 0.9999750852584839, 'confidence_ocr': 0.9811320754716981, 'origin_image': array([[[89, 89, 89],
        [90, 90, 90],
        [91, 91, 91],
        ...,
        [80, 80, 80],
        [81, 81, 81],
        [80, 80, 80]],

       [[97, 97, 97],
        [88, 88, 88],
        [88, 88, 88],
        ...,
        [80, 80, 80],
        [78, 78, 78],
        [80, 80, 80]],

       [[96, 96, 96],
        [87, 87, 87],
        [87, 87, 87],
        ...,
        [77, 77, 77],
        [74, 74, 74],
        [77, 77, 77]],

       ...,

       [[84, 84, 84],
        [72, 72, 72],
        [71, 71, 71],
        ...,
        [85, 85, 85],
        [86, 86, 86],
        [82, 82, 82]],

       [[82, 82, 82],
        [68, 68, 68],
        [67, 67, 67],
        ...,
        [81, 81, 81],
        [85, 85, 85],
        [82, 82, 82]],

       [[85, 85, 85],
        [86, 86, 86],
        [87, 87, 87],
        ...,
        [84, 84, 84],
        [82, 82, 82],
        [86, 86, 86]]], dtype=uint8), 'label_image': array([[[119, 119, 119],
        [119, 119, 119],
        [118, 118, 118],
        ...,
        [123, 123, 123],
        [123, 123, 123],
        [123, 123, 123]],

       [[118, 118, 118],
        [118, 118, 118],
        [118, 118, 118],
        ...,
        [124, 124, 124],
        [123, 123, 123],
        [122, 122, 122]],

       [[121, 121, 121],
        [119, 119, 119],
        [118, 118, 118],
        ...,
        [122, 122, 122],
        [124, 124, 124],
        [123, 123, 123]],

       ...,

       [[116, 116, 116],
        [133, 133, 133],
        [142, 142, 142],
        ...,
        [135, 135, 135],
        [131, 131, 131],
        [116, 116, 116]],

       [[116, 116, 116],
        [133, 133, 133],
        [141, 141, 141],
        ...,
        [134, 134, 134],
        [129, 129, 129],
        [117, 117, 117]],

       [[117, 117, 117],
        [131, 131, 131],
        [139, 139, 139],
        ...,
        [128, 128, 128],
        [124, 124, 124],
        [116, 116, 116]]], dtype=uint8)}
2025-08-04 11:06:41,941 [INFO] Nhận pallet_infos: [('', 0.9), ('', 0.9), ('', 0.9), ('', 0.9), ('', 0.9), ('Other label', 0.9)]
2025-08-04 11:06:41,941 [INFO] Bắt đầu phân tích ảnh...
2025-08-04 11:06:42,617 [DEBUG] Kết quả detectLabel: label_image is None? False, rect_label: ((1095, 524), (2608, 1658)), confidence_detect: 0.967201828956604
2025-08-04 11:06:42,704 [DEBUG] Kết quả classifiLabel: id=38, class_name=Label45, confidence_classify=0.9999686479568481
2025-08-04 11:06:42,704 [DEBUG] Xử lý nhãn đặc biệt: id=38, class_name=Label45
2025-08-04 11:06:42,854 [DEBUG] ['tesseract', 'C:\\Users\\quang\\AppData\\Local\\Temp\\tess_nlj7xh2s_input.PNG', 'C:\\Users\\quang\\AppData\\Local\\Temp\\tess_nlj7xh2s', '--oem', '3', '--psm', '7', '-l', 'eng', 'txt']
2025-08-04 11:06:43,010 [DEBUG] Kết quả nhãn đặc biệt: class_name=Label73, confidence_ocr=0.9811320754716981
2025-08-04 11:06:43,010 [DEBUG] Kết quả _handle_special_labels: class_name=Label73, confidence_ocr=0.9811320754716981
2025-08-04 11:06:43,010 [INFO] Đã gán pallet_detected: A
2025-08-04 11:06:43,011 [INFO] Label phát hiện: Label73, Conf_detect: 0.967201828956604, Conf_classify: 0.9999686479568481, Conf_ocr: 0.9811320754716981, Conf: 0.9811320754716981
2025-08-04 11:06:43,011 [INFO] Kết quả trả về UI: {'label_detected': 'Label73', 'pallet_detected': 'A', 'confidence': 0.9811320754716981, 'confidence_detect': 0.967201828956604, 'confidence_classify': 0.9999686479568481, 'confidence_ocr': 0.9811320754716981, 'origin_image': array([[[88, 88, 88],
        [90, 90, 90],
        [88, 88, 88],
        ...,
        [81, 81, 81],
        [78, 78, 78],
        [80, 80, 80]],

       [[87, 87, 87],
        [92, 92, 92],
        [89, 89, 89],
        ...,
        [87, 87, 87],
        [84, 84, 84],
        [82, 82, 82]],

       [[85, 85, 85],
        [93, 93, 93],
        [91, 91, 91],
        ...,
        [88, 88, 88],
        [88, 88, 88],
        [82, 82, 82]],

       ...,

       [[87, 87, 87],
        [85, 85, 85],
        [84, 84, 84],
        ...,
        [80, 80, 80],
        [79, 79, 79],
        [81, 81, 81]],

       [[81, 81, 81],
        [82, 82, 82],
        [79, 79, 79],
        ...,
        [81, 81, 81],
        [80, 80, 80],
        [80, 80, 80]],

       [[77, 77, 77],
        [77, 77, 77],
        [77, 77, 77],
        ...,
        [83, 83, 83],
        [83, 83, 83],
        [80, 80, 80]]], dtype=uint8), 'label_image': array([[[116, 116, 116],
        [116, 116, 116],
        [116, 116, 116],
        ...,
        [124, 124, 124],
        [123, 123, 123],
        [123, 123, 123]],

       [[116, 116, 116],
        [119, 119, 119],
        [119, 119, 119],
        ...,
        [125, 125, 125],
        [124, 124, 124],
        [124, 124, 124]],

       [[117, 117, 117],
        [119, 119, 119],
        [120, 120, 120],
        ...,
        [125, 125, 125],
        [123, 123, 123],
        [122, 122, 122]],

       ...,

       [[131, 131, 131],
        [144, 144, 144],
        [152, 152, 152],
        ...,
        [139, 139, 139],
        [130, 130, 130],
        [124, 124, 124]],

       [[131, 131, 131],
        [143, 143, 143],
        [151, 151, 151],
        ...,
        [136, 136, 136],
        [127, 127, 127],
        [122, 122, 122]],

       [[129, 129, 129],
        [141, 141, 141],
        [148, 148, 148],
        ...,
        [133, 133, 133],
        [125, 125, 125],
        [121, 121, 121]]], dtype=uint8)}
2025-08-04 11:07:33,278 [INFO] Nhận pallet_infos: [('', 0.9), ('', 0.9), ('', 0.9), ('', 0.9), ('', 0.9), ('Other label', 0.9)]
2025-08-04 11:07:33,279 [INFO] Bắt đầu phân tích ảnh...
2025-08-04 11:07:33,993 [DEBUG] Kết quả detectLabel: label_image is None? False, rect_label: ((1094, 525), (2608, 1658)), confidence_detect: 0.9671511650085449
2025-08-04 11:07:34,081 [DEBUG] Kết quả classifiLabel: id=38, class_name=Label45, confidence_classify=0.9999710321426392
2025-08-04 11:07:34,081 [DEBUG] Xử lý nhãn đặc biệt: id=38, class_name=Label45
2025-08-04 11:07:34,230 [DEBUG] ['tesseract', 'C:\\Users\\quang\\AppData\\Local\\Temp\\tess_mkir88wq_input.PNG', 'C:\\Users\\quang\\AppData\\Local\\Temp\\tess_mkir88wq', '--oem', '3', '--psm', '7', '-l', 'eng', 'txt']
2025-08-04 11:07:34,366 [DEBUG] Kết quả nhãn đặc biệt: class_name=Label73, confidence_ocr=0.9811320754716981
2025-08-04 11:07:34,366 [DEBUG] Kết quả _handle_special_labels: class_name=Label73, confidence_ocr=0.9811320754716981
2025-08-04 11:07:34,367 [INFO] Đã gán pallet_detected: A
2025-08-04 11:07:34,367 [INFO] Label phát hiện: Label73, Conf_detect: 0.9671511650085449, Conf_classify: 0.9999710321426392, Conf_ocr: 0.9811320754716981, Conf: 0.9811320754716981
2025-08-04 11:07:34,368 [INFO] Kết quả trả về UI: {'label_detected': 'Label73', 'pallet_detected': 'A', 'confidence': 0.9811320754716981, 'confidence_detect': 0.9671511650085449, 'confidence_classify': 0.9999710321426392, 'confidence_ocr': 0.9811320754716981, 'origin_image': array([[[88, 88, 88],
        [87, 87, 87],
        [86, 86, 86],
        ...,
        [82, 82, 82],
        [82, 82, 82],
        [76, 76, 76]],

       [[91, 91, 91],
        [86, 86, 86],
        [87, 87, 87],
        ...,
        [76, 76, 76],
        [78, 78, 78],
        [80, 80, 80]],

       [[90, 90, 90],
        [86, 86, 86],
        [89, 89, 89],
        ...,
        [79, 79, 79],
        [78, 78, 78],
        [82, 82, 82]],

       ...,

       [[85, 85, 85],
        [81, 81, 81],
        [82, 82, 82],
        ...,
        [85, 85, 85],
        [84, 84, 84],
        [85, 85, 85]],

       [[85, 85, 85],
        [81, 81, 81],
        [81, 81, 81],
        ...,
        [85, 85, 85],
        [84, 84, 84],
        [85, 85, 85]],

       [[81, 81, 81],
        [82, 82, 82],
        [83, 83, 83],
        ...,
        [81, 81, 81],
        [81, 81, 81],
        [85, 85, 85]]], dtype=uint8), 'label_image': array([[[120, 120, 120],
        [121, 121, 121],
        [116, 116, 116],
        ...,
        [121, 121, 121],
        [119, 119, 119],
        [122, 122, 122]],

       [[118, 118, 118],
        [117, 117, 117],
        [117, 117, 117],
        ...,
        [120, 120, 120],
        [119, 119, 119],
        [123, 123, 123]],

       [[115, 115, 115],
        [114, 114, 114],
        [118, 118, 118],
        ...,
        [121, 121, 121],
        [120, 120, 120],
        [123, 123, 123]],

       ...,

       [[125, 125, 125],
        [142, 142, 142],
        [150, 150, 150],
        ...,
        [140, 140, 140],
        [129, 129, 129],
        [124, 124, 124]],

       [[124, 124, 124],
        [142, 142, 142],
        [148, 148, 148],
        ...,
        [138, 138, 138],
        [127, 127, 127],
        [123, 123, 123]],

       [[122, 122, 122],
        [141, 141, 141],
        [146, 146, 146],
        ...,
        [136, 136, 136],
        [126, 126, 126],
        [122, 122, 122]]], dtype=uint8)}
2025-08-04 11:08:31,201 [INFO] Nhận pallet_infos: [('', 0.9), ('', 0.9), ('', 0.9), ('', 0.9), ('', 0.9), ('Other label', 0.9)]
2025-08-04 11:08:31,201 [INFO] Bắt đầu phân tích ảnh...
2025-08-04 11:08:31,873 [DEBUG] Kết quả detectLabel: label_image is None? False, rect_label: ((1095, 524), (2608, 1658)), confidence_detect: 0.967282235622406
2025-08-04 11:08:31,958 [DEBUG] Kết quả classifiLabel: id=38, class_name=Label45, confidence_classify=0.9999756813049316
2025-08-04 11:08:31,958 [DEBUG] Xử lý nhãn đặc biệt: id=38, class_name=Label45
2025-08-04 11:08:32,108 [DEBUG] ['tesseract', 'C:\\Users\\quang\\AppData\\Local\\Temp\\tess_uzflxrk4_input.PNG', 'C:\\Users\\quang\\AppData\\Local\\Temp\\tess_uzflxrk4', '--oem', '3', '--psm', '7', '-l', 'eng', 'txt']
2025-08-04 11:08:32,247 [DEBUG] Kết quả nhãn đặc biệt: class_name=Label73, confidence_ocr=0.9811320754716981
2025-08-04 11:08:32,248 [DEBUG] Kết quả _handle_special_labels: class_name=Label73, confidence_ocr=0.9811320754716981
2025-08-04 11:08:32,248 [INFO] Đã gán pallet_detected: A
2025-08-04 11:08:32,248 [INFO] Label phát hiện: Label73, Conf_detect: 0.967282235622406, Conf_classify: 0.9999756813049316, Conf_ocr: 0.9811320754716981, Conf: 0.9811320754716981
2025-08-04 11:08:32,249 [INFO] Kết quả trả về UI: {'label_detected': 'Label73', 'pallet_detected': 'A', 'confidence': 0.9811320754716981, 'confidence_detect': 0.967282235622406, 'confidence_classify': 0.9999756813049316, 'confidence_ocr': 0.9811320754716981, 'origin_image': array([[[85, 85, 85],
        [93, 93, 93],
        [93, 93, 93],
        ...,
        [85, 85, 85],
        [81, 81, 81],
        [73, 73, 73]],

       [[92, 92, 92],
        [89, 89, 89],
        [89, 89, 89],
        ...,
        [80, 80, 80],
        [82, 82, 82],
        [83, 83, 83]],

       [[91, 91, 91],
        [88, 88, 88],
        [88, 88, 88],
        ...,
        [79, 79, 79],
        [80, 80, 80],
        [81, 81, 81]],

       ...,

       [[85, 85, 85],
        [79, 79, 79],
        [80, 80, 80],
        ...,
        [83, 83, 83],
        [81, 81, 81],
        [83, 83, 83]],

       [[85, 85, 85],
        [80, 80, 80],
        [80, 80, 80],
        ...,
        [81, 81, 81],
        [79, 79, 79],
        [83, 83, 83]],

       [[85, 85, 85],
        [81, 81, 81],
        [81, 81, 81],
        ...,
        [85, 85, 85],
        [84, 84, 84],
        [80, 80, 80]]], dtype=uint8), 'label_image': array([[[119, 119, 119],
        [116, 116, 116],
        [113, 113, 113],
        ...,
        [121, 121, 121],
        [122, 122, 122],
        [124, 124, 124]],

       [[119, 119, 119],
        [117, 117, 117],
        [113, 113, 113],
        ...,
        [123, 123, 123],
        [125, 125, 125],
        [123, 123, 123]],

       [[116, 116, 116],
        [117, 117, 117],
        [120, 120, 120],
        ...,
        [124, 124, 124],
        [123, 123, 123],
        [122, 122, 122]],

       ...,

       [[121, 121, 121],
        [138, 138, 138],
        [144, 144, 144],
        ...,
        [148, 148, 148],
        [134, 134, 134],
        [128, 128, 128]],

       [[118, 118, 118],
        [135, 135, 135],
        [143, 143, 143],
        ...,
        [146, 146, 146],
        [132, 132, 132],
        [126, 126, 126]],

       [[115, 115, 115],
        [134, 134, 134],
        [143, 143, 143],
        ...,
        [143, 143, 143],
        [129, 129, 129],
        [127, 127, 127]]], dtype=uint8)}
2025-08-04 11:10:13,633 [INFO] Nhận pallet_infos: [('', 0.9), ('', 0.9), ('', 0.9), ('', 0.9), ('', 0.9), ('Other label', 0.9)]
2025-08-04 11:10:13,634 [INFO] Bắt đầu phân tích ảnh...
2025-08-04 11:10:14,303 [DEBUG] Kết quả detectLabel: label_image is None? False, rect_label: ((1094, 524), (2609, 1658)), confidence_detect: 0.9674364924430847
2025-08-04 11:10:14,393 [DEBUG] Kết quả classifiLabel: id=38, class_name=Label45, confidence_classify=0.999970555305481
2025-08-04 11:10:14,393 [DEBUG] Xử lý nhãn đặc biệt: id=38, class_name=Label45
2025-08-04 11:10:14,543 [DEBUG] ['tesseract', 'C:\\Users\\quang\\AppData\\Local\\Temp\\tess__18qi9zj_input.PNG', 'C:\\Users\\quang\\AppData\\Local\\Temp\\tess__18qi9zj', '--oem', '3', '--psm', '7', '-l', 'eng', 'txt']
2025-08-04 11:10:14,684 [DEBUG] Kết quả nhãn đặc biệt: class_name=Label73, confidence_ocr=0.9811320754716981
2025-08-04 11:10:14,685 [DEBUG] Kết quả _handle_special_labels: class_name=Label73, confidence_ocr=0.9811320754716981
2025-08-04 11:10:14,685 [INFO] Đã gán pallet_detected: A
2025-08-04 11:10:14,685 [INFO] Label phát hiện: Label73, Conf_detect: 0.9674364924430847, Conf_classify: 0.999970555305481, Conf_ocr: 0.9811320754716981, Conf: 0.9811320754716981
2025-08-04 11:10:14,686 [INFO] Kết quả trả về UI: {'label_detected': 'Label73', 'pallet_detected': 'A', 'confidence': 0.9811320754716981, 'confidence_detect': 0.9674364924430847, 'confidence_classify': 0.999970555305481, 'confidence_ocr': 0.9811320754716981, 'origin_image': array([[[93, 93, 93],
        [88, 88, 88],
        [89, 89, 89],
        ...,
        [80, 80, 80],
        [81, 81, 81],
        [82, 82, 82]],

       [[92, 92, 92],
        [93, 93, 93],
        [92, 92, 92],
        ...,
        [75, 75, 75],
        [75, 75, 75],
        [86, 86, 86]],

       [[89, 89, 89],
        [93, 93, 93],
        [92, 92, 92],
        ...,
        [73, 73, 73],
        [72, 72, 72],
        [84, 84, 84]],

       ...,

       [[87, 87, 87],
        [84, 84, 84],
        [84, 84, 84],
        ...,
        [79, 79, 79],
        [80, 80, 80],
        [81, 81, 81]],

       [[86, 86, 86],
        [86, 86, 86],
        [84, 84, 84],
        ...,
        [80, 80, 80],
        [81, 81, 81],
        [78, 78, 78]],

       [[82, 82, 82],
        [81, 81, 81],
        [80, 80, 80],
        ...,
        [86, 86, 86],
        [84, 84, 84],
        [75, 75, 75]]], dtype=uint8), 'label_image': array([[[119, 119, 119],
        [119, 119, 119],
        [119, 119, 119],
        ...,
        [124, 124, 124],
        [122, 122, 122],
        [123, 123, 123]],

       [[118, 118, 118],
        [118, 118, 118],
        [117, 117, 117],
        ...,
        [123, 123, 123],
        [121, 121, 121],
        [122, 122, 122]],

       [[118, 118, 118],
        [118, 118, 118],
        [116, 116, 116],
        ...,
        [122, 122, 122],
        [120, 120, 120],
        [120, 120, 120]],

       ...,

       [[122, 122, 122],
        [140, 140, 140],
        [148, 148, 148],
        ...,
        [143, 143, 143],
        [128, 128, 128],
        [123, 123, 123]],

       [[119, 119, 119],
        [141, 141, 141],
        [148, 148, 148],
        ...,
        [142, 142, 142],
        [127, 127, 127],
        [121, 121, 121]],

       [[118, 118, 118],
        [140, 140, 140],
        [147, 147, 147],
        ...,
        [137, 137, 137],
        [125, 125, 125],
        [121, 121, 121]]], dtype=uint8)}
2025-08-04 11:13:46,266 [INFO] Nhận pallet_infos: [('Label73', 0.9), ('', 0.9), ('', 0.9), ('', 0.9), ('', 0.9), ('Other label', 0.9)]
2025-08-04 11:13:46,267 [INFO] Bắt đầu phân tích ảnh...
2025-08-04 11:13:46,941 [DEBUG] Kết quả detectLabel: label_image is None? False, rect_label: ((1015, 462), (2580, 1681)), confidence_detect: 0.9708700776100159
2025-08-04 11:13:47,027 [DEBUG] Kết quả classifiLabel: id=40, class_name=Label47, confidence_classify=0.9999008178710938
2025-08-04 11:13:47,027 [DEBUG] Xử lý nhãn đặc biệt: id=40, class_name=Label47
2025-08-04 11:13:47,431 [DEBUG] ['tesseract', 'C:\\Users\\quang\\AppData\\Local\\Temp\\tess_aeqbfh46_input.PNG', 'C:\\Users\\quang\\AppData\\Local\\Temp\\tess_aeqbfh46', '--oem', '3', '--psm', '6', '-l', 'vie', 'txt']
2025-08-04 11:13:47,781 [DEBUG] Kết quả nhãn đặc biệt: class_name=Label67, confidence_ocr=0.9850746268656717
2025-08-04 11:13:47,781 [DEBUG] Kết quả _handle_special_labels: class_name=Label67, confidence_ocr=0.9850746268656717
2025-08-04 11:13:47,782 [INFO] Đã gán pallet_detected: A
2025-08-04 11:13:47,782 [INFO] Label phát hiện: Label67, Conf_detect: 0.9708700776100159, Conf_classify: 0.9999008178710938, Conf_ocr: 0.9850746268656717, Conf: 0.9850746268656717
2025-08-04 11:13:47,783 [INFO] Kết quả trả về UI: {'label_detected': 'Label67', 'pallet_detected': 'A', 'confidence': 0.9850746268656717, 'confidence_detect': 0.9708700776100159, 'confidence_classify': 0.9999008178710938, 'confidence_ocr': 0.9850746268656717, 'origin_image': array([[[94, 94, 94],
        [91, 91, 91],
        [91, 91, 91],
        ...,
        [80, 80, 80],
        [79, 79, 79],
        [73, 73, 73]],

       [[94, 94, 94],
        [91, 91, 91],
        [93, 93, 93],
        ...,
        [81, 81, 81],
        [82, 82, 82],
        [81, 81, 81]],

       [[91, 91, 91],
        [89, 89, 89],
        [91, 91, 91],
        ...,
        [81, 81, 81],
        [81, 81, 81],
        [82, 82, 82]],

       ...,

       [[85, 85, 85],
        [84, 84, 84],
        [84, 84, 84],
        ...,
        [79, 79, 79],
        [81, 81, 81],
        [80, 80, 80]],

       [[81, 81, 81],
        [82, 82, 82],
        [83, 83, 83],
        ...,
        [79, 79, 79],
        [81, 81, 81],
        [80, 80, 80]],

       [[84, 84, 84],
        [86, 86, 86],
        [86, 86, 86],
        ...,
        [81, 81, 81],
        [81, 81, 81],
        [80, 80, 80]]], dtype=uint8), 'label_image': array([[[123, 123, 123],
        [121, 121, 121],
        [120, 120, 120],
        ...,
        [120, 120, 120],
        [119, 119, 119],
        [119, 119, 119]],

       [[121, 121, 121],
        [119, 119, 119],
        [119, 119, 119],
        ...,
        [127, 127, 127],
        [126, 126, 126],
        [124, 124, 124]],

       [[120, 120, 120],
        [119, 119, 119],
        [119, 119, 119],
        ...,
        [135, 135, 135],
        [133, 133, 133],
        [131, 131, 131]],

       ...,

       [[121, 121, 121],
        [119, 119, 119],
        [116, 116, 116],
        ...,
        [156, 156, 156],
        [148, 148, 148],
        [143, 143, 143]],

       [[118, 118, 118],
        [117, 117, 117],
        [114, 114, 114],
        ...,
        [150, 150, 150],
        [142, 142, 142],
        [136, 136, 136]],

       [[115, 115, 115],
        [115, 115, 115],
        [114, 114, 114],
        ...,
        [138, 138, 138],
        [132, 132, 132],
        [128, 128, 128]]], dtype=uint8)}
2025-08-04 11:17:09,205 [INFO] Nhận pallet_infos: [('', 0.9), ('', 0.9), ('', 0.9), ('', 0.9), ('', 0.9), ('Other label', 0.9)]
2025-08-04 11:17:09,205 [INFO] Bắt đầu phân tích ảnh...
2025-08-04 11:17:09,877 [DEBUG] Kết quả detectLabel: label_image is None? False, rect_label: ((997, 455), (2582, 1679)), confidence_detect: 0.9681180119514465
2025-08-04 11:17:09,966 [DEBUG] Kết quả classifiLabel: id=40, class_name=Label47, confidence_classify=0.9996985197067261
2025-08-04 11:17:09,966 [DEBUG] Xử lý nhãn đặc biệt: id=40, class_name=Label47
2025-08-04 11:17:10,261 [DEBUG] ['tesseract', 'C:\\Users\\quang\\AppData\\Local\\Temp\\tess_wj4knrwl_input.PNG', 'C:\\Users\\quang\\AppData\\Local\\Temp\\tess_wj4knrwl', '--oem', '3', '--psm', '6', '-l', 'vie', 'txt']
2025-08-04 11:17:10,543 [DEBUG] Kết quả nhãn đặc biệt: class_name=Label67, confidence_ocr=0.9850746268656717
2025-08-04 11:17:10,543 [DEBUG] Kết quả _handle_special_labels: class_name=Label67, confidence_ocr=0.9850746268656717
2025-08-04 11:17:10,544 [INFO] Đã gán pallet_detected: A
2025-08-04 11:17:10,544 [INFO] Label phát hiện: Label67, Conf_detect: 0.9681180119514465, Conf_classify: 0.9996985197067261, Conf_ocr: 0.9850746268656717, Conf: 0.9850746268656717
2025-08-04 11:17:10,545 [INFO] Kết quả trả về UI: {'label_detected': 'Label67', 'pallet_detected': 'A', 'confidence': 0.9850746268656717, 'confidence_detect': 0.9681180119514465, 'confidence_classify': 0.9996985197067261, 'confidence_ocr': 0.9850746268656717, 'origin_image': array([[[89, 89, 89],
        [87, 87, 87],
        [88, 88, 88],
        ...,
        [79, 79, 79],
        [77, 77, 77],
        [81, 81, 81]],

       [[89, 89, 89],
        [86, 86, 86],
        [86, 86, 86],
        ...,
        [80, 80, 80],
        [80, 80, 80],
        [81, 81, 81]],

       [[86, 86, 86],
        [85, 85, 85],
        [86, 86, 86],
        ...,
        [80, 80, 80],
        [79, 79, 79],
        [77, 77, 77]],

       ...,

       [[77, 77, 77],
        [79, 79, 79],
        [80, 80, 80],
        ...,
        [76, 76, 76],
        [76, 76, 76],
        [81, 81, 81]],

       [[75, 75, 75],
        [79, 79, 79],
        [80, 80, 80],
        ...,
        [74, 74, 74],
        [74, 74, 74],
        [81, 81, 81]],

       [[83, 83, 83],
        [81, 81, 81],
        [79, 79, 79],
        ...,
        [77, 77, 77],
        [80, 80, 80],
        [91, 91, 91]]], dtype=uint8), 'label_image': array([[[107, 107, 107],
        [106, 106, 106],
        [105, 105, 105],
        ...,
        [120, 120, 120],
        [120, 120, 120],
        [120, 120, 120]],

       [[110, 110, 110],
        [111, 111, 111],
        [112, 112, 112],
        ...,
        [136, 136, 136],
        [136, 136, 136],
        [134, 134, 134]],

       [[111, 111, 111],
        [112, 112, 112],
        [113, 113, 113],
        ...,
        [144, 144, 144],
        [142, 142, 142],
        [140, 140, 140]],

       ...,

       [[119, 119, 119],
        [119, 119, 119],
        [120, 120, 120],
        ...,
        [162, 162, 162],
        [160, 160, 160],
        [156, 156, 156]],

       [[116, 116, 116],
        [115, 115, 115],
        [118, 118, 118],
        ...,
        [155, 155, 155],
        [152, 152, 152],
        [148, 148, 148]],

       [[116, 116, 116],
        [114, 114, 114],
        [115, 115, 115],
        ...,
        [139, 139, 139],
        [136, 136, 136],
        [132, 132, 132]]], dtype=uint8)}
2025-08-04 11:19:28,974 [INFO] Đã mở camera.
2025-08-04 11:24:18,933 [INFO] Nhận pallet_infos: [('', 0.9), ('', 0.9), ('', 0.9), ('', 0.9), ('', 0.9), ('Other label', 0.9)]
2025-08-04 11:24:18,934 [INFO] Bắt đầu phân tích ảnh...
2025-08-04 11:24:19,738 [DEBUG] Kết quả detectLabel: label_image is None? False, rect_label: ((1084, 744), (2553, 1833)), confidence_detect: 0.9690915942192078
2025-08-04 11:24:19,918 [DEBUG] Kết quả classifiLabel: id=39, class_name=Label46, confidence_classify=0.999948263168335
2025-08-04 11:24:19,926 [INFO] Đã gán pallet_detected: A
2025-08-04 11:24:19,927 [INFO] Label phát hiện: Label46, Conf_detect: 0.9690915942192078, Conf_classify: 0.999948263168335, Conf_ocr: 0, Conf: 0.999948263168335
2025-08-04 11:24:19,928 [INFO] Kết quả trả về UI: {'label_detected': 'Label46', 'pallet_detected': 'A', 'confidence': 0.999948263168335, 'confidence_detect': 0.9690915942192078, 'confidence_classify': 0.999948263168335, 'confidence_ocr': 0, 'origin_image': array([[[86, 86, 86],
        [90, 90, 90],
        [89, 89, 89],
        ...,
        [80, 80, 80],
        [78, 78, 78],
        [77, 77, 77]],

       [[94, 94, 94],
        [88, 88, 88],
        [88, 88, 88],
        ...,
        [81, 81, 81],
        [82, 82, 82],
        [79, 79, 79]],

       [[94, 94, 94],
        [88, 88, 88],
        [89, 89, 89],
        ...,
        [79, 79, 79],
        [79, 79, 79],
        [79, 79, 79]],

       ...,

       [[85, 85, 85],
        [82, 82, 82],
        [84, 84, 84],
        ...,
        [82, 82, 82],
        [77, 77, 77],
        [81, 81, 81]],

       [[85, 85, 85],
        [80, 80, 80],
        [82, 82, 82],
        ...,
        [81, 81, 81],
        [80, 80, 80],
        [83, 83, 83]],

       [[83, 83, 83],
        [87, 87, 87],
        [88, 88, 88],
        ...,
        [81, 81, 81],
        [82, 82, 82],
        [86, 86, 86]]], dtype=uint8), 'label_image': array([[[118, 118, 118],
        [120, 120, 120],
        [122, 122, 122],
        ...,
        [117, 117, 117],
        [120, 120, 120],
        [120, 120, 120]],

       [[124, 124, 124],
        [121, 121, 121],
        [118, 118, 118],
        ...,
        [119, 119, 119],
        [122, 122, 122],
        [121, 121, 121]],

       [[119, 119, 119],
        [117, 117, 117],
        [118, 118, 118],
        ...,
        [118, 118, 118],
        [122, 122, 122],
        [120, 120, 120]],

       ...,

       [[122, 122, 122],
        [118, 118, 118],
        [117, 117, 117],
        ...,
        [116, 116, 116],
        [112, 112, 112],
        [115, 115, 115]],

       [[122, 122, 122],
        [118, 118, 118],
        [115, 115, 115],
        ...,
        [114, 114, 114],
        [111, 111, 111],
        [114, 114, 114]],

       [[119, 119, 119],
        [118, 118, 118],
        [117, 117, 117],
        ...,
        [115, 115, 115],
        [110, 110, 110],
        [111, 111, 111]]], dtype=uint8)}
2025-08-04 11:24:45,316 [INFO] Nhận pallet_infos: [('', 0.9), ('', 0.9), ('', 0.9), ('', 0.9), ('', 0.9), ('Other label', 0.9)]
2025-08-04 11:24:45,318 [INFO] Bắt đầu phân tích ảnh...
2025-08-04 11:24:45,973 [DEBUG] Kết quả detectLabel: label_image is None? False, rect_label: ((1083, 743), (2553, 1833)), confidence_detect: 0.9691770076751709
2025-08-04 11:24:46,060 [DEBUG] Kết quả classifiLabel: id=39, class_name=Label46, confidence_classify=0.9990453124046326
2025-08-04 11:24:46,060 [INFO] Đã gán pallet_detected: A
2025-08-04 11:24:46,060 [INFO] Label phát hiện: Label46, Conf_detect: 0.9691770076751709, Conf_classify: 0.9990453124046326, Conf_ocr: 0, Conf: 0.9990453124046326
2025-08-04 11:24:46,062 [INFO] Kết quả trả về UI: {'label_detected': 'Label46', 'pallet_detected': 'A', 'confidence': 0.9990453124046326, 'confidence_detect': 0.9691770076751709, 'confidence_classify': 0.9990453124046326, 'confidence_ocr': 0, 'origin_image': array([[[89, 89, 89],
        [86, 86, 86],
        [87, 87, 87],
        ...,
        [85, 85, 85],
        [86, 86, 86],
        [81, 81, 81]],

       [[89, 89, 89],
        [90, 90, 90],
        [92, 92, 92],
        ...,
        [79, 79, 79],
        [80, 80, 80],
        [77, 77, 77]],

       [[90, 90, 90],
        [91, 91, 91],
        [90, 90, 90],
        ...,
        [78, 78, 78],
        [79, 79, 79],
        [75, 75, 75]],

       ...,

       [[89, 89, 89],
        [85, 85, 85],
        [83, 83, 83],
        ...,
        [75, 75, 75],
        [76, 76, 76],
        [80, 80, 80]],

       [[86, 86, 86],
        [85, 85, 85],
        [82, 82, 82],
        ...,
        [75, 75, 75],
        [75, 75, 75],
        [79, 79, 79]],

       [[82, 82, 82],
        [84, 84, 84],
        [84, 84, 84],
        ...,
        [83, 83, 83],
        [83, 83, 83],
        [75, 75, 75]]], dtype=uint8), 'label_image': array([[[116, 116, 116],
        [119, 119, 119],
        [119, 119, 119],
        ...,
        [118, 118, 118],
        [119, 119, 119],
        [120, 120, 120]],

       [[115, 115, 115],
        [119, 119, 119],
        [118, 118, 118],
        ...,
        [119, 119, 119],
        [120, 120, 120],
        [122, 122, 122]],

       [[121, 121, 121],
        [119, 119, 119],
        [118, 118, 118],
        ...,
        [128, 128, 128],
        [128, 128, 128],
        [130, 130, 130]],

       ...,

       [[124, 124, 124],
        [117, 117, 117],
        [116, 116, 116],
        ...,
        [118, 118, 118],
        [117, 117, 117],
        [115, 115, 115]],

       [[122, 122, 122],
        [118, 118, 118],
        [116, 116, 116],
        ...,
        [116, 116, 116],
        [117, 117, 117],
        [116, 116, 116]],

       [[120, 120, 120],
        [121, 121, 121],
        [121, 121, 121],
        ...,
        [119, 119, 119],
        [119, 119, 119],
        [114, 114, 114]]], dtype=uint8)}
2025-08-04 11:26:39,040 [INFO] Nhận pallet_infos: [('Label46', 0.9), ('', 0.9), ('', 0.9), ('', 0.9), ('', 0.9), ('Other label', 0.9)]
2025-08-04 11:26:39,041 [INFO] Bắt đầu phân tích ảnh...
2025-08-04 11:26:39,715 [DEBUG] Kết quả detectLabel: label_image is None? False, rect_label: ((1083, 745), (2554, 1833)), confidence_detect: 0.9689332246780396
2025-08-04 11:26:39,801 [DEBUG] Kết quả classifiLabel: id=39, class_name=Label46, confidence_classify=0.9999386072158813
2025-08-04 11:26:39,805 [DEBUG] So sánh label_detected=Label46 với name=Label46, confidence=0.9999386072158813 >= thresh=0.9
2025-08-04 11:26:39,806 [INFO] Đã gán pallet_detected: A
2025-08-04 11:26:39,806 [INFO] Label phát hiện: Label46, Conf_detect: 0.9689332246780396, Conf_classify: 0.9999386072158813, Conf_ocr: 0, Conf: 0.9999386072158813
2025-08-04 11:26:39,807 [INFO] Kết quả trả về UI: {'label_detected': 'Label46', 'pallet_detected': 'A', 'confidence': 0.9999386072158813, 'confidence_detect': 0.9689332246780396, 'confidence_classify': 0.9999386072158813, 'confidence_ocr': 0, 'origin_image': array([[[90, 90, 90],
        [86, 86, 86],
        [87, 87, 87],
        ...,
        [72, 72, 72],
        [74, 74, 74],
        [77, 77, 77]],

       [[91, 91, 91],
        [89, 89, 89],
        [86, 86, 86],
        ...,
        [82, 82, 82],
        [83, 83, 83],
        [84, 84, 84]],

       [[90, 90, 90],
        [89, 89, 89],
        [88, 88, 88],
        ...,
        [82, 82, 82],
        [80, 80, 80],
        [80, 80, 80]],

       ...,

       [[86, 86, 86],
        [83, 83, 83],
        [82, 82, 82],
        ...,
        [75, 75, 75],
        [76, 76, 76],
        [83, 83, 83]],

       [[84, 84, 84],
        [81, 81, 81],
        [82, 82, 82],
        ...,
        [74, 74, 74],
        [76, 76, 76],
        [82, 82, 82]],

       [[80, 80, 80],
        [80, 80, 80],
        [80, 80, 80],
        ...,
        [79, 79, 79],
        [80, 80, 80],
        [77, 77, 77]]], dtype=uint8), 'label_image': array([[[119, 119, 119],
        [123, 123, 123],
        [121, 121, 121],
        ...,
        [118, 118, 118],
        [118, 118, 118],
        [118, 118, 118]],

       [[121, 121, 121],
        [123, 123, 123],
        [120, 120, 120],
        ...,
        [118, 118, 118],
        [119, 119, 119],
        [121, 121, 121]],

       [[120, 120, 120],
        [122, 122, 122],
        [119, 119, 119],
        ...,
        [118, 118, 118],
        [119, 119, 119],
        [120, 120, 120]],

       ...,

       [[120, 120, 120],
        [120, 120, 120],
        [119, 119, 119],
        ...,
        [115, 115, 115],
        [115, 115, 115],
        [114, 114, 114]],

       [[123, 123, 123],
        [122, 122, 122],
        [120, 120, 120],
        ...,
        [114, 114, 114],
        [114, 114, 114],
        [114, 114, 114]],

       [[121, 121, 121],
        [119, 119, 119],
        [118, 118, 118],
        ...,
        [114, 114, 114],
        [115, 115, 115],
        [115, 115, 115]]], dtype=uint8)}
2025-08-04 11:28:52,729 [INFO] Nhận pallet_infos: [('Label46', 0.9), ('', 0.9), ('', 0.9), ('', 0.9), ('', 0.9), ('Other label', 0.9)]
2025-08-04 11:28:52,730 [INFO] Bắt đầu phân tích ảnh...
2025-08-04 11:28:53,400 [DEBUG] Kết quả detectLabel: label_image is None? False, rect_label: ((1083, 744), (2554, 1832)), confidence_detect: 0.9688568711280823
2025-08-04 11:28:53,487 [DEBUG] Kết quả classifiLabel: id=39, class_name=Label46, confidence_classify=0.9999419450759888
2025-08-04 11:28:53,490 [DEBUG] So sánh label_detected=Label46 với name=Label46, confidence=0.9999419450759888 >= thresh=0.9
2025-08-04 11:28:53,491 [INFO] Đã gán pallet_detected: A
2025-08-04 11:28:53,491 [INFO] Label phát hiện: Label46, Conf_detect: 0.9688568711280823, Conf_classify: 0.9999419450759888, Conf_ocr: 0, Conf: 0.9999419450759888
2025-08-04 11:28:53,492 [INFO] Kết quả trả về UI: {'label_detected': 'Label46', 'pallet_detected': 'A', 'confidence': 0.9999419450759888, 'confidence_detect': 0.9688568711280823, 'confidence_classify': 0.9999419450759888, 'confidence_ocr': 0, 'origin_image': array([[[94, 94, 94],
        [85, 85, 85],
        [82, 82, 82],
        ...,
        [78, 78, 78],
        [79, 79, 79],
        [78, 78, 78]],

       [[90, 90, 90],
        [92, 92, 92],
        [92, 92, 92],
        ...,
        [84, 84, 84],
        [86, 86, 86],
        [84, 84, 84]],

       [[88, 88, 88],
        [91, 91, 91],
        [93, 93, 93],
        ...,
        [79, 79, 79],
        [84, 84, 84],
        [82, 82, 82]],

       ...,

       [[84, 84, 84],
        [80, 80, 80],
        [82, 82, 82],
        ...,
        [80, 80, 80],
        [76, 76, 76],
        [77, 77, 77]],

       [[86, 86, 86],
        [81, 81, 81],
        [81, 81, 81],
        ...,
        [80, 80, 80],
        [78, 78, 78],
        [74, 74, 74]],

       [[90, 90, 90],
        [85, 85, 85],
        [82, 82, 82],
        ...,
        [79, 79, 79],
        [80, 80, 80],
        [78, 78, 78]]], dtype=uint8), 'label_image': array([[[119, 119, 119],
        [121, 121, 121],
        [118, 118, 118],
        ...,
        [118, 118, 118],
        [117, 117, 117],
        [118, 118, 118]],

       [[119, 119, 119],
        [120, 120, 120],
        [119, 119, 119],
        ...,
        [119, 119, 119],
        [116, 116, 116],
        [115, 115, 115]],

       [[119, 119, 119],
        [118, 118, 118],
        [119, 119, 119],
        ...,
        [119, 119, 119],
        [114, 114, 114],
        [111, 111, 111]],

       ...,

       [[119, 119, 119],
        [119, 119, 119],
        [122, 122, 122],
        ...,
        [115, 115, 115],
        [115, 115, 115],
        [116, 116, 116]],

       [[119, 119, 119],
        [119, 119, 119],
        [120, 120, 120],
        ...,
        [114, 114, 114],
        [115, 115, 115],
        [117, 117, 117]],

       [[119, 119, 119],
        [116, 116, 116],
        [116, 116, 116],
        ...,
        [114, 114, 114],
        [117, 117, 117],
        [118, 118, 118]]], dtype=uint8)}
2025-08-04 11:29:21,014 [INFO] Nhận pallet_infos: [('Label46', 0.9), ('', 0.9), ('', 0.9), ('', 0.9), ('', 0.9), ('Other label', 0.9)]
2025-08-04 11:29:21,014 [INFO] Bắt đầu phân tích ảnh...
2025-08-04 11:29:21,688 [DEBUG] Kết quả detectLabel: label_image is None? False, rect_label: ((925, 306), (2466, 1457)), confidence_detect: 0.9667523503303528
2025-08-04 11:29:21,776 [DEBUG] Kết quả classifiLabel: id=26, class_name=Label34, confidence_classify=0.9997116923332214
2025-08-04 11:29:21,777 [DEBUG] Xử lý nhãn đặc biệt: id=26, class_name=Label34
2025-08-04 11:29:21,988 [DEBUG] ['tesseract', 'C:\\Users\\quang\\AppData\\Local\\Temp\\tess_9c7u7pxm_input.PNG', 'C:\\Users\\quang\\AppData\\Local\\Temp\\tess_9c7u7pxm', '--oem', '3', '--psm', '7', '-l', 'eng', 'txt']
2025-08-04 11:29:22,173 [DEBUG] Kết quả nhãn đặc biệt: class_name=Label76, confidence_ocr=0.8571428571428572
2025-08-04 11:29:22,173 [DEBUG] Kết quả _handle_special_labels: class_name=Label76, confidence_ocr=0.8571428571428572
2025-08-04 11:29:22,174 [INFO] Label phát hiện: Label76, Conf_detect: 0.9667523503303528, Conf_classify: 0.9997116923332214, Conf_ocr: 0.8571428571428572, Conf: 0.8571428571428572
2025-08-04 11:29:22,175 [INFO] Kết quả trả về UI: {'label_detected': 'Label76', 'pallet_detected': 'F', 'confidence': 0.8571428571428572, 'confidence_detect': 0.9667523503303528, 'confidence_classify': 0.9997116923332214, 'confidence_ocr': 0.8571428571428572, 'origin_image': array([[[90, 90, 90],
        [90, 90, 90],
        [89, 89, 89],
        ...,
        [77, 77, 77],
        [78, 78, 78],
        [76, 76, 76]],

       [[89, 89, 89],
        [84, 84, 84],
        [85, 85, 85],
        ...,
        [85, 85, 85],
        [88, 88, 88],
        [77, 77, 77]],

       [[87, 87, 87],
        [81, 81, 81],
        [83, 83, 83],
        ...,
        [83, 83, 83],
        [86, 86, 86],
        [77, 77, 77]],

       ...,

       [[83, 83, 83],
        [77, 77, 77],
        [78, 78, 78],
        ...,
        [77, 77, 77],
        [77, 77, 77],
        [82, 82, 82]],

       [[82, 82, 82],
        [77, 77, 77],
        [76, 76, 76],
        ...,
        [74, 74, 74],
        [73, 73, 73],
        [80, 80, 80]],

       [[83, 83, 83],
        [80, 80, 80],
        [79, 79, 79],
        ...,
        [82, 82, 82],
        [84, 84, 84],
        [79, 79, 79]]], dtype=uint8), 'label_image': array([[[104, 104, 104],
        [111, 111, 111],
        [121, 121, 121],
        ...,
        [100, 100, 100],
        [103, 103, 103],
        [108, 108, 108]],

       [[105, 105, 105],
        [111, 111, 111],
        [125, 125, 125],
        ...,
        [100, 100, 100],
        [104, 104, 104],
        [107, 107, 107]],

       [[105, 105, 105],
        [111, 111, 111],
        [125, 125, 125],
        ...,
        [102, 102, 102],
        [104, 104, 104],
        [106, 106, 106]],

       ...,

       [[111, 111, 111],
        [119, 119, 119],
        [123, 123, 123],
        ...,
        [127, 127, 127],
        [119, 119, 119],
        [118, 118, 118]],

       [[112, 112, 112],
        [114, 114, 114],
        [116, 116, 116],
        ...,
        [119, 119, 119],
        [115, 115, 115],
        [115, 115, 115]],

       [[111, 111, 111],
        [111, 111, 111],
        [112, 112, 112],
        ...,
        [114, 114, 114],
        [108, 108, 108],
        [108, 108, 108]]], dtype=uint8)}
2025-08-04 11:30:24,720 [INFO] Nhận pallet_infos: [('Label46', 0.9), ('', 0.9), ('', 0.9), ('', 0.9), ('', 0.9), ('Other label', 0.9)]
2025-08-04 11:30:24,720 [INFO] Bắt đầu phân tích ảnh...
2025-08-04 11:30:25,395 [DEBUG] Kết quả detectLabel: label_image is None? False, rect_label: ((1075, 711), (2592, 1856)), confidence_detect: 0.969219446182251
2025-08-04 11:30:25,482 [DEBUG] Kết quả classifiLabel: id=40, class_name=Label47, confidence_classify=0.9997077584266663
2025-08-04 11:30:25,482 [DEBUG] Xử lý nhãn đặc biệt: id=40, class_name=Label47
2025-08-04 11:30:25,879 [DEBUG] ['tesseract', 'C:\\Users\\quang\\AppData\\Local\\Temp\\tess_7jgbz3of_input.PNG', 'C:\\Users\\quang\\AppData\\Local\\Temp\\tess_7jgbz3of', '--oem', '3', '--psm', '6', '-l', 'vie', 'txt']
2025-08-04 11:30:26,222 [DEBUG] Kết quả nhãn đặc biệt: class_name=Label67, confidence_ocr=0.9850746268656717
2025-08-04 11:30:26,222 [DEBUG] Kết quả _handle_special_labels: class_name=Label67, confidence_ocr=0.9850746268656717
2025-08-04 11:30:26,223 [INFO] Đã gán pallet_detected: A
2025-08-04 11:30:26,223 [INFO] Label phát hiện: Label67, Conf_detect: 0.969219446182251, Conf_classify: 0.9997077584266663, Conf_ocr: 0.9850746268656717, Conf: 0.9850746268656717
2025-08-04 11:30:26,224 [INFO] Kết quả trả về UI: {'label_detected': 'Label67', 'pallet_detected': 'A', 'confidence': 0.9850746268656717, 'confidence_detect': 0.969219446182251, 'confidence_classify': 0.9997077584266663, 'confidence_ocr': 0.9850746268656717, 'origin_image': array([[[86, 86, 86],
        [89, 89, 89],
        [89, 89, 89],
        ...,
        [75, 75, 75],
        [76, 76, 76],
        [83, 83, 83]],

       [[92, 92, 92],
        [90, 90, 90],
        [88, 88, 88],
        ...,
        [80, 80, 80],
        [80, 80, 80],
        [77, 77, 77]],

       [[89, 89, 89],
        [87, 87, 87],
        [87, 87, 87],
        ...,
        [77, 77, 77],
        [76, 76, 76],
        [75, 75, 75]],

       ...,

       [[78, 78, 78],
        [79, 79, 79],
        [82, 82, 82],
        ...,
        [76, 76, 76],
        [76, 76, 76],
        [83, 83, 83]],

       [[77, 77, 77],
        [77, 77, 77],
        [80, 80, 80],
        ...,
        [75, 75, 75],
        [76, 76, 76],
        [80, 80, 80]],

       [[85, 85, 85],
        [81, 81, 81],
        [83, 83, 83],
        ...,
        [76, 76, 76],
        [76, 76, 76],
        [77, 77, 77]]], dtype=uint8), 'label_image': array([[[117, 117, 117],
        [119, 119, 119],
        [119, 119, 119],
        ...,
        [122, 122, 122],
        [117, 117, 117],
        [119, 119, 119]],

       [[111, 111, 111],
        [116, 116, 116],
        [119, 119, 119],
        ...,
        [132, 132, 132],
        [129, 129, 129],
        [131, 131, 131]],

       [[110, 110, 110],
        [116, 116, 116],
        [119, 119, 119],
        ...,
        [142, 142, 142],
        [139, 139, 139],
        [139, 139, 139]],

       ...,

       [[103, 103, 103],
        [102, 102, 102],
        [108, 108, 108],
        ...,
        [148, 148, 148],
        [142, 142, 142],
        [130, 130, 130]],

       [[103, 103, 103],
        [101, 101, 101],
        [103, 103, 103],
        ...,
        [143, 143, 143],
        [136, 136, 136],
        [128, 128, 128]],

       [[104, 104, 104],
        [102, 102, 102],
        [100, 100, 100],
        ...,
        [126, 126, 126],
        [123, 123, 123],
        [118, 118, 118]]], dtype=uint8)}
2025-08-04 11:33:32,547 [INFO] Đã mở camera.
2025-08-04 11:34:09,546 [INFO] Nhận pallet_infos: [('', 0.9), ('', 0.9), ('', 0.9), ('', 0.9), ('', 0.9), ('Other Labels', 0.9)]
2025-08-04 11:34:09,547 [INFO] Bắt đầu phân tích ảnh...
2025-08-04 11:34:10,379 [DEBUG] Kết quả detectLabel: label_image is None? False, rect_label: ((1074, 713), (2593, 1855)), confidence_detect: 0.9690956473350525
2025-08-04 11:34:10,562 [DEBUG] Kết quả classifiLabel: id=40, class_name=Label47, confidence_classify=0.9999146461486816
2025-08-04 11:34:10,563 [DEBUG] Xử lý nhãn đặc biệt: id=40, class_name=Label47
2025-08-04 11:34:11,128 [DEBUG] ['tesseract', 'C:\\Users\\quang\\AppData\\Local\\Temp\\tess_yvf2jh5q_input.PNG', 'C:\\Users\\quang\\AppData\\Local\\Temp\\tess_yvf2jh5q', '--oem', '3', '--psm', '6', '-l', 'vie', 'txt']
2025-08-04 11:34:11,463 [DEBUG] Kết quả nhãn đặc biệt: class_name=Label67, confidence_ocr=0.9850746268656717
2025-08-04 11:34:11,463 [DEBUG] Kết quả _handle_special_labels: class_name=Label67, confidence_ocr=0.9850746268656717
2025-08-04 11:34:11,464 [INFO] Đã gán pallet_detected: A
2025-08-04 11:34:11,464 [INFO] Label phát hiện: Label67, Conf_detect: 0.9690956473350525, Conf_classify: 0.9999146461486816, Conf_ocr: 0.9850746268656717, Conf: 0.9850746268656717
2025-08-04 11:34:11,465 [INFO] Kết quả trả về UI: {'label_detected': 'Label67', 'pallet_detected': 'A', 'confidence': 0.9850746268656717, 'confidence_detect': 0.9690956473350525, 'confidence_classify': 0.9999146461486816, 'confidence_ocr': 0.9850746268656717, 'origin_image': array([[[87, 87, 87],
        [90, 90, 90],
        [90, 90, 90],
        ...,
        [81, 81, 81],
        [82, 82, 82],
        [79, 79, 79]],

       [[89, 89, 89],
        [94, 94, 94],
        [95, 95, 95],
        ...,
        [79, 79, 79],
        [81, 81, 81],
        [81, 81, 81]],

       [[87, 87, 87],
        [93, 93, 93],
        [94, 94, 94],
        ...,
        [81, 81, 81],
        [83, 83, 83],
        [82, 82, 82]],

       ...,

       [[84, 84, 84],
        [83, 83, 83],
        [83, 83, 83],
        ...,
        [87, 87, 87],
        [83, 83, 83],
        [77, 77, 77]],

       [[81, 81, 81],
        [83, 83, 83],
        [82, 82, 82],
        ...,
        [86, 86, 86],
        [83, 83, 83],
        [76, 76, 76]],

       [[81, 81, 81],
        [85, 85, 85],
        [87, 87, 87],
        ...,
        [76, 76, 76],
        [77, 77, 77],
        [77, 77, 77]]], dtype=uint8), 'label_image': array([[[120, 120, 120],
        [122, 122, 122],
        [122, 122, 122],
        ...,
        [123, 123, 123],
        [123, 123, 123],
        [121, 121, 121]],

       [[123, 123, 123],
        [125, 125, 125],
        [123, 123, 123],
        ...,
        [129, 129, 129],
        [127, 127, 127],
        [123, 123, 123]],

       [[123, 123, 123],
        [125, 125, 125],
        [124, 124, 124],
        ...,
        [135, 135, 135],
        [131, 131, 131],
        [125, 125, 125]],

       ...,

       [[113, 113, 113],
        [112, 112, 112],
        [109, 109, 109],
        ...,
        [159, 159, 159],
        [155, 155, 155],
        [148, 148, 148]],

       [[113, 113, 113],
        [114, 114, 114],
        [111, 111, 111],
        ...,
        [142, 142, 142],
        [137, 137, 137],
        [132, 132, 132]],

       [[112, 112, 112],
        [111, 111, 111],
        [109, 109, 109],
        ...,
        [131, 131, 131],
        [128, 128, 128],
        [125, 125, 125]]], dtype=uint8)}
2025-08-04 11:41:34,249 [INFO] Nhận pallet_infos: [('', 0.9), ('', 0.9), ('', 0.9), ('', 0.9), ('', 0.9), ('Other label', 0.9)]
2025-08-04 11:41:34,249 [INFO] Bắt đầu phân tích ảnh...
2025-08-04 11:41:35,030 [DEBUG] Kết quả detectLabel: label_image is None? False, rect_label: ((1077, 713), (2596, 1857)), confidence_detect: 0.9688963890075684
2025-08-04 11:41:35,134 [DEBUG] Kết quả classifiLabel: id=40, class_name=Label47, confidence_classify=0.9998629093170166
2025-08-04 11:41:35,135 [DEBUG] Xử lý nhãn đặc biệt: id=40, class_name=Label47
2025-08-04 11:41:35,453 [DEBUG] ['tesseract', 'C:\\Users\\quang\\AppData\\Local\\Temp\\tess_x1b47kk7_input.PNG', 'C:\\Users\\quang\\AppData\\Local\\Temp\\tess_x1b47kk7', '--oem', '3', '--psm', '6', '-l', 'vie', 'txt']
2025-08-04 11:41:35,755 [DEBUG] Kết quả nhãn đặc biệt: class_name=Label67, confidence_ocr=0.9850746268656717
2025-08-04 11:41:35,755 [DEBUG] Kết quả _handle_special_labels: class_name=Label67, confidence_ocr=0.9850746268656717
2025-08-04 11:41:35,756 [INFO] Đã gán pallet_detected: A
2025-08-04 11:41:35,756 [INFO] Label phát hiện: Label67, Conf_detect: 0.9688963890075684, Conf_classify: 0.9998629093170166, Conf_ocr: 0.9850746268656717, Conf: 0.9850746268656717
2025-08-04 11:41:35,758 [INFO] Kết quả trả về UI: {'label_detected': 'Label67', 'pallet_detected': 'A', 'confidence': 0.9850746268656717, 'confidence_detect': 0.9688963890075684, 'confidence_classify': 0.9998629093170166, 'confidence_ocr': 0.9850746268656717, 'origin_image': array([[[92, 92, 92],
        [92, 92, 92],
        [92, 92, 92],
        ...,
        [79, 79, 79],
        [78, 78, 78],
        [79, 79, 79]],

       [[89, 89, 89],
        [92, 92, 92],
        [91, 91, 91],
        ...,
        [81, 81, 81],
        [81, 81, 81],
        [80, 80, 80]],

       [[87, 87, 87],
        [93, 93, 93],
        [91, 91, 91],
        ...,
        [81, 81, 81],
        [82, 82, 82],
        [81, 81, 81]],

       ...,

       [[86, 86, 86],
        [87, 87, 87],
        [85, 85, 85],
        ...,
        [84, 84, 84],
        [83, 83, 83],
        [79, 79, 79]],

       [[87, 87, 87],
        [85, 85, 85],
        [85, 85, 85],
        ...,
        [82, 82, 82],
        [83, 83, 83],
        [78, 78, 78]],

       [[85, 85, 85],
        [82, 82, 82],
        [83, 83, 83],
        ...,
        [79, 79, 79],
        [77, 77, 77],
        [80, 80, 80]]], dtype=uint8), 'label_image': array([[[121, 121, 121],
        [120, 120, 120],
        [120, 120, 120],
        ...,
        [122, 122, 122],
        [121, 121, 121],
        [119, 119, 119]],

       [[120, 120, 120],
        [119, 119, 119],
        [117, 117, 117],
        ...,
        [125, 125, 125],
        [124, 124, 124],
        [122, 122, 122]],

       [[121, 121, 121],
        [120, 120, 120],
        [119, 119, 119],
        ...,
        [133, 133, 133],
        [130, 130, 130],
        [127, 127, 127]],

       ...,

       [[119, 119, 119],
        [115, 115, 115],
        [114, 114, 114],
        ...,
        [166, 166, 166],
        [160, 160, 160],
        [154, 154, 154]],

       [[116, 116, 116],
        [117, 117, 117],
        [117, 117, 117],
        ...,
        [155, 155, 155],
        [152, 152, 152],
        [147, 147, 147]],

       [[114, 114, 114],
        [117, 117, 117],
        [117, 117, 117],
        ...,
        [139, 139, 139],
        [135, 135, 135],
        [131, 131, 131]]], dtype=uint8)}
2025-08-04 11:43:47,414 [INFO] Nhận pallet_infos: [('', 0.9), ('', 0.9), ('', 0.9), ('', 0.9), ('', 0.9), ('Other label', 0.9)]
2025-08-04 11:43:47,415 [INFO] Bắt đầu phân tích ảnh...
2025-08-04 11:43:48,166 [DEBUG] Kết quả detectLabel: label_image is None? False, rect_label: ((1073, 712), (2593, 1855)), confidence_detect: 0.9690327048301697
2025-08-04 11:43:48,291 [DEBUG] Kết quả classifiLabel: id=40, class_name=Label47, confidence_classify=0.9998859167098999
2025-08-04 11:43:48,291 [DEBUG] Xử lý nhãn đặc biệt: id=40, class_name=Label47
2025-08-04 11:43:48,680 [DEBUG] ['tesseract', 'C:\\Users\\quang\\AppData\\Local\\Temp\\tess_lupaj42l_input.PNG', 'C:\\Users\\quang\\AppData\\Local\\Temp\\tess_lupaj42l', '--oem', '3', '--psm', '6', '-l', 'vie', 'txt']
2025-08-04 11:43:49,023 [DEBUG] Kết quả nhãn đặc biệt: class_name=Label67, confidence_ocr=0.9850746268656717
2025-08-04 11:43:49,024 [DEBUG] Kết quả _handle_special_labels: class_name=Label67, confidence_ocr=0.9850746268656717
2025-08-04 11:43:49,025 [INFO] Đã gán pallet_detected: A
2025-08-04 11:43:49,025 [INFO] Label phát hiện: Label67, Conf_detect: 0.9690327048301697, Conf_classify: 0.9998859167098999, Conf_ocr: 0.9850746268656717, Conf: 0.9850746268656717
2025-08-04 11:43:49,026 [INFO] Kết quả trả về UI: {'label_detected': 'Label67', 'pallet_detected': 'A', 'confidence': 0.9850746268656717, 'confidence_detect': 0.9690327048301697, 'confidence_classify': 0.9998859167098999, 'confidence_ocr': 0.9850746268656717, 'origin_image': array([[[86, 86, 86],
        [89, 89, 89],
        [91, 91, 91],
        ...,
        [82, 82, 82],
        [82, 82, 82],
        [77, 77, 77]],

       [[90, 90, 90],
        [88, 88, 88],
        [86, 86, 86],
        ...,
        [81, 81, 81],
        [82, 82, 82],
        [80, 80, 80]],

       [[89, 89, 89],
        [86, 86, 86],
        [87, 87, 87],
        ...,
        [80, 80, 80],
        [81, 81, 81],
        [79, 79, 79]],

       ...,

       [[89, 89, 89],
        [81, 81, 81],
        [80, 80, 80],
        ...,
        [80, 80, 80],
        [77, 77, 77],
        [74, 74, 74]],

       [[89, 89, 89],
        [80, 80, 80],
        [79, 79, 79],
        ...,
        [76, 76, 76],
        [76, 76, 76],
        [74, 74, 74]],

       [[85, 85, 85],
        [88, 88, 88],
        [88, 88, 88],
        ...,
        [81, 81, 81],
        [84, 84, 84],
        [78, 78, 78]]], dtype=uint8), 'label_image': array([[[121, 121, 121],
        [123, 123, 123],
        [121, 121, 121],
        ...,
        [121, 121, 121],
        [121, 121, 121],
        [120, 120, 120]],

       [[120, 120, 120],
        [120, 120, 120],
        [119, 119, 119],
        ...,
        [132, 132, 132],
        [130, 130, 130],
        [125, 125, 125]],

       [[118, 118, 118],
        [118, 118, 118],
        [119, 119, 119],
        ...,
        [135, 135, 135],
        [133, 133, 133],
        [128, 128, 128]],

       ...,

       [[114, 114, 114],
        [114, 114, 114],
        [114, 114, 114],
        ...,
        [156, 156, 156],
        [147, 147, 147],
        [136, 136, 136]],

       [[114, 114, 114],
        [113, 113, 113],
        [113, 113, 113],
        ...,
        [148, 148, 148],
        [141, 141, 141],
        [133, 133, 133]],

       [[117, 117, 117],
        [116, 116, 116],
        [118, 118, 118],
        ...,
        [138, 138, 138],
        [133, 133, 133],
        [128, 128, 128]]], dtype=uint8)}
2025-08-04 11:44:39,395 [INFO] Nhận pallet_infos: [('', 0.9), ('', 0.9), ('', 0.9), ('', 0.9), ('', 0.9), ('Other label', 0.9)]
2025-08-04 11:44:39,396 [INFO] Bắt đầu phân tích ảnh...
2025-08-04 11:44:40,107 [DEBUG] Kết quả detectLabel: label_image is None? False, rect_label: ((1074, 712), (2593, 1856)), confidence_detect: 0.9691357016563416
2025-08-04 11:44:40,227 [DEBUG] Kết quả classifiLabel: id=40, class_name=Label47, confidence_classify=0.9999028444290161
2025-08-04 11:44:40,227 [DEBUG] Xử lý nhãn đặc biệt: id=40, class_name=Label47
2025-08-04 11:44:40,562 [DEBUG] ['tesseract', 'C:\\Users\\quang\\AppData\\Local\\Temp\\tess__i9bm50g_input.PNG', 'C:\\Users\\quang\\AppData\\Local\\Temp\\tess__i9bm50g', '--oem', '3', '--psm', '6', '-l', 'vie', 'txt']
2025-08-04 11:44:40,878 [DEBUG] Kết quả nhãn đặc biệt: class_name=Label67, confidence_ocr=0.9850746268656717
2025-08-04 11:44:40,878 [DEBUG] Kết quả _handle_special_labels: class_name=Label67, confidence_ocr=0.9850746268656717
2025-08-04 11:44:40,879 [INFO] Đã gán pallet_detected: A
2025-08-04 11:44:40,879 [INFO] Label phát hiện: Label67, Conf_detect: 0.9691357016563416, Conf_classify: 0.9999028444290161, Conf_ocr: 0.9850746268656717, Conf: 0.9850746268656717
2025-08-04 11:44:40,880 [INFO] Kết quả trả về UI: {'label_detected': 'Label67', 'pallet_detected': 'A', 'confidence': 0.9850746268656717, 'confidence_detect': 0.9691357016563416, 'confidence_classify': 0.9999028444290161, 'confidence_ocr': 0.9850746268656717, 'origin_image': array([[[93, 93, 93],
        [88, 88, 88],
        [88, 88, 88],
        ...,
        [80, 80, 80],
        [78, 78, 78],
        [80, 80, 80]],

       [[91, 91, 91],
        [84, 84, 84],
        [82, 82, 82],
        ...,
        [81, 81, 81],
        [80, 80, 80],
        [78, 78, 78]],

       [[90, 90, 90],
        [84, 84, 84],
        [84, 84, 84],
        ...,
        [79, 79, 79],
        [78, 78, 78],
        [76, 76, 76]],

       ...,

       [[84, 84, 84],
        [86, 86, 86],
        [86, 86, 86],
        ...,
        [85, 85, 85],
        [84, 84, 84],
        [79, 79, 79]],

       [[85, 85, 85],
        [85, 85, 85],
        [86, 86, 86],
        ...,
        [82, 82, 82],
        [82, 82, 82],
        [79, 79, 79]],

       [[87, 87, 87],
        [87, 87, 87],
        [85, 85, 85],
        ...,
        [82, 82, 82],
        [83, 83, 83],
        [84, 84, 84]]], dtype=uint8), 'label_image': array([[[118, 118, 118],
        [121, 121, 121],
        [119, 119, 119],
        ...,
        [127, 127, 127],
        [126, 126, 126],
        [124, 124, 124]],

       [[118, 118, 118],
        [119, 119, 119],
        [118, 118, 118],
        ...,
        [134, 134, 134],
        [132, 132, 132],
        [130, 130, 130]],

       [[117, 117, 117],
        [118, 118, 118],
        [119, 119, 119],
        ...,
        [139, 139, 139],
        [136, 136, 136],
        [133, 133, 133]],

       ...,

       [[112, 112, 112],
        [113, 113, 113],
        [114, 114, 114],
        ...,
        [164, 164, 164],
        [159, 159, 159],
        [151, 151, 151]],

       [[109, 109, 109],
        [111, 111, 111],
        [113, 113, 113],
        ...,
        [150, 150, 150],
        [146, 146, 146],
        [141, 141, 141]],

       [[113, 113, 113],
        [114, 114, 114],
        [116, 116, 116],
        ...,
        [138, 138, 138],
        [135, 135, 135],
        [132, 132, 132]]], dtype=uint8)}
2025-08-04 11:48:23,925 [INFO] Nhận pallet_infos: [('', 0.9), ('', 0.9), ('', 0.9), ('', 0.9), ('', 0.9), ('Other label', 0.9)]
2025-08-04 11:48:23,925 [INFO] Bắt đầu phân tích ảnh...
2025-08-04 11:48:24,631 [DEBUG] Kết quả detectLabel: label_image is None? False, rect_label: ((1074, 711), (2594, 1855)), confidence_detect: 0.9690015912055969
2025-08-04 11:48:24,739 [DEBUG] Kết quả classifiLabel: id=40, class_name=Label47, confidence_classify=0.99981290102005
2025-08-04 11:48:24,739 [DEBUG] Xử lý nhãn đặc biệt: id=40, class_name=Label47
2025-08-04 11:48:25,060 [DEBUG] ['tesseract', 'C:\\Users\\quang\\AppData\\Local\\Temp\\tess_y0c0_g1w_input.PNG', 'C:\\Users\\quang\\AppData\\Local\\Temp\\tess_y0c0_g1w', '--oem', '3', '--psm', '6', '-l', 'vie', 'txt']
2025-08-04 11:48:25,368 [DEBUG] Kết quả nhãn đặc biệt: class_name=Label67, confidence_ocr=0.9850746268656717
2025-08-04 11:48:25,368 [DEBUG] Kết quả _handle_special_labels: class_name=Label67, confidence_ocr=0.9850746268656717
2025-08-04 11:48:25,370 [INFO] Đã gán pallet_detected: A
2025-08-04 11:48:25,370 [INFO] Label phát hiện: Label67, Conf_detect: 0.9690015912055969, Conf_classify: 0.99981290102005, Conf_ocr: 0.9850746268656717, Conf: 0.9850746268656717
2025-08-04 11:48:25,371 [INFO] Kết quả trả về UI: {'label_detected': 'Label67', 'pallet_detected': 'A', 'confidence': 0.9850746268656717, 'confidence_detect': 0.9690015912055969, 'confidence_classify': 0.99981290102005, 'confidence_ocr': 0.9850746268656717, 'origin_image': array([[[86, 86, 86],
        [92, 92, 92],
        [90, 90, 90],
        ...,
        [82, 82, 82],
        [82, 82, 82],
        [77, 77, 77]],

       [[89, 89, 89],
        [92, 92, 92],
        [92, 92, 92],
        ...,
        [88, 88, 88],
        [90, 90, 90],
        [82, 82, 82]],

       [[87, 87, 87],
        [91, 91, 91],
        [92, 92, 92],
        ...,
        [85, 85, 85],
        [88, 88, 88],
        [82, 82, 82]],

       ...,

       [[87, 87, 87],
        [87, 87, 87],
        [88, 88, 88],
        ...,
        [83, 83, 83],
        [81, 81, 81],
        [82, 82, 82]],

       [[86, 86, 86],
        [86, 86, 86],
        [86, 86, 86],
        ...,
        [83, 83, 83],
        [81, 81, 81],
        [84, 84, 84]],

       [[82, 82, 82],
        [84, 84, 84],
        [85, 85, 85],
        ...,
        [84, 84, 84],
        [84, 84, 84],
        [83, 83, 83]]], dtype=uint8), 'label_image': array([[[117, 117, 117],
        [120, 120, 120],
        [120, 120, 120],
        ...,
        [124, 124, 124],
        [124, 124, 124],
        [121, 121, 121]],

       [[118, 118, 118],
        [121, 121, 121],
        [119, 119, 119],
        ...,
        [128, 128, 128],
        [127, 127, 127],
        [125, 125, 125]],

       [[119, 119, 119],
        [121, 121, 121],
        [118, 118, 118],
        ...,
        [137, 137, 137],
        [134, 134, 134],
        [131, 131, 131]],

       ...,

       [[115, 115, 115],
        [113, 113, 113],
        [113, 113, 113],
        ...,
        [157, 157, 157],
        [150, 150, 150],
        [145, 145, 145]],

       [[117, 117, 117],
        [114, 114, 114],
        [113, 113, 113],
        ...,
        [148, 148, 148],
        [142, 142, 142],
        [138, 138, 138]],

       [[120, 120, 120],
        [116, 116, 116],
        [114, 114, 114],
        ...,
        [129, 129, 129],
        [126, 126, 126],
        [125, 125, 125]]], dtype=uint8)}
2025-08-04 11:48:30,599 [INFO] Nhận pallet_infos: [('Label67', 0.9), ('', 0.9), ('', 0.9), ('', 0.9), ('', 0.9), ('Other label', 0.9)]
2025-08-04 11:48:30,600 [INFO] Bắt đầu phân tích ảnh...
2025-08-04 11:48:31,288 [DEBUG] Kết quả detectLabel: label_image is None? False, rect_label: ((1075, 711), (2595, 1856)), confidence_detect: 0.9689279198646545
2025-08-04 11:48:31,388 [DEBUG] Kết quả classifiLabel: id=40, class_name=Label47, confidence_classify=0.9998289346694946
2025-08-04 11:48:31,388 [DEBUG] Xử lý nhãn đặc biệt: id=40, class_name=Label47
2025-08-04 11:48:31,699 [DEBUG] ['tesseract', 'C:\\Users\\quang\\AppData\\Local\\Temp\\tess_8hcg4sfn_input.PNG', 'C:\\Users\\quang\\AppData\\Local\\Temp\\tess_8hcg4sfn', '--oem', '3', '--psm', '6', '-l', 'vie', 'txt']
2025-08-04 11:48:31,997 [DEBUG] Kết quả nhãn đặc biệt: class_name=Label67, confidence_ocr=0.9850746268656717
2025-08-04 11:48:31,997 [DEBUG] Kết quả _handle_special_labels: class_name=Label67, confidence_ocr=0.9850746268656717
2025-08-04 11:48:31,998 [DEBUG] So sánh label_detected=Label67 với name=Label67, confidence=0.9850746268656717 >= thresh=0.9
2025-08-04 11:48:31,998 [INFO] Đã gán pallet_detected: A
2025-08-04 11:48:31,998 [INFO] Label phát hiện: Label67, Conf_detect: 0.9689279198646545, Conf_classify: 0.9998289346694946, Conf_ocr: 0.9850746268656717, Conf: 0.9850746268656717
2025-08-04 11:48:31,999 [INFO] Kết quả trả về UI: {'label_detected': 'Label67', 'pallet_detected': 'A', 'confidence': 0.9850746268656717, 'confidence_detect': 0.9689279198646545, 'confidence_classify': 0.9998289346694946, 'confidence_ocr': 0.9850746268656717, 'origin_image': array([[[89, 89, 89],
        [87, 87, 87],
        [91, 91, 91],
        ...,
        [81, 81, 81],
        [83, 83, 83],
        [78, 78, 78]],

       [[91, 91, 91],
        [89, 89, 89],
        [88, 88, 88],
        ...,
        [82, 82, 82],
        [83, 83, 83],
        [80, 80, 80]],

       [[89, 89, 89],
        [88, 88, 88],
        [86, 86, 86],
        ...,
        [82, 82, 82],
        [83, 83, 83],
        [79, 79, 79]],

       ...,

       [[83, 83, 83],
        [79, 79, 79],
        [79, 79, 79],
        ...,
        [85, 85, 85],
        [84, 84, 84],
        [83, 83, 83]],

       [[82, 82, 82],
        [78, 78, 78],
        [78, 78, 78],
        ...,
        [83, 83, 83],
        [81, 81, 81],
        [81, 81, 81]],

       [[84, 84, 84],
        [76, 76, 76],
        [76, 76, 76],
        ...,
        [81, 81, 81],
        [79, 79, 79],
        [79, 79, 79]]], dtype=uint8), 'label_image': array([[[123, 123, 123],
        [123, 123, 123],
        [120, 120, 120],
        ...,
        [125, 125, 125],
        [126, 126, 126],
        [120, 120, 120]],

       [[120, 120, 120],
        [120, 120, 120],
        [120, 120, 120],
        ...,
        [131, 131, 131],
        [130, 130, 130],
        [123, 123, 123]],

       [[118, 118, 118],
        [118, 118, 118],
        [120, 120, 120],
        ...,
        [138, 138, 138],
        [135, 135, 135],
        [127, 127, 127]],

       ...,

       [[115, 115, 115],
        [116, 116, 116],
        [118, 118, 118],
        ...,
        [159, 159, 159],
        [153, 153, 153],
        [146, 146, 146]],

       [[115, 115, 115],
        [117, 117, 117],
        [119, 119, 119],
        ...,
        [148, 148, 148],
        [142, 142, 142],
        [136, 136, 136]],

       [[115, 115, 115],
        [116, 116, 116],
        [119, 119, 119],
        ...,
        [133, 133, 133],
        [129, 129, 129],
        [126, 126, 126]]], dtype=uint8)}
2025-08-04 11:48:46,845 [INFO] Nhận pallet_infos: [('Label67', 0.9), ('', 0.9), ('', 0.9), ('', 0.9), ('', 0.9), ('Other label', 0.9)]
2025-08-04 11:48:46,845 [INFO] Bắt đầu phân tích ảnh...
2025-08-04 11:48:47,545 [DEBUG] Kết quả detectLabel: label_image is None? False, rect_label: ((1054, 498), (2559, 1622)), confidence_detect: 0.968903124332428
2025-08-04 11:48:47,650 [DEBUG] Kết quả classifiLabel: id=39, class_name=Label46, confidence_classify=0.9999377727508545
2025-08-04 11:48:47,658 [INFO] Đã gán pallet_detected: A
2025-08-04 11:48:47,658 [INFO] Label phát hiện: Label46, Conf_detect: 0.968903124332428, Conf_classify: 0.9999377727508545, Conf_ocr: 0, Conf: 0.9999377727508545
2025-08-04 11:48:47,659 [INFO] Kết quả trả về UI: {'label_detected': 'Label46', 'pallet_detected': 'A', 'confidence': 0.9999377727508545, 'confidence_detect': 0.968903124332428, 'confidence_classify': 0.9999377727508545, 'confidence_ocr': 0, 'origin_image': array([[[86, 86, 86],
        [87, 87, 87],
        [87, 87, 87],
        ...,
        [83, 83, 83],
        [80, 80, 80],
        [81, 81, 81]],

       [[88, 88, 88],
        [88, 88, 88],
        [88, 88, 88],
        ...,
        [80, 80, 80],
        [80, 80, 80],
        [84, 84, 84]],

       [[88, 88, 88],
        [85, 85, 85],
        [88, 88, 88],
        ...,
        [79, 79, 79],
        [79, 79, 79],
        [84, 84, 84]],

       ...,

       [[84, 84, 84],
        [82, 82, 82],
        [84, 84, 84],
        ...,
        [81, 81, 81],
        [82, 82, 82],
        [80, 80, 80]],

       [[80, 80, 80],
        [80, 80, 80],
        [83, 83, 83],
        ...,
        [82, 82, 82],
        [81, 81, 81],
        [82, 82, 82]],

       [[86, 86, 86],
        [84, 84, 84],
        [83, 83, 83],
        ...,
        [80, 80, 80],
        [81, 81, 81],
        [84, 84, 84]]], dtype=uint8), 'label_image': array([[[113, 113, 113],
        [116, 116, 116],
        [115, 115, 115],
        ...,
        [111, 111, 111],
        [114, 114, 114],
        [114, 114, 114]],

       [[113, 113, 113],
        [118, 118, 118],
        [117, 117, 117],
        ...,
        [111, 111, 111],
        [110, 110, 110],
        [110, 110, 110]],

       [[112, 112, 112],
        [114, 114, 114],
        [115, 115, 115],
        ...,
        [113, 113, 113],
        [113, 113, 113],
        [112, 112, 112]],

       ...,

       [[120, 120, 120],
        [120, 120, 120],
        [117, 117, 117],
        ...,
        [118, 118, 118],
        [118, 118, 118],
        [118, 118, 118]],

       [[122, 122, 122],
        [120, 120, 120],
        [117, 117, 117],
        ...,
        [116, 116, 116],
        [115, 115, 115],
        [116, 116, 116]],

       [[122, 122, 122],
        [120, 120, 120],
        [119, 119, 119],
        ...,
        [117, 117, 117],
        [117, 117, 117],
        [116, 116, 116]]], dtype=uint8)}
2025-08-04 11:49:41,648 [INFO] Đã mở camera.
2025-08-04 11:49:53,560 [INFO] Đã mở camera.
2025-08-04 11:49:59,686 [INFO] Nhận pallet_infos: [('Label46', 0.9), ('', 0.9), ('', 0.9), ('', 0.9), ('', 0.9), ('Other label', 0.9)]
2025-08-04 11:49:59,687 [INFO] Bắt đầu phân tích ảnh...
2025-08-04 11:50:00,381 [DEBUG] Kết quả detectLabel: label_image is None? True, rect_label: None, confidence_detect: 0.0
2025-08-04 11:50:00,381 [ERROR] Không phát hiện được nhãn hoặc nhãn bị lỗi!
2025-08-04 11:50:00,381 [WARNING] Không phát hiện được nhãn!
2025-08-04 11:51:59,777 [INFO] Nhận pallet_infos: [('', 0.9), ('', 0.9), ('', 0.9), ('', 0.9), ('', 0.9), ('Other label', 0.9)]
2025-08-04 11:51:59,777 [INFO] Bắt đầu phân tích ảnh...
2025-08-04 11:52:00,507 [DEBUG] Kết quả detectLabel: label_image is None? False, rect_label: ((1125, 428), (2743, 1713)), confidence_detect: 0.9718992114067078
2025-08-04 11:52:00,732 [DEBUG] Kết quả classifiLabel: id=40, class_name=Label47, confidence_classify=0.9998873472213745
2025-08-04 11:52:00,733 [DEBUG] Xử lý nhãn đặc biệt: id=40, class_name=Label47
2025-08-04 11:52:01,270 [DEBUG] ['tesseract', 'C:\\Users\\quang\\AppData\\Local\\Temp\\tess_mwwsevg1_input.PNG', 'C:\\Users\\quang\\AppData\\Local\\Temp\\tess_mwwsevg1', '--oem', '3', '--psm', '6', '-l', 'vie', 'txt']
2025-08-04 11:52:01,587 [DEBUG] Kết quả nhãn đặc biệt: class_name=Label67, confidence_ocr=0.9850746268656717
2025-08-04 11:52:01,587 [DEBUG] Kết quả _handle_special_labels: class_name=Label67, confidence_ocr=0.9850746268656717
2025-08-04 11:52:01,587 [INFO] Đã gán pallet_detected: A
2025-08-04 11:52:01,588 [INFO] Label phát hiện: Label67, Conf_detect: 0.9718992114067078, Conf_classify: 0.9998873472213745, Conf_ocr: 0.9850746268656717, Conf: 0.9850746268656717
2025-08-04 11:52:01,589 [INFO] Kết quả trả về UI: {'label_detected': 'Label67', 'pallet_detected': 'A', 'confidence': 0.9850746268656717, 'confidence_detect': 0.9718992114067078, 'confidence_classify': 0.9998873472213745, 'confidence_ocr': 0.9850746268656717, 'origin_image': array([[[86, 86, 86],
        [90, 90, 90],
        [92, 92, 92],
        ...,
        [80, 80, 80],
        [80, 80, 80],
        [78, 78, 78]],

       [[89, 89, 89],
        [92, 92, 92],
        [92, 92, 92],
        ...,
        [86, 86, 86],
        [87, 87, 87],
        [80, 80, 80]],

       [[88, 88, 88],
        [91, 91, 91],
        [91, 91, 91],
        ...,
        [83, 83, 83],
        [84, 84, 84],
        [81, 81, 81]],

       ...,

       [[84, 84, 84],
        [79, 79, 79],
        [83, 83, 83],
        ...,
        [82, 82, 82],
        [82, 82, 82],
        [79, 79, 79]],

       [[82, 82, 82],
        [83, 83, 83],
        [84, 84, 84],
        ...,
        [83, 83, 83],
        [82, 82, 82],
        [78, 78, 78]],

       [[83, 83, 83],
        [86, 86, 86],
        [85, 85, 85],
        ...,
        [81, 81, 81],
        [82, 82, 82],
        [80, 80, 80]]], dtype=uint8), 'label_image': array([[[121, 121, 121],
        [120, 120, 120],
        [123, 123, 123],
        ...,
        [127, 127, 127],
        [126, 126, 126],
        [124, 124, 124]],

       [[123, 123, 123],
        [121, 121, 121],
        [124, 124, 124],
        ...,
        [135, 135, 135],
        [134, 134, 134],
        [130, 130, 130]],

       [[123, 123, 123],
        [123, 123, 123],
        [125, 125, 125],
        ...,
        [143, 143, 143],
        [142, 142, 142],
        [139, 139, 139]],

       ...,

       [[117, 117, 117],
        [117, 117, 117],
        [118, 118, 118],
        ...,
        [153, 153, 153],
        [150, 150, 150],
        [146, 146, 146]],

       [[116, 116, 116],
        [117, 117, 117],
        [118, 118, 118],
        ...,
        [147, 147, 147],
        [146, 146, 146],
        [142, 142, 142]],

       [[116, 116, 116],
        [117, 117, 117],
        [118, 118, 118],
        ...,
        [136, 136, 136],
        [135, 135, 135],
        [131, 131, 131]]], dtype=uint8)}
2025-08-04 11:54:02,727 [INFO] Nhận pallet_infos: [('', 0.9), ('', 0.9), ('', 0.9), ('', 0.9), ('', 0.9), ('Other label', 0.9)]
2025-08-04 11:54:02,727 [INFO] Bắt đầu phân tích ảnh...
2025-08-04 11:54:03,463 [DEBUG] Kết quả detectLabel: label_image is None? False, rect_label: ((1124, 429), (2743, 1712)), confidence_detect: 0.9717586040496826
2025-08-04 11:54:03,584 [DEBUG] Kết quả classifiLabel: id=40, class_name=Label47, confidence_classify=0.9999185800552368
2025-08-04 11:54:03,584 [DEBUG] Xử lý nhãn đặc biệt: id=40, class_name=Label47
2025-08-04 11:54:03,953 [DEBUG] ['tesseract', 'C:\\Users\\quang\\AppData\\Local\\Temp\\tess_44svvdh7_input.PNG', 'C:\\Users\\quang\\AppData\\Local\\Temp\\tess_44svvdh7', '--oem', '3', '--psm', '6', '-l', 'vie', 'txt']
2025-08-04 11:54:04,268 [DEBUG] Kết quả nhãn đặc biệt: class_name=Label67, confidence_ocr=0.9850746268656717
2025-08-04 11:54:04,268 [DEBUG] Kết quả _handle_special_labels: class_name=Label67, confidence_ocr=0.9850746268656717
2025-08-04 11:54:04,269 [INFO] Đã gán pallet_detected: A
2025-08-04 11:54:04,269 [INFO] Label phát hiện: Label67, Conf_detect: 0.9717586040496826, Conf_classify: 0.9999185800552368, Conf_ocr: 0.9850746268656717, Conf: 0.9850746268656717
2025-08-04 11:54:04,270 [INFO] Kết quả trả về UI: {'label_detected': 'Label67', 'pallet_detected': 'A', 'confidence': 0.9850746268656717, 'confidence_detect': 0.9717586040496826, 'confidence_classify': 0.9999185800552368, 'confidence_ocr': 0.9850746268656717, 'origin_image': array([[[90, 90, 90],
        [89, 89, 89],
        [90, 90, 90],
        ...,
        [82, 82, 82],
        [80, 80, 80],
        [78, 78, 78]],

       [[92, 92, 92],
        [91, 91, 91],
        [89, 89, 89],
        ...,
        [82, 82, 82],
        [80, 80, 80],
        [80, 80, 80]],

       [[90, 90, 90],
        [91, 91, 91],
        [89, 89, 89],
        ...,
        [84, 84, 84],
        [82, 82, 82],
        [78, 78, 78]],

       ...,

       [[83, 83, 83],
        [86, 86, 86],
        [87, 87, 87],
        ...,
        [82, 82, 82],
        [82, 82, 82],
        [79, 79, 79]],

       [[80, 80, 80],
        [84, 84, 84],
        [87, 87, 87],
        ...,
        [82, 82, 82],
        [81, 81, 81],
        [83, 83, 83]],

       [[83, 83, 83],
        [82, 82, 82],
        [84, 84, 84],
        ...,
        [72, 72, 72],
        [72, 72, 72],
        [83, 83, 83]]], dtype=uint8), 'label_image': array([[[123, 123, 123],
        [123, 123, 123],
        [122, 122, 122],
        ...,
        [129, 129, 129],
        [127, 127, 127],
        [125, 125, 125]],

       [[121, 121, 121],
        [122, 122, 122],
        [122, 122, 122],
        ...,
        [139, 139, 139],
        [137, 137, 137],
        [135, 135, 135]],

       [[121, 121, 121],
        [121, 121, 121],
        [121, 121, 121],
        ...,
        [147, 147, 147],
        [146, 146, 146],
        [145, 145, 145]],

       ...,

       [[118, 118, 118],
        [116, 116, 116],
        [116, 116, 116],
        ...,
        [153, 153, 153],
        [150, 150, 150],
        [145, 145, 145]],

       [[117, 117, 117],
        [117, 117, 117],
        [116, 116, 116],
        ...,
        [147, 147, 147],
        [145, 145, 145],
        [141, 141, 141]],

       [[117, 117, 117],
        [118, 118, 118],
        [117, 117, 117],
        ...,
        [138, 138, 138],
        [137, 137, 137],
        [133, 133, 133]]], dtype=uint8)}
2025-08-04 11:55:50,436 [INFO] Nhận pallet_infos: [('', 0.9), ('', 0.9), ('', 0.9), ('', 0.9), ('', 0.9), ('Other label', 0.9)]
2025-08-04 11:55:50,436 [INFO] Bắt đầu phân tích ảnh...
2025-08-04 11:55:51,165 [DEBUG] Kết quả detectLabel: label_image is None? False, rect_label: ((1125, 429), (2743, 1713)), confidence_detect: 0.971583902835846
2025-08-04 11:55:51,283 [DEBUG] Kết quả classifiLabel: id=40, class_name=Label47, confidence_classify=0.9999111890792847
2025-08-04 11:55:51,283 [DEBUG] Xử lý nhãn đặc biệt: id=40, class_name=Label47
2025-08-04 11:55:51,620 [DEBUG] ['tesseract', 'C:\\Users\\quang\\AppData\\Local\\Temp\\tess_ou5cd1x6_input.PNG', 'C:\\Users\\quang\\AppData\\Local\\Temp\\tess_ou5cd1x6', '--oem', '3', '--psm', '6', '-l', 'vie', 'txt']
2025-08-04 11:55:51,987 [DEBUG] Kết quả nhãn đặc biệt: class_name=Label67, confidence_ocr=0.9850746268656717
2025-08-04 11:55:51,987 [DEBUG] Kết quả _handle_special_labels: class_name=Label67, confidence_ocr=0.9850746268656717
2025-08-04 11:55:51,988 [INFO] Đã gán pallet_detected: A
2025-08-04 11:55:51,988 [INFO] Label phát hiện: Label67, Conf_detect: 0.971583902835846, Conf_classify: 0.9999111890792847, Conf_ocr: 0.9850746268656717, Conf: 0.9850746268656717
2025-08-04 11:55:51,989 [INFO] Kết quả trả về UI: {'label_detected': 'Label67', 'pallet_detected': 'A', 'confidence': 0.9850746268656717, 'confidence_detect': 0.971583902835846, 'confidence_classify': 0.9999111890792847, 'confidence_ocr': 0.9850746268656717, 'origin_image': array([[[88, 88, 88],
        [89, 89, 89],
        [89, 89, 89],
        ...,
        [79, 79, 79],
        [79, 79, 79],
        [77, 77, 77]],

       [[87, 87, 87],
        [87, 87, 87],
        [89, 89, 89],
        ...,
        [86, 86, 86],
        [87, 87, 87],
        [81, 81, 81]],

       [[86, 86, 86],
        [87, 87, 87],
        [89, 89, 89],
        ...,
        [86, 86, 86],
        [87, 87, 87],
        [81, 81, 81]],

       ...,

       [[84, 84, 84],
        [81, 81, 81],
        [81, 81, 81],
        ...,
        [79, 79, 79],
        [77, 77, 77],
        [79, 79, 79]],

       [[82, 82, 82],
        [79, 79, 79],
        [80, 80, 80],
        ...,
        [77, 77, 77],
        [77, 77, 77],
        [81, 81, 81]],

       [[86, 86, 86],
        [89, 89, 89],
        [90, 90, 90],
        ...,
        [85, 85, 85],
        [86, 86, 86],
        [78, 78, 78]]], dtype=uint8), 'label_image': array([[[125, 125, 125],
        [121, 121, 121],
        [118, 118, 118],
        ...,
        [123, 123, 123],
        [124, 124, 124],
        [125, 125, 125]],

       [[124, 124, 124],
        [123, 123, 123],
        [122, 122, 122],
        ...,
        [134, 134, 134],
        [133, 133, 133],
        [132, 132, 132]],

       [[123, 123, 123],
        [123, 123, 123],
        [124, 124, 124],
        ...,
        [146, 146, 146],
        [142, 142, 142],
        [140, 140, 140]],

       ...,

       [[117, 117, 117],
        [116, 116, 116],
        [118, 118, 118],
        ...,
        [155, 155, 155],
        [153, 153, 153],
        [151, 151, 151]],

       [[118, 118, 118],
        [116, 116, 116],
        [117, 117, 117],
        ...,
        [147, 147, 147],
        [147, 147, 147],
        [147, 147, 147]],

       [[118, 118, 118],
        [115, 115, 115],
        [116, 116, 116],
        ...,
        [136, 136, 136],
        [137, 137, 137],
        [138, 138, 138]]], dtype=uint8)}
2025-08-04 11:56:25,317 [INFO] Đã mở camera.
2025-08-04 11:56:30,518 [INFO] Nhận pallet_infos: [('', 0.9), ('Label67', 0.9), ('', 0.9), ('', 0.9), ('', 0.9), ('Other label', 0.9)]
2025-08-04 11:56:30,518 [INFO] Bắt đầu phân tích ảnh...
2025-08-04 11:56:31,403 [DEBUG] Kết quả detectLabel: label_image is None? False, rect_label: ((1125, 429), (2744, 1713)), confidence_detect: 0.9713269472122192
2025-08-04 11:56:31,621 [DEBUG] Kết quả classifiLabel: id=40, class_name=Label47, confidence_classify=0.9998958110809326
2025-08-04 11:56:31,621 [DEBUG] Xử lý nhãn đặc biệt: id=40, class_name=Label47
2025-08-04 11:56:32,131 [DEBUG] ['tesseract', 'C:\\Users\\quang\\AppData\\Local\\Temp\\tess_funnnqi1_input.PNG', 'C:\\Users\\quang\\AppData\\Local\\Temp\\tess_funnnqi1', '--oem', '3', '--psm', '6', '-l', 'vie', 'txt']
2025-08-04 11:56:32,441 [DEBUG] Kết quả nhãn đặc biệt: class_name=Label67, confidence_ocr=0.9850746268656717
2025-08-04 11:56:32,441 [DEBUG] Kết quả _handle_special_labels: class_name=Label67, confidence_ocr=0.9850746268656717
2025-08-04 11:56:32,442 [DEBUG] So sánh label_detected=Label67 với name=, confidence=0.9850746268656717 >= thresh=0.9
2025-08-04 11:56:32,442 [DEBUG] So sánh label_detected=Label67 với name=Label67, confidence=0.9850746268656717 >= thresh=0.9
2025-08-04 11:56:32,442 [INFO] Đã gán pallet_detected: B
2025-08-04 11:56:32,442 [INFO] Label phát hiện: Label67, Conf_detect: 0.9713269472122192, Conf_classify: 0.9998958110809326, Conf_ocr: 0.9850746268656717, Conf: 0.9850746268656717
2025-08-04 11:56:32,443 [INFO] Kết quả trả về UI: {'label_detected': 'Label67', 'pallet_detected': 'B', 'confidence': 0.9850746268656717, 'confidence_detect': 0.9713269472122192, 'confidence_classify': 0.9998958110809326, 'confidence_ocr': 0.9850746268656717, 'origin_image': array([[[90, 90, 90],
        [90, 90, 90],
        [89, 89, 89],
        ...,
        [77, 77, 77],
        [77, 77, 77],
        [78, 78, 78]],

       [[86, 86, 86],
        [89, 89, 89],
        [92, 92, 92],
        ...,
        [85, 85, 85],
        [86, 86, 86],
        [81, 81, 81]],

       [[86, 86, 86],
        [88, 88, 88],
        [90, 90, 90],
        ...,
        [82, 82, 82],
        [85, 85, 85],
        [81, 81, 81]],

       ...,

       [[84, 84, 84],
        [83, 83, 83],
        [84, 84, 84],
        ...,
        [74, 74, 74],
        [77, 77, 77],
        [79, 79, 79]],

       [[84, 84, 84],
        [82, 82, 82],
        [83, 83, 83],
        ...,
        [76, 76, 76],
        [77, 77, 77],
        [78, 78, 78]],

       [[85, 85, 85],
        [82, 82, 82],
        [84, 84, 84],
        ...,
        [74, 74, 74],
        [75, 75, 75],
        [76, 76, 76]]], dtype=uint8), 'label_image': array([[[118, 118, 118],
        [125, 125, 125],
        [126, 126, 126],
        ...,
        [129, 129, 129],
        [128, 128, 128],
        [128, 128, 128]],

       [[119, 119, 119],
        [124, 124, 124],
        [125, 125, 125],
        ...,
        [136, 136, 136],
        [133, 133, 133],
        [135, 135, 135]],

       [[122, 122, 122],
        [124, 124, 124],
        [124, 124, 124],
        ...,
        [148, 148, 148],
        [147, 147, 147],
        [146, 146, 146]],

       ...,

       [[116, 116, 116],
        [113, 113, 113],
        [114, 114, 114],
        ...,
        [152, 152, 152],
        [150, 150, 150],
        [147, 147, 147]],

       [[116, 116, 116],
        [112, 112, 112],
        [114, 114, 114],
        ...,
        [145, 145, 145],
        [143, 143, 143],
        [143, 143, 143]],

       [[115, 115, 115],
        [114, 114, 114],
        [116, 116, 116],
        ...,
        [135, 135, 135],
        [135, 135, 135],
        [135, 135, 135]]], dtype=uint8)}
2025-08-04 11:57:49,011 [INFO] Nhận pallet_infos: [('', 0.9), ('', 0.9), ('', 0.9), ('', 0.9), ('', 0.9), ('Other label', 0.9)]
2025-08-04 11:57:49,011 [INFO] Bắt đầu phân tích ảnh...
2025-08-04 11:57:49,718 [DEBUG] Kết quả detectLabel: label_image is None? False, rect_label: ((1125, 428), (2742, 1712)), confidence_detect: 0.9719067811965942
2025-08-04 11:57:49,829 [DEBUG] Kết quả classifiLabel: id=40, class_name=Label47, confidence_classify=0.9999114274978638
2025-08-04 11:57:49,829 [DEBUG] Xử lý nhãn đặc biệt: id=40, class_name=Label47
2025-08-04 11:57:50,152 [DEBUG] ['tesseract', 'C:\\Users\\quang\\AppData\\Local\\Temp\\tess_z91affka_input.PNG', 'C:\\Users\\quang\\AppData\\Local\\Temp\\tess_z91affka', '--oem', '3', '--psm', '6', '-l', 'vie', 'txt']
2025-08-04 11:57:50,466 [DEBUG] Kết quả nhãn đặc biệt: class_name=Label67, confidence_ocr=0.9850746268656717
2025-08-04 11:57:50,466 [DEBUG] Kết quả _handle_special_labels: class_name=Label67, confidence_ocr=0.9850746268656717
2025-08-04 11:57:50,467 [INFO] Đã gán pallet_detected: A
2025-08-04 11:57:50,467 [INFO] Label phát hiện: Label67, Conf_detect: 0.9719067811965942, Conf_classify: 0.9999114274978638, Conf_ocr: 0.9850746268656717, Conf: 0.9850746268656717
2025-08-04 11:57:50,468 [INFO] Kết quả trả về UI: {'label_detected': 'Label67', 'pallet_detected': 'A', 'confidence': 0.9850746268656717, 'confidence_detect': 0.9719067811965942, 'confidence_classify': 0.9999114274978638, 'confidence_ocr': 0.9850746268656717, 'origin_image': array([[[87, 87, 87],
        [88, 88, 88],
        [88, 88, 88],
        ...,
        [78, 78, 78],
        [76, 76, 76],
        [82, 82, 82]],

       [[81, 81, 81],
        [83, 83, 83],
        [86, 86, 86],
        ...,
        [81, 81, 81],
        [82, 82, 82],
        [84, 84, 84]],

       [[83, 83, 83],
        [85, 85, 85],
        [86, 86, 86],
        ...,
        [81, 81, 81],
        [82, 82, 82],
        [85, 85, 85]],

       ...,

       [[85, 85, 85],
        [85, 85, 85],
        [84, 84, 84],
        ...,
        [81, 81, 81],
        [81, 81, 81],
        [86, 86, 86]],

       [[83, 83, 83],
        [84, 84, 84],
        [83, 83, 83],
        ...,
        [81, 81, 81],
        [81, 81, 81],
        [85, 85, 85]],

       [[84, 84, 84],
        [82, 82, 82],
        [82, 82, 82],
        ...,
        [78, 78, 78],
        [80, 80, 80],
        [85, 85, 85]]], dtype=uint8), 'label_image': array([[[121, 121, 121],
        [120, 120, 120],
        [122, 122, 122],
        ...,
        [127, 127, 127],
        [125, 125, 125],
        [123, 123, 123]],

       [[120, 120, 120],
        [120, 120, 120],
        [122, 122, 122],
        ...,
        [133, 133, 133],
        [135, 135, 135],
        [132, 132, 132]],

       [[120, 120, 120],
        [122, 122, 122],
        [124, 124, 124],
        ...,
        [148, 148, 148],
        [148, 148, 148],
        [146, 146, 146]],

       ...,

       [[115, 115, 115],
        [118, 118, 118],
        [118, 118, 118],
        ...,
        [149, 149, 149],
        [146, 146, 146],
        [141, 141, 141]],

       [[114, 114, 114],
        [120, 120, 120],
        [119, 119, 119],
        ...,
        [140, 140, 140],
        [137, 137, 137],
        [135, 135, 135]],

       [[114, 114, 114],
        [118, 118, 118],
        [118, 118, 118],
        ...,
        [127, 127, 127],
        [125, 125, 125],
        [124, 124, 124]]], dtype=uint8)}
2025-08-04 11:59:13,777 [INFO] Đã mở camera.
2025-08-04 11:59:25,095 [INFO] Đã mở camera.
2025-08-04 11:59:40,948 [INFO] Đã mở camera.
2025-08-04 11:59:52,460 [INFO] Đã mở camera.
2025-08-04 11:59:55,441 [INFO] Nhận pallet_infos: [('', 0.9), ('', 0.9), ('Label67', 0.9), ('', 0.9), ('', 0.9), ('Other label', 0.9)]
2025-08-04 11:59:55,441 [INFO] Bắt đầu phân tích ảnh...
2025-08-04 11:59:56,130 [DEBUG] Kết quả detectLabel: label_image is None? True, rect_label: None, confidence_detect: 0.0
2025-08-04 11:59:56,130 [ERROR] Không phát hiện được nhãn hoặc nhãn bị lỗi!
2025-08-04 11:59:56,131 [WARNING] Không phát hiện được nhãn!
2025-08-04 12:01:46,275 [INFO] Đã mở camera.
2025-08-04 12:01:50,718 [INFO] Nhận pallet_infos: [('', 0.9), ('', 0.9), ('', 0.9), ('', 0.9), ('', 0.9), ('Other label', 0.9)]
2025-08-04 12:01:50,718 [INFO] Bắt đầu phân tích ảnh...
2025-08-04 12:01:51,603 [DEBUG] Kết quả detectLabel: label_image is None? False, rect_label: ((1247, 543), (2791, 1743)), confidence_detect: 0.9710911512374878
2025-08-04 12:01:51,821 [DEBUG] Kết quả classifiLabel: id=38, class_name=Label45, confidence_classify=0.999921441078186
2025-08-04 12:01:51,821 [DEBUG] Xử lý nhãn đặc biệt: id=38, class_name=Label45
2025-08-04 12:01:52,177 [DEBUG] ['tesseract', 'C:\\Users\\quang\\AppData\\Local\\Temp\\tess_ttinl3b4_input.PNG', 'C:\\Users\\quang\\AppData\\Local\\Temp\\tess_ttinl3b4', '--oem', '3', '--psm', '7', '-l', 'eng', 'txt']
2025-08-04 12:01:52,386 [DEBUG] Kết quả nhãn đặc biệt: class_name=Label73, confidence_ocr=0.9811320754716981
2025-08-04 12:01:52,386 [DEBUG] Kết quả _handle_special_labels: class_name=Label73, confidence_ocr=0.9811320754716981
2025-08-04 12:01:52,387 [INFO] Đã gán pallet_detected: A
2025-08-04 12:01:52,387 [INFO] Label phát hiện: Label73, Conf_detect: 0.9710911512374878, Conf_classify: 0.999921441078186, Conf_ocr: 0.9811320754716981, Conf: 0.9811320754716981
2025-08-04 12:01:52,389 [INFO] Kết quả trả về UI: {'label_detected': 'Label73', 'pallet_detected': 'A', 'confidence': 0.9811320754716981, 'confidence_detect': 0.9710911512374878, 'confidence_classify': 0.999921441078186, 'confidence_ocr': 0.9811320754716981, 'origin_image': array([[[88, 88, 88],
        [89, 89, 89],
        [86, 86, 86],
        ...,
        [81, 81, 81],
        [80, 80, 80],
        [78, 78, 78]],

       [[88, 88, 88],
        [89, 89, 89],
        [89, 89, 89],
        ...,
        [79, 79, 79],
        [80, 80, 80],
        [82, 82, 82]],

       [[87, 87, 87],
        [89, 89, 89],
        [89, 89, 89],
        ...,
        [76, 76, 76],
        [79, 79, 79],
        [82, 82, 82]],

       ...,

       [[84, 84, 84],
        [79, 79, 79],
        [79, 79, 79],
        ...,
        [74, 74, 74],
        [76, 76, 76],
        [81, 81, 81]],

       [[83, 83, 83],
        [77, 77, 77],
        [77, 77, 77],
        ...,
        [75, 75, 75],
        [75, 75, 75],
        [79, 79, 79]],

       [[80, 80, 80],
        [86, 86, 86],
        [85, 85, 85],
        ...,
        [79, 79, 79],
        [78, 78, 78],
        [82, 82, 82]]], dtype=uint8), 'label_image': array([[[118, 118, 118],
        [118, 118, 118],
        [118, 118, 118],
        ...,
        [112, 112, 112],
        [113, 113, 113],
        [115, 115, 115]],

       [[117, 117, 117],
        [119, 119, 119],
        [120, 120, 120],
        ...,
        [111, 111, 111],
        [110, 110, 110],
        [109, 109, 109]],

       [[117, 117, 117],
        [118, 118, 118],
        [119, 119, 119],
        ...,
        [109, 109, 109],
        [107, 107, 107],
        [106, 106, 106]],

       ...,

       [[123, 123, 123],
        [123, 123, 123],
        [122, 122, 122],
        ...,
        [114, 114, 114],
        [112, 112, 112],
        [114, 114, 114]],

       [[124, 124, 124],
        [123, 123, 123],
        [120, 120, 120],
        ...,
        [114, 114, 114],
        [112, 112, 112],
        [114, 114, 114]],

       [[121, 121, 121],
        [120, 120, 120],
        [121, 121, 121],
        ...,
        [114, 114, 114],
        [112, 112, 112],
        [114, 114, 114]]], dtype=uint8)}
2025-08-04 12:02:13,024 [INFO] Nhận pallet_infos: [('Label73', 0.9), ('', 0.9), ('', 0.9), ('', 0.9), ('', 0.9), ('Other label', 0.9)]
2025-08-04 12:02:13,025 [INFO] Bắt đầu phân tích ảnh...
2025-08-04 12:02:13,759 [DEBUG] Kết quả detectLabel: label_image is None? False, rect_label: ((1124, 767), (2691, 1991)), confidence_detect: 0.9666290283203125
2025-08-04 12:02:13,879 [DEBUG] Kết quả classifiLabel: id=40, class_name=Label47, confidence_classify=0.9997534155845642
2025-08-04 12:02:13,880 [DEBUG] Xử lý nhãn đặc biệt: id=40, class_name=Label47
2025-08-04 12:02:14,412 [DEBUG] ['tesseract', 'C:\\Users\\quang\\AppData\\Local\\Temp\\tess_k80x_tap_input.PNG', 'C:\\Users\\quang\\AppData\\Local\\Temp\\tess_k80x_tap', '--oem', '3', '--psm', '6', '-l', 'vie', 'txt']
2025-08-04 12:02:14,741 [DEBUG] Kết quả nhãn đặc biệt: class_name=Label67, confidence_ocr=0.9850746268656717
2025-08-04 12:02:14,741 [DEBUG] Kết quả _handle_special_labels: class_name=Label67, confidence_ocr=0.9850746268656717
2025-08-04 12:02:14,742 [INFO] Đã gán pallet_detected: A
2025-08-04 12:02:14,742 [INFO] Label phát hiện: Label67, Conf_detect: 0.9666290283203125, Conf_classify: 0.9997534155845642, Conf_ocr: 0.9850746268656717, Conf: 0.9850746268656717
2025-08-04 12:02:14,743 [INFO] Kết quả trả về UI: {'label_detected': 'Label67', 'pallet_detected': 'A', 'confidence': 0.9850746268656717, 'confidence_detect': 0.9666290283203125, 'confidence_classify': 0.9997534155845642, 'confidence_ocr': 0.9850746268656717, 'origin_image': array([[[89, 89, 89],
        [90, 90, 90],
        [89, 89, 89],
        ...,
        [81, 81, 81],
        [81, 81, 81],
        [81, 81, 81]],

       [[91, 91, 91],
        [88, 88, 88],
        [88, 88, 88],
        ...,
        [85, 85, 85],
        [86, 86, 86],
        [88, 88, 88]],

       [[91, 91, 91],
        [86, 86, 86],
        [86, 86, 86],
        ...,
        [85, 85, 85],
        [87, 87, 87],
        [85, 85, 85]],

       ...,

       [[83, 83, 83],
        [85, 85, 85],
        [84, 84, 84],
        ...,
        [79, 79, 79],
        [77, 77, 77],
        [87, 87, 87]],

       [[83, 83, 83],
        [84, 84, 84],
        [82, 82, 82],
        ...,
        [80, 80, 80],
        [78, 78, 78],
        [87, 87, 87]],

       [[86, 86, 86],
        [81, 81, 81],
        [79, 79, 79],
        ...,
        [85, 85, 85],
        [85, 85, 85],
        [85, 85, 85]]], dtype=uint8), 'label_image': array([[[116, 116, 116],
        [111, 111, 111],
        [113, 113, 113],
        ...,
        [112, 112, 112],
        [111, 111, 111],
        [116, 116, 116]],

       [[116, 116, 116],
        [116, 116, 116],
        [115, 115, 115],
        ...,
        [113, 113, 113],
        [114, 114, 114],
        [115, 115, 115]],

       [[119, 119, 119],
        [117, 117, 117],
        [116, 116, 116],
        ...,
        [115, 115, 115],
        [115, 115, 115],
        [114, 114, 114]],

       ...,

       [[120, 120, 120],
        [122, 122, 122],
        [125, 125, 125],
        ...,
        [109, 109, 109],
        [113, 113, 113],
        [114, 114, 114]],

       [[120, 120, 120],
        [122, 122, 122],
        [122, 122, 122],
        ...,
        [114, 114, 114],
        [116, 116, 116],
        [116, 116, 116]],

       [[120, 120, 120],
        [121, 121, 121],
        [120, 120, 120],
        ...,
        [116, 116, 116],
        [117, 117, 117],
        [120, 120, 120]]], dtype=uint8)}
2025-08-04 12:05:52,238 [INFO] Đã mở camera.
2025-08-04 12:05:53,765 [INFO] Nhận pallet_infos: [('Label67', 0.9), ('', 0.9), ('', 0.9), ('', 0.9), ('', 0.9), ('Other label', 0.9)]
2025-08-04 12:05:53,765 [INFO] Bắt đầu phân tích ảnh...
2025-08-04 12:05:54,704 [DEBUG] Kết quả detectLabel: label_image is None? False, rect_label: ((1124, 767), (2691, 1991)), confidence_detect: 0.9667518138885498
2025-08-04 12:05:54,911 [DEBUG] Kết quả classifiLabel: id=40, class_name=Label47, confidence_classify=0.9997488856315613
2025-08-04 12:05:54,911 [DEBUG] Xử lý nhãn đặc biệt: id=40, class_name=Label47
2025-08-04 12:05:55,423 [DEBUG] ['tesseract', 'C:\\Users\\quang\\AppData\\Local\\Temp\\tess_8p4cjr4i_input.PNG', 'C:\\Users\\quang\\AppData\\Local\\Temp\\tess_8p4cjr4i', '--oem', '3', '--psm', '6', '-l', 'vie', 'txt']
2025-08-04 12:05:55,789 [DEBUG] Kết quả nhãn đặc biệt: class_name=Label67, confidence_ocr=0.9850746268656717
2025-08-04 12:05:55,789 [DEBUG] Kết quả _handle_special_labels: class_name=Label67, confidence_ocr=0.9850746268656717
2025-08-04 12:05:55,790 [DEBUG] So sánh label_detected=Label67 với name=Label67, confidence=0.9850746268656717 >= thresh=0.9
2025-08-04 12:05:55,790 [INFO] Đã gán pallet_detected: A
2025-08-04 12:05:55,791 [INFO] Label phát hiện: Label67, Conf_detect: 0.9667518138885498, Conf_classify: 0.9997488856315613, Conf_ocr: 0.9850746268656717, Conf: 0.9850746268656717
2025-08-04 12:05:55,792 [INFO] Kết quả trả về UI: {'label_detected': 'Label67', 'pallet_detected': 'A', 'confidence': 0.9850746268656717, 'confidence_detect': 0.9667518138885498, 'confidence_classify': 0.9997488856315613, 'confidence_ocr': 0.9850746268656717, 'origin_image': array([[[90, 90, 90],
        [92, 92, 92],
        [92, 92, 92],
        ...,
        [83, 83, 83],
        [83, 83, 83],
        [79, 79, 79]],

       [[91, 91, 91],
        [89, 89, 89],
        [87, 87, 87],
        ...,
        [82, 82, 82],
        [82, 82, 82],
        [78, 78, 78]],

       [[90, 90, 90],
        [86, 86, 86],
        [84, 84, 84],
        ...,
        [83, 83, 83],
        [82, 82, 82],
        [76, 76, 76]],

       ...,

       [[80, 80, 80],
        [82, 82, 82],
        [82, 82, 82],
        ...,
        [73, 73, 73],
        [73, 73, 73],
        [81, 81, 81]],

       [[79, 79, 79],
        [82, 82, 82],
        [83, 83, 83],
        ...,
        [72, 72, 72],
        [72, 72, 72],
        [79, 79, 79]],

       [[84, 84, 84],
        [86, 86, 86],
        [86, 86, 86],
        ...,
        [82, 82, 82],
        [81, 81, 81],
        [81, 81, 81]]], dtype=uint8), 'label_image': array([[[116, 116, 116],
        [117, 117, 117],
        [117, 117, 117],
        ...,
        [109, 109, 109],
        [112, 112, 112],
        [111, 111, 111]],

       [[116, 116, 116],
        [117, 117, 117],
        [116, 116, 116],
        ...,
        [112, 112, 112],
        [114, 114, 114],
        [115, 115, 115]],

       [[117, 117, 117],
        [116, 116, 116],
        [115, 115, 115],
        ...,
        [114, 114, 114],
        [113, 113, 113],
        [114, 114, 114]],

       ...,

       [[118, 118, 118],
        [121, 121, 121],
        [122, 122, 122],
        ...,
        [114, 114, 114],
        [114, 114, 114],
        [115, 115, 115]],

       [[117, 117, 117],
        [119, 119, 119],
        [121, 121, 121],
        ...,
        [112, 112, 112],
        [113, 113, 113],
        [113, 113, 113]],

       [[119, 119, 119],
        [118, 118, 118],
        [118, 118, 118],
        ...,
        [114, 114, 114],
        [114, 114, 114],
        [113, 113, 113]]], dtype=uint8)}
2025-08-04 12:07:07,226 [INFO] Đã mở camera.
2025-08-04 12:07:16,204 [INFO] Nhận pallet_infos: [('Label67', 0.9), ('', 0.9), ('', 0.9), ('', 0.9), ('', 0.9), ('Other label', 0.9)]
2025-08-04 12:07:16,204 [INFO] Bắt đầu phân tích ảnh...
2025-08-04 12:07:17,080 [DEBUG] Kết quả detectLabel: label_image is None? False, rect_label: ((1184, 918), (2770, 2197)), confidence_detect: 0.9663618206977844
2025-08-04 12:07:17,342 [DEBUG] Kết quả classifiLabel: id=38, class_name=Label45, confidence_classify=0.9999858140945435
2025-08-04 12:07:17,342 [DEBUG] Xử lý nhãn đặc biệt: id=38, class_name=Label45
2025-08-04 12:07:17,704 [DEBUG] ['tesseract', 'C:\\Users\\quang\\AppData\\Local\\Temp\\tess_9ii82tli_input.PNG', 'C:\\Users\\quang\\AppData\\Local\\Temp\\tess_9ii82tli', '--oem', '3', '--psm', '7', '-l', 'eng', 'txt']
2025-08-04 12:07:17,870 [DEBUG] Kết quả nhãn đặc biệt: class_name=Label73, confidence_ocr=0.9811320754716981
2025-08-04 12:07:17,871 [DEBUG] Kết quả _handle_special_labels: class_name=Label73, confidence_ocr=0.9811320754716981
2025-08-04 12:07:17,871 [INFO] Đã gán pallet_detected: A
2025-08-04 12:07:17,872 [INFO] Label phát hiện: Label73, Conf_detect: 0.9663618206977844, Conf_classify: 0.9999858140945435, Conf_ocr: 0.9811320754716981, Conf: 0.9811320754716981
2025-08-04 12:07:17,874 [INFO] Kết quả trả về UI: {'label_detected': 'Label73', 'pallet_detected': 'A', 'confidence': 0.9811320754716981, 'confidence_detect': 0.9663618206977844, 'confidence_classify': 0.9999858140945435, 'confidence_ocr': 0.9811320754716981, 'origin_image': array([[[90, 90, 90],
        [88, 88, 88],
        [89, 89, 89],
        ...,
        [78, 78, 78],
        [77, 77, 77],
        [84, 84, 84]],

       [[91, 91, 91],
        [91, 91, 91],
        [91, 91, 91],
        ...,
        [81, 81, 81],
        [81, 81, 81],
        [81, 81, 81]],

       [[87, 87, 87],
        [90, 90, 90],
        [90, 90, 90],
        ...,
        [81, 81, 81],
        [81, 81, 81],
        [80, 80, 80]],

       ...,

       [[80, 80, 80],
        [80, 80, 80],
        [81, 81, 81],
        ...,
        [78, 78, 78],
        [78, 78, 78],
        [80, 80, 80]],

       [[78, 78, 78],
        [80, 80, 80],
        [81, 81, 81],
        ...,
        [79, 79, 79],
        [78, 78, 78],
        [79, 79, 79]],

       [[79, 79, 79],
        [84, 84, 84],
        [84, 84, 84],
        ...,
        [80, 80, 80],
        [81, 81, 81],
        [79, 79, 79]]], dtype=uint8), 'label_image': array([[[109, 109, 109],
        [110, 110, 110],
        [109, 109, 109],
        ...,
        [112, 112, 112],
        [112, 112, 112],
        [116, 116, 116]],

       [[107, 107, 107],
        [109, 109, 109],
        [111, 111, 111],
        ...,
        [114, 114, 114],
        [114, 114, 114],
        [115, 115, 115]],

       [[107, 107, 107],
        [109, 109, 109],
        [111, 111, 111],
        ...,
        [115, 115, 115],
        [114, 114, 114],
        [113, 113, 113]],

       ...,

       [[128, 128, 128],
        [133, 133, 133],
        [146, 146, 146],
        ...,
        [142, 142, 142],
        [137, 137, 137],
        [124, 124, 124]],

       [[127, 127, 127],
        [133, 133, 133],
        [143, 143, 143],
        ...,
        [138, 138, 138],
        [133, 133, 133],
        [124, 124, 124]],

       [[127, 127, 127],
        [134, 134, 134],
        [142, 142, 142],
        ...,
        [134, 134, 134],
        [129, 129, 129],
        [123, 123, 123]]], dtype=uint8)}
2025-08-04 12:10:02,548 [INFO] Đã mở camera.
2025-08-04 12:10:17,277 [INFO] Đã mở camera.
2025-08-04 12:10:29,135 [INFO] Đã mở camera.
2025-08-04 12:11:25,434 [INFO] Đã mở camera.
2025-08-04 12:11:34,853 [INFO] Nhận pallet_infos: [('Label73', 0.9), ('', 0.9), ('', 0.9), ('', 0.9), ('', 0.9), ('Other label', 0.9)]
2025-08-04 12:11:34,853 [INFO] Bắt đầu phân tích ảnh...
2025-08-04 12:11:35,707 [DEBUG] Kết quả detectLabel: label_image is None? False, rect_label: ((1175, 771), (2711, 1950)), confidence_detect: 0.9692758917808533
2025-08-04 12:11:35,931 [DEBUG] Kết quả classifiLabel: id=40, class_name=Label47, confidence_classify=0.9999017715454102
2025-08-04 12:11:35,931 [DEBUG] Xử lý nhãn đặc biệt: id=40, class_name=Label47
2025-08-04 12:11:36,464 [DEBUG] ['tesseract', 'C:\\Users\\quang\\AppData\\Local\\Temp\\tess_p42si30g_input.PNG', 'C:\\Users\\quang\\AppData\\Local\\Temp\\tess_p42si30g', '--oem', '3', '--psm', '6', '-l', 'vie', 'txt']
2025-08-04 12:11:36,804 [DEBUG] Kết quả nhãn đặc biệt: class_name=Label67, confidence_ocr=0.9850746268656717
2025-08-04 12:11:36,805 [DEBUG] Kết quả _handle_special_labels: class_name=Label67, confidence_ocr=0.9850746268656717
2025-08-04 12:11:36,806 [INFO] Đã gán pallet_detected: A
2025-08-04 12:11:36,806 [INFO] Label phát hiện: Label67, Conf_detect: 0.9692758917808533, Conf_classify: 0.9999017715454102, Conf_ocr: 0.9850746268656717, Conf: 0.9850746268656717
2025-08-04 12:11:36,807 [INFO] Kết quả trả về UI: {'label_detected': 'Label67', 'pallet_detected': 'A', 'confidence': 0.9850746268656717, 'confidence_detect': 0.9692758917808533, 'confidence_classify': 0.9999017715454102, 'confidence_ocr': 0.9850746268656717, 'origin_image': array([[[87, 87, 87],
        [90, 90, 90],
        [90, 90, 90],
        ...,
        [81, 81, 81],
        [79, 79, 79],
        [80, 80, 80]],

       [[92, 92, 92],
        [83, 83, 83],
        [82, 82, 82],
        ...,
        [82, 82, 82],
        [82, 82, 82],
        [79, 79, 79]],

       [[88, 88, 88],
        [82, 82, 82],
        [83, 83, 83],
        ...,
        [81, 81, 81],
        [82, 82, 82],
        [81, 81, 81]],

       ...,

       [[85, 85, 85],
        [90, 90, 90],
        [91, 91, 91],
        ...,
        [81, 81, 81],
        [77, 77, 77],
        [78, 78, 78]],

       [[85, 85, 85],
        [87, 87, 87],
        [88, 88, 88],
        ...,
        [79, 79, 79],
        [74, 74, 74],
        [75, 75, 75]],

       [[81, 81, 81],
        [84, 84, 84],
        [86, 86, 86],
        ...,
        [75, 75, 75],
        [75, 75, 75],
        [81, 81, 81]]], dtype=uint8), 'label_image': array([[[119, 119, 119],
        [118, 118, 118],
        [117, 117, 117],
        ...,
        [128, 128, 128],
        [129, 129, 129],
        [125, 125, 125]],

       [[121, 121, 121],
        [120, 120, 120],
        [118, 118, 118],
        ...,
        [136, 136, 136],
        [136, 136, 136],
        [131, 131, 131]],

       [[120, 120, 120],
        [119, 119, 119],
        [119, 119, 119],
        ...,
        [145, 145, 145],
        [143, 143, 143],
        [139, 139, 139]],

       ...,

       [[112, 112, 112],
        [114, 114, 114],
        [115, 115, 115],
        ...,
        [137, 137, 137],
        [128, 128, 128],
        [120, 120, 120]],

       [[112, 112, 112],
        [112, 112, 112],
        [113, 113, 113],
        ...,
        [131, 131, 131],
        [124, 124, 124],
        [120, 120, 120]],

       [[112, 112, 112],
        [111, 111, 111],
        [112, 112, 112],
        ...,
        [124, 124, 124],
        [120, 120, 120],
        [116, 116, 116]]], dtype=uint8)}
2025-08-04 12:14:43,276 [INFO] Đã mở camera.
2025-08-04 12:14:45,270 [INFO] Nhận pallet_infos: [('Label67', 0.9), ('', 0.9), ('', 0.9), ('', 0.9), ('', 0.9), ('Other label', 0.9)]
2025-08-04 12:14:45,271 [INFO] Bắt đầu phân tích ảnh...
2025-08-04 12:14:46,091 [DEBUG] Kết quả detectLabel: label_image is None? False, rect_label: ((1175, 771), (2711, 1952)), confidence_detect: 0.9694657921791077
2025-08-04 12:14:46,267 [DEBUG] Kết quả classifiLabel: id=40, class_name=Label47, confidence_classify=0.9998683929443359
2025-08-04 12:14:46,267 [DEBUG] Xử lý nhãn đặc biệt: id=40, class_name=Label47
2025-08-04 12:14:46,725 [DEBUG] ['tesseract', 'C:\\Users\\quang\\AppData\\Local\\Temp\\tess_5q_4k4kb_input.PNG', 'C:\\Users\\quang\\AppData\\Local\\Temp\\tess_5q_4k4kb', '--oem', '3', '--psm', '6', '-l', 'vie', 'txt']
2025-08-04 12:14:47,013 [DEBUG] Kết quả nhãn đặc biệt: class_name=Label67, confidence_ocr=0.9850746268656717
2025-08-04 12:14:47,013 [DEBUG] Kết quả _handle_special_labels: class_name=Label67, confidence_ocr=0.9850746268656717
2025-08-04 12:14:47,014 [DEBUG] So sánh label_detected=Label67 với name=Label67, confidence=0.9850746268656717 >= thresh=0.9
2025-08-04 12:14:47,014 [INFO] Đã gán pallet_detected: A
2025-08-04 12:14:47,015 [INFO] Label phát hiện: Label67, Conf_detect: 0.9694657921791077, Conf_classify: 0.9998683929443359, Conf_ocr: 0.9850746268656717, Conf: 0.9850746268656717
2025-08-04 12:14:47,016 [INFO] Kết quả trả về UI: {'label_detected': 'Label67', 'pallet_detected': 'A', 'confidence': 0.9850746268656717, 'confidence_detect': 0.9694657921791077, 'confidence_classify': 0.9998683929443359, 'confidence_ocr': 0.9850746268656717, 'origin_image': array([[[88, 88, 88],
        [84, 84, 84],
        [87, 87, 87],
        ...,
        [75, 75, 75],
        [75, 75, 75],
        [74, 74, 74]],

       [[89, 89, 89],
        [84, 84, 84],
        [86, 86, 86],
        ...,
        [81, 81, 81],
        [79, 79, 79],
        [80, 80, 80]],

       [[88, 88, 88],
        [84, 84, 84],
        [85, 85, 85],
        ...,
        [81, 81, 81],
        [81, 81, 81],
        [83, 83, 83]],

       ...,

       [[81, 81, 81],
        [79, 79, 79],
        [79, 79, 79],
        ...,
        [84, 84, 84],
        [85, 85, 85],
        [81, 81, 81]],

       [[80, 80, 80],
        [80, 80, 80],
        [78, 78, 78],
        ...,
        [77, 77, 77],
        [81, 81, 81],
        [82, 82, 82]],

       [[81, 81, 81],
        [78, 78, 78],
        [78, 78, 78],
        ...,
        [75, 75, 75],
        [74, 74, 74],
        [79, 79, 79]]], dtype=uint8), 'label_image': array([[[120, 120, 120],
        [120, 120, 120],
        [117, 117, 117],
        ...,
        [133, 133, 133],
        [131, 131, 131],
        [129, 129, 129]],

       [[121, 121, 121],
        [120, 120, 120],
        [117, 117, 117],
        ...,
        [141, 141, 141],
        [140, 140, 140],
        [138, 138, 138]],

       [[120, 120, 120],
        [118, 118, 118],
        [117, 117, 117],
        ...,
        [151, 151, 151],
        [150, 150, 150],
        [147, 147, 147]],

       ...,

       [[110, 110, 110],
        [112, 112, 112],
        [112, 112, 112],
        ...,
        [151, 151, 151],
        [148, 148, 148],
        [140, 140, 140]],

       [[111, 111, 111],
        [113, 113, 113],
        [112, 112, 112],
        ...,
        [145, 145, 145],
        [143, 143, 143],
        [135, 135, 135]],

       [[110, 110, 110],
        [113, 113, 113],
        [113, 113, 113],
        ...,
        [138, 138, 138],
        [136, 136, 136],
        [129, 129, 129]]], dtype=uint8)}
2025-08-04 12:15:02,708 [INFO] Nhận pallet_infos: [('Label67', 0.9), ('', 0.9), ('', 0.9), ('', 0.9), ('', 0.9), ('Other label', 0.9)]
2025-08-04 12:15:02,708 [INFO] Bắt đầu phân tích ảnh...
2025-08-04 12:15:03,382 [DEBUG] Kết quả detectLabel: label_image is None? False, rect_label: ((1033, 885), (2563, 2048)), confidence_detect: 0.9710062146186829
2025-08-04 12:15:03,481 [DEBUG] Kết quả classifiLabel: id=38, class_name=Label45, confidence_classify=0.9999617338180542
2025-08-04 12:15:03,482 [DEBUG] Xử lý nhãn đặc biệt: id=38, class_name=Label45
2025-08-04 12:15:03,747 [DEBUG] ['tesseract', 'C:\\Users\\quang\\AppData\\Local\\Temp\\tess_webvwkba_input.PNG', 'C:\\Users\\quang\\AppData\\Local\\Temp\\tess_webvwkba', '--oem', '3', '--psm', '7', '-l', 'eng', 'txt']
2025-08-04 12:15:03,896 [DEBUG] Kết quả nhãn đặc biệt: class_name=Label73, confidence_ocr=0.9811320754716981
2025-08-04 12:15:03,897 [DEBUG] Kết quả _handle_special_labels: class_name=Label73, confidence_ocr=0.9811320754716981
2025-08-04 12:15:03,898 [INFO] Đã gán pallet_detected: B
2025-08-04 12:15:03,898 [INFO] Label phát hiện: Label73, Conf_detect: 0.9710062146186829, Conf_classify: 0.9999617338180542, Conf_ocr: 0.9811320754716981, Conf: 0.9811320754716981
2025-08-04 12:15:03,899 [INFO] Kết quả trả về UI: {'label_detected': 'Label73', 'pallet_detected': 'B', 'confidence': 0.9811320754716981, 'confidence_detect': 0.9710062146186829, 'confidence_classify': 0.9999617338180542, 'confidence_ocr': 0.9811320754716981, 'origin_image': array([[[87, 87, 87],
        [88, 88, 88],
        [91, 91, 91],
        ...,
        [77, 77, 77],
        [79, 79, 79],
        [81, 81, 81]],

       [[89, 89, 89],
        [93, 93, 93],
        [95, 95, 95],
        ...,
        [79, 79, 79],
        [81, 81, 81],
        [81, 81, 81]],

       [[91, 91, 91],
        [93, 93, 93],
        [93, 93, 93],
        ...,
        [79, 79, 79],
        [81, 81, 81],
        [82, 82, 82]],

       ...,

       [[82, 82, 82],
        [83, 83, 83],
        [85, 85, 85],
        ...,
        [74, 74, 74],
        [75, 75, 75],
        [77, 77, 77]],

       [[82, 82, 82],
        [85, 85, 85],
        [87, 87, 87],
        ...,
        [75, 75, 75],
        [75, 75, 75],
        [80, 80, 80]],

       [[80, 80, 80],
        [86, 86, 86],
        [86, 86, 86],
        ...,
        [74, 74, 74],
        [74, 74, 74],
        [82, 82, 82]]], dtype=uint8), 'label_image': array([[[111, 111, 111],
        [112, 112, 112],
        [114, 114, 114],
        ...,
        [116, 116, 116],
        [116, 116, 116],
        [117, 117, 117]],

       [[113, 113, 113],
        [114, 114, 114],
        [114, 114, 114],
        ...,
        [116, 116, 116],
        [117, 117, 117],
        [116, 116, 116]],

       [[114, 114, 114],
        [113, 113, 113],
        [112, 112, 112],
        ...,
        [115, 115, 115],
        [116, 116, 116],
        [117, 117, 117]],

       ...,

       [[124, 124, 124],
        [134, 134, 134],
        [144, 144, 144],
        ...,
        [139, 139, 139],
        [129, 129, 129],
        [123, 123, 123]],

       [[124, 124, 124],
        [133, 133, 133],
        [142, 142, 142],
        ...,
        [137, 137, 137],
        [129, 129, 129],
        [123, 123, 123]],

       [[124, 124, 124],
        [131, 131, 131],
        [139, 139, 139],
        ...,
        [133, 133, 133],
        [127, 127, 127],
        [123, 123, 123]]], dtype=uint8)}
2025-08-04 12:16:01,757 [INFO] Đã mở camera.
2025-08-04 14:07:43,331 [INFO] Đã mở camera.
2025-08-04 14:07:53,559 [INFO] Nhận pallet_infos: [('', 0.9), ('', 0.9), ('', 0.9), ('', 0.9), ('', 0.9), ('Other label', 0.9)]
2025-08-04 14:07:53,560 [INFO] Bắt đầu phân tích ảnh...
2025-08-04 14:07:54,869 [DEBUG] Kết quả detectLabel: label_image is None? False, rect_label: ((1043, 885), (2568, 2050)), confidence_detect: 0.9714155793190002
2025-08-04 14:07:55,129 [DEBUG] Kết quả classifiLabel: id=38, class_name=Label45, confidence_classify=0.999968409538269
2025-08-04 14:07:55,129 [DEBUG] Xử lý nhãn đặc biệt: id=38, class_name=Label45
2025-08-04 14:07:55,524 [DEBUG] ['tesseract', 'C:\\Users\\quang\\AppData\\Local\\Temp\\tess_h58mwekq_input.PNG', 'C:\\Users\\quang\\AppData\\Local\\Temp\\tess_h58mwekq', '--oem', '3', '--psm', '7', '-l', 'eng', 'txt']
2025-08-04 14:07:55,803 [DEBUG] Kết quả nhãn đặc biệt: class_name=Label73, confidence_ocr=0.9811320754716981
2025-08-04 14:07:55,804 [DEBUG] Kết quả _handle_special_labels: class_name=Label73, confidence_ocr=0.9811320754716981
2025-08-04 14:07:55,805 [INFO] Đã gán pallet_detected: A
2025-08-04 14:07:55,809 [INFO] Kết quả trả về UI: {'label_detected': 'Label73', 'pallet_detected': 'A', 'confidence': 0.9811320754716981, 'confidence_detect': 0.9714155793190002, 'confidence_classify': 0.999968409538269, 'confidence_ocr': 0.9811320754716981, 'origin_image': array([[[90, 90, 90],
        [84, 84, 84],
        [83, 83, 83],
        ...,
        [83, 83, 83],
        [82, 82, 82],
        [77, 77, 77]],

       [[86, 86, 86],
        [90, 90, 90],
        [94, 94, 94],
        ...,
        [83, 83, 83],
        [83, 83, 83],
        [86, 86, 86]],

       [[84, 84, 84],
        [86, 86, 86],
        [93, 93, 93],
        ...,
        [79, 79, 79],
        [79, 79, 79],
        [83, 83, 83]],

       ...,

       [[81, 81, 81],
        [84, 84, 84],
        [84, 84, 84],
        ...,
        [79, 79, 79],
        [79, 79, 79],
        [80, 80, 80]],

       [[79, 79, 79],
        [85, 85, 85],
        [82, 82, 82],
        ...,
        [79, 79, 79],
        [79, 79, 79],
        [78, 78, 78]],

       [[84, 84, 84],
        [81, 81, 81],
        [78, 78, 78],
        ...,
        [79, 79, 79],
        [83, 83, 83],
        [85, 85, 85]]], dtype=uint8), 'label_image': array([[[115, 115, 115],
        [114, 114, 114],
        [114, 114, 114],
        ...,
        [117, 117, 117],
        [118, 118, 118],
        [116, 116, 116]],

       [[116, 116, 116],
        [115, 115, 115],
        [115, 115, 115],
        ...,
        [117, 117, 117],
        [116, 116, 116],
        [115, 115, 115]],

       [[117, 117, 117],
        [116, 116, 116],
        [114, 114, 114],
        ...,
        [116, 116, 116],
        [115, 115, 115],
        [115, 115, 115]],

       ...,

       [[122, 122, 122],
        [130, 130, 130],
        [139, 139, 139],
        ...,
        [136, 136, 136],
        [127, 127, 127],
        [126, 126, 126]],

       [[120, 120, 120],
        [129, 129, 129],
        [136, 136, 136],
        ...,
        [136, 136, 136],
        [126, 126, 126],
        [126, 126, 126]],

       [[121, 121, 121],
        [128, 128, 128],
        [134, 134, 134],
        ...,
        [133, 133, 133],
        [124, 124, 124],
        [124, 124, 124]]], dtype=uint8)}
2025-08-04 14:20:25,011 [INFO] Nhận pallet_infos: [('', 0.9), ('', 0.9), ('', 0.9), ('', 0.9), ('', 0.9), ('Other label', 0.9)]
2025-08-04 14:20:25,012 [INFO] Bắt đầu phân tích ảnh...
2025-08-04 14:20:25,842 [DEBUG] Kết quả detectLabel: label_image is None? False, rect_label: ((1040, 885), (2566, 2049)), confidence_detect: 0.9713061451911926
2025-08-04 14:20:25,966 [DEBUG] Kết quả classifiLabel: id=38, class_name=Label45, confidence_classify=0.9999699592590332
2025-08-04 14:20:25,966 [DEBUG] Xử lý nhãn đặc biệt: id=38, class_name=Label45
2025-08-04 14:20:26,179 [DEBUG] ['tesseract', 'C:\\Users\\quang\\AppData\\Local\\Temp\\tess_r31l87e__input.PNG', 'C:\\Users\\quang\\AppData\\Local\\Temp\\tess_r31l87e_', '--oem', '3', '--psm', '7', '-l', 'eng', 'txt']
2025-08-04 14:20:26,387 [DEBUG] Kết quả nhãn đặc biệt: class_name=Label73, confidence_ocr=0.9811320754716981
2025-08-04 14:20:26,387 [DEBUG] Kết quả _handle_special_labels: class_name=Label73, confidence_ocr=0.9811320754716981
2025-08-04 14:20:26,388 [INFO] Đã gán pallet_detected: A
2025-08-04 14:20:26,389 [INFO] Kết quả trả về UI: {'label_detected': 'Label73', 'pallet_detected': 'A', 'confidence': 0.9811320754716981, 'confidence_detect': 0.9713061451911926, 'confidence_classify': 0.9999699592590332, 'confidence_ocr': 0.9811320754716981, 'origin_image': array([[[90, 90, 90],
        [91, 91, 91],
        [91, 91, 91],
        ...,
        [78, 78, 78],
        [77, 77, 77],
        [78, 78, 78]],

       [[87, 87, 87],
        [92, 92, 92],
        [93, 93, 93],
        ...,
        [81, 81, 81],
        [82, 82, 82],
        [87, 87, 87]],

       [[86, 86, 86],
        [89, 89, 89],
        [92, 92, 92],
        ...,
        [81, 81, 81],
        [81, 81, 81],
        [87, 87, 87]],

       ...,

       [[81, 81, 81],
        [81, 81, 81],
        [84, 84, 84],
        ...,
        [83, 83, 83],
        [82, 82, 82],
        [84, 84, 84]],

       [[80, 80, 80],
        [81, 81, 81],
        [84, 84, 84],
        ...,
        [81, 81, 81],
        [81, 81, 81],
        [85, 85, 85]],

       [[83, 83, 83],
        [83, 83, 83],
        [85, 85, 85],
        ...,
        [75, 75, 75],
        [75, 75, 75],
        [83, 83, 83]]], dtype=uint8), 'label_image': array([[[113, 113, 113],
        [113, 113, 113],
        [114, 114, 114],
        ...,
        [117, 117, 117],
        [118, 118, 118],
        [117, 117, 117]],

       [[115, 115, 115],
        [113, 113, 113],
        [114, 114, 114],
        ...,
        [117, 117, 117],
        [117, 117, 117],
        [117, 117, 117]],

       [[115, 115, 115],
        [113, 113, 113],
        [112, 112, 112],
        ...,
        [116, 116, 116],
        [116, 116, 116],
        [116, 116, 116]],

       ...,

       [[123, 123, 123],
        [131, 131, 131],
        [141, 141, 141],
        ...,
        [132, 132, 132],
        [124, 124, 124],
        [122, 122, 122]],

       [[124, 124, 124],
        [130, 130, 130],
        [138, 138, 138],
        ...,
        [133, 133, 133],
        [124, 124, 124],
        [122, 122, 122]],

       [[125, 125, 125],
        [130, 130, 130],
        [136, 136, 136],
        ...,
        [131, 131, 131],
        [124, 124, 124],
        [123, 123, 123]]], dtype=uint8)}
2025-08-04 14:35:44,998 [INFO] Nhận pallet_infos: [('', 0.9), ('', 0.9), ('', 0.9), ('', 0.9), ('', 0.9), ('Other label', 0.9)]
2025-08-04 14:35:45,013 [INFO] Bắt đầu phân tích ảnh...
2025-08-04 14:35:45,730 [DEBUG] Kết quả detectLabel: label_image is None? False, rect_label: ((1038, 885), (2566, 2050)), confidence_detect: 0.9711876511573792
2025-08-04 14:35:45,854 [DEBUG] Kết quả classifiLabel: id=38, class_name=Label45, confidence_classify=0.9999761581420898
2025-08-04 14:35:45,854 [DEBUG] Xử lý nhãn đặc biệt: id=38, class_name=Label45
2025-08-04 14:35:46,093 [DEBUG] ['tesseract', 'C:\\Users\\quang\\AppData\\Local\\Temp\\tess_a8s1k48w_input.PNG', 'C:\\Users\\quang\\AppData\\Local\\Temp\\tess_a8s1k48w', '--oem', '3', '--psm', '7', '-l', 'eng', 'txt']
2025-08-04 14:35:46,359 [DEBUG] Kết quả nhãn đặc biệt: class_name=Label73, confidence_ocr=0.9811320754716981
2025-08-04 14:35:46,359 [DEBUG] Kết quả _handle_special_labels: class_name=Label73, confidence_ocr=0.9811320754716981
2025-08-04 14:35:46,360 [INFO] Đã gán pallet_detected: A
2025-08-04 14:35:46,362 [INFO] Kết quả trả về UI: {'label_detected': 'Label73', 'pallet_detected': 'A', 'confidence': 0.9811320754716981, 'confidence_detect': 0.9711876511573792, 'confidence_classify': 0.9999761581420898, 'confidence_ocr': 0.9811320754716981, 'origin_image': array([[[89, 89, 89],
        [81, 81, 81],
        [82, 82, 82],
        ...,
        [81, 81, 81],
        [82, 82, 82],
        [77, 77, 77]],

       [[89, 89, 89],
        [87, 87, 87],
        [87, 87, 87],
        ...,
        [81, 81, 81],
        [82, 82, 82],
        [86, 86, 86]],

       [[87, 87, 87],
        [87, 87, 87],
        [87, 87, 87],
        ...,
        [78, 78, 78],
        [81, 81, 81],
        [84, 84, 84]],

       ...,

       [[77, 77, 77],
        [86, 86, 86],
        [85, 85, 85],
        ...,
        [83, 83, 83],
        [83, 83, 83],
        [78, 78, 78]],

       [[75, 75, 75],
        [84, 84, 84],
        [86, 86, 86],
        ...,
        [83, 83, 83],
        [85, 85, 85],
        [78, 78, 78]],

       [[86, 86, 86],
        [79, 79, 79],
        [79, 79, 79],
        ...,
        [77, 77, 77],
        [78, 78, 78],
        [79, 79, 79]]], dtype=uint8), 'label_image': array([[[113, 113, 113],
        [115, 115, 115],
        [114, 114, 114],
        ...,
        [117, 117, 117],
        [116, 116, 116],
        [115, 115, 115]],

       [[113, 113, 113],
        [115, 115, 115],
        [114, 114, 114],
        ...,
        [116, 116, 116],
        [116, 116, 116],
        [115, 115, 115]],

       [[114, 114, 114],
        [114, 114, 114],
        [114, 114, 114],
        ...,
        [117, 117, 117],
        [117, 117, 117],
        [115, 115, 115]],

       ...,

       [[124, 124, 124],
        [130, 130, 130],
        [139, 139, 139],
        ...,
        [139, 139, 139],
        [130, 130, 130],
        [125, 125, 125]],

       [[124, 124, 124],
        [130, 130, 130],
        [138, 138, 138],
        ...,
        [138, 138, 138],
        [129, 129, 129],
        [124, 124, 124]],

       [[124, 124, 124],
        [129, 129, 129],
        [136, 136, 136],
        ...,
        [135, 135, 135],
        [127, 127, 127],
        [122, 122, 122]]], dtype=uint8)}
2025-08-04 14:39:49,350 [INFO] Nhận pallet_infos: [('', 0.9), ('', 0.9), ('', 0.9), ('', 0.9), ('', 0.9), ('Other label', 0.9)]
2025-08-04 14:39:49,350 [INFO] Bắt đầu phân tích ảnh...
2025-08-04 14:39:50,070 [DEBUG] Kết quả detectLabel: label_image is None? False, rect_label: ((1037, 886), (2565, 2050)), confidence_detect: 0.9711669683456421
2025-08-04 14:39:50,180 [DEBUG] Kết quả classifiLabel: id=38, class_name=Label45, confidence_classify=0.9999681711196899
2025-08-04 14:39:50,180 [DEBUG] Xử lý nhãn đặc biệt: id=38, class_name=Label45
2025-08-04 14:39:50,369 [DEBUG] ['tesseract', 'C:\\Users\\quang\\AppData\\Local\\Temp\\tess_s7vlsicl_input.PNG', 'C:\\Users\\quang\\AppData\\Local\\Temp\\tess_s7vlsicl', '--oem', '3', '--psm', '7', '-l', 'eng', 'txt']
2025-08-04 14:39:50,561 [DEBUG] Kết quả nhãn đặc biệt: class_name=Label73, confidence_ocr=0.9811320754716981
2025-08-04 14:39:50,561 [DEBUG] Kết quả _handle_special_labels: class_name=Label73, confidence_ocr=0.9811320754716981
2025-08-04 14:39:50,562 [INFO] Đã gán pallet_detected: A
2025-08-04 14:39:50,563 [INFO] Kết quả trả về UI: {'label_detected': 'Label73', 'pallet_detected': 'A', 'confidence': 0.9811320754716981, 'confidence_detect': 0.9711669683456421, 'confidence_classify': 0.9999681711196899, 'confidence_ocr': 0.9811320754716981, 'origin_image': array([[[87, 87, 87],
        [92, 92, 92],
        [92, 92, 92],
        ...,
        [81, 81, 81],
        [79, 79, 79],
        [77, 77, 77]],

       [[87, 87, 87],
        [88, 88, 88],
        [91, 91, 91],
        ...,
        [78, 78, 78],
        [79, 79, 79],
        [73, 73, 73]],

       [[89, 89, 89],
        [88, 88, 88],
        [89, 89, 89],
        ...,
        [78, 78, 78],
        [78, 78, 78],
        [73, 73, 73]],

       ...,

       [[85, 85, 85],
        [83, 83, 83],
        [82, 82, 82],
        ...,
        [81, 81, 81],
        [80, 80, 80],
        [82, 82, 82]],

       [[85, 85, 85],
        [80, 80, 80],
        [79, 79, 79],
        ...,
        [79, 79, 79],
        [78, 78, 78],
        [83, 83, 83]],

       [[86, 86, 86],
        [86, 86, 86],
        [85, 85, 85],
        ...,
        [78, 78, 78],
        [76, 76, 76],
        [83, 83, 83]]], dtype=uint8), 'label_image': array([[[115, 115, 115],
        [113, 113, 113],
        [112, 112, 112],
        ...,
        [114, 114, 114],
        [114, 114, 114],
        [114, 114, 114]],

       [[116, 116, 116],
        [116, 116, 116],
        [114, 114, 114],
        ...,
        [113, 113, 113],
        [113, 113, 113],
        [114, 114, 114]],

       [[116, 116, 116],
        [116, 116, 116],
        [114, 114, 114],
        ...,
        [112, 112, 112],
        [113, 113, 113],
        [115, 115, 115]],

       ...,

       [[128, 128, 128],
        [135, 135, 135],
        [144, 144, 144],
        ...,
        [135, 135, 135],
        [128, 128, 128],
        [124, 124, 124]],

       [[126, 126, 126],
        [133, 133, 133],
        [142, 142, 142],
        ...,
        [134, 134, 134],
        [128, 128, 128],
        [125, 125, 125]],

       [[125, 125, 125],
        [129, 129, 129],
        [137, 137, 137],
        ...,
        [134, 134, 134],
        [129, 129, 129],
        [126, 126, 126]]], dtype=uint8)}
2025-08-04 14:40:37,917 [INFO] Nhận pallet_infos: [('Label73', 0.9), ('', 0.9), ('', 0.9), ('', 0.9), ('', 0.9), ('Other label', 0.9)]
2025-08-04 14:40:37,918 [INFO] Bắt đầu phân tích ảnh...
2025-08-04 14:40:38,643 [DEBUG] Kết quả detectLabel: label_image is None? False, rect_label: ((1038, 885), (2566, 2050)), confidence_detect: 0.9712144136428833
2025-08-04 14:40:38,751 [DEBUG] Kết quả classifiLabel: id=38, class_name=Label45, confidence_classify=0.9999616146087646
2025-08-04 14:40:38,751 [DEBUG] Xử lý nhãn đặc biệt: id=38, class_name=Label45
2025-08-04 14:40:38,927 [DEBUG] ['tesseract', 'C:\\Users\\quang\\AppData\\Local\\Temp\\tess_hven4g5x_input.PNG', 'C:\\Users\\quang\\AppData\\Local\\Temp\\tess_hven4g5x', '--oem', '3', '--psm', '7', '-l', 'eng', 'txt']
2025-08-04 14:40:39,084 [DEBUG] Kết quả nhãn đặc biệt: class_name=Label73, confidence_ocr=0.9811320754716981
2025-08-04 14:40:39,084 [DEBUG] Kết quả _handle_special_labels: class_name=Label73, confidence_ocr=0.9811320754716981
2025-08-04 14:40:39,085 [DEBUG] So sánh label_detected=Label73 với name=Label73, confidence=0.9811320754716981 >= thresh=0.9
2025-08-04 14:40:39,085 [INFO] Đã gán pallet_detected: A
2025-08-04 14:40:39,086 [INFO] Kết quả trả về UI: {'label_detected': 'Label73', 'pallet_detected': 'A', 'confidence': 0.9811320754716981, 'confidence_detect': 0.9712144136428833, 'confidence_classify': 0.9999616146087646, 'confidence_ocr': 0.9811320754716981, 'origin_image': array([[[88, 88, 88],
        [89, 89, 89],
        [90, 90, 90],
        ...,
        [83, 83, 83],
        [83, 83, 83],
        [88, 88, 88]],

       [[91, 91, 91],
        [93, 93, 93],
        [91, 91, 91],
        ...,
        [81, 81, 81],
        [83, 83, 83],
        [89, 89, 89]],

       [[90, 90, 90],
        [92, 92, 92],
        [89, 89, 89],
        ...,
        [79, 79, 79],
        [82, 82, 82],
        [86, 86, 86]],

       ...,

       [[84, 84, 84],
        [88, 88, 88],
        [87, 87, 87],
        ...,
        [76, 76, 76],
        [76, 76, 76],
        [80, 80, 80]],

       [[83, 83, 83],
        [85, 85, 85],
        [84, 84, 84],
        ...,
        [75, 75, 75],
        [75, 75, 75],
        [79, 79, 79]],

       [[86, 86, 86],
        [90, 90, 90],
        [91, 91, 91],
        ...,
        [85, 85, 85],
        [86, 86, 86],
        [78, 78, 78]]], dtype=uint8), 'label_image': array([[[116, 116, 116],
        [110, 110, 110],
        [110, 110, 110],
        ...,
        [114, 114, 114],
        [114, 114, 114],
        [112, 112, 112]],

       [[113, 113, 113],
        [109, 109, 109],
        [110, 110, 110],
        ...,
        [114, 114, 114],
        [115, 115, 115],
        [113, 113, 113]],

       [[114, 114, 114],
        [109, 109, 109],
        [108, 108, 108],
        ...,
        [116, 116, 116],
        [115, 115, 115],
        [115, 115, 115]],

       ...,

       [[129, 129, 129],
        [137, 137, 137],
        [150, 150, 150],
        ...,
        [142, 142, 142],
        [130, 130, 130],
        [130, 130, 130]],

       [[128, 128, 128],
        [135, 135, 135],
        [147, 147, 147],
        ...,
        [138, 138, 138],
        [126, 126, 126],
        [124, 124, 124]],

       [[128, 128, 128],
        [133, 133, 133],
        [144, 144, 144],
        ...,
        [135, 135, 135],
        [125, 125, 125],
        [122, 122, 122]]], dtype=uint8)}
2025-08-04 14:50:40,862 [INFO] Nhận pallet_infos: [('', 1.0), ('', 0.9), ('', 0.9), ('', 0.9), ('', 0.9), ('Other label', 0.9)]
2025-08-04 14:50:40,863 [INFO] Bắt đầu phân tích ảnh...
2025-08-04 14:50:41,551 [DEBUG] Kết quả detectLabel: label_image is None? False, rect_label: ((1036, 886), (2565, 2051)), confidence_detect: 0.9711673855781555
2025-08-04 14:50:41,679 [DEBUG] Kết quả classifiLabel: id=38, class_name=Label45, confidence_classify=0.9999680519104004
2025-08-04 14:50:41,679 [DEBUG] Xử lý nhãn đặc biệt: id=38, class_name=Label45
2025-08-04 14:50:41,835 [DEBUG] ['tesseract', 'C:\\Users\\quang\\AppData\\Local\\Temp\\tess_mut3qtlq_input.PNG', 'C:\\Users\\quang\\AppData\\Local\\Temp\\tess_mut3qtlq', '--oem', '3', '--psm', '7', '-l', 'eng', 'txt']
2025-08-04 14:50:41,996 [DEBUG] Kết quả nhãn đặc biệt: class_name=Label73, confidence_ocr=0.9811320754716981
2025-08-04 14:50:41,996 [DEBUG] Kết quả _handle_special_labels: class_name=Label73, confidence_ocr=0.9811320754716981
2025-08-04 14:50:41,998 [INFO] Kết quả trả về UI: {'label_detected': 'Label73', 'pallet_detected': 'F', 'confidence': 0.9811320754716981, 'confidence_detect': 0.9711673855781555, 'confidence_classify': 0.9999680519104004, 'confidence_ocr': 0.9811320754716981, 'origin_image': array([[[89, 89, 89],
        [86, 86, 86],
        [87, 87, 87],
        ...,
        [80, 80, 80],
        [81, 81, 81],
        [80, 80, 80]],

       [[87, 87, 87],
        [91, 91, 91],
        [89, 89, 89],
        ...,
        [84, 84, 84],
        [86, 86, 86],
        [83, 83, 83]],

       [[87, 87, 87],
        [89, 89, 89],
        [89, 89, 89],
        ...,
        [83, 83, 83],
        [85, 85, 85],
        [80, 80, 80]],

       ...,

       [[83, 83, 83],
        [84, 84, 84],
        [85, 85, 85],
        ...,
        [79, 79, 79],
        [78, 78, 78],
        [77, 77, 77]],

       [[84, 84, 84],
        [85, 85, 85],
        [86, 86, 86],
        ...,
        [76, 76, 76],
        [73, 73, 73],
        [75, 75, 75]],

       [[82, 82, 82],
        [85, 85, 85],
        [85, 85, 85],
        ...,
        [79, 79, 79],
        [76, 76, 76],
        [77, 77, 77]]], dtype=uint8), 'label_image': array([[[114, 114, 114],
        [113, 113, 113],
        [112, 112, 112],
        ...,
        [115, 115, 115],
        [115, 115, 115],
        [114, 114, 114]],

       [[114, 114, 114],
        [113, 113, 113],
        [112, 112, 112],
        ...,
        [116, 116, 116],
        [116, 116, 116],
        [115, 115, 115]],

       [[115, 115, 115],
        [113, 113, 113],
        [113, 113, 113],
        ...,
        [114, 114, 114],
        [113, 113, 113],
        [112, 112, 112]],

       ...,

       [[128, 128, 128],
        [137, 137, 137],
        [148, 148, 148],
        ...,
        [144, 144, 144],
        [135, 135, 135],
        [128, 128, 128]],

       [[127, 127, 127],
        [134, 134, 134],
        [144, 144, 144],
        ...,
        [143, 143, 143],
        [134, 134, 134],
        [126, 126, 126]],

       [[126, 126, 126],
        [133, 133, 133],
        [141, 141, 141],
        ...,
        [140, 140, 140],
        [132, 132, 132],
        [125, 125, 125]]], dtype=uint8)}
2025-08-04 14:50:49,206 [INFO] Nhận pallet_infos: [('', 1.0), ('', 0.9), ('', 0.9), ('', 0.9), ('', 0.9), ('Other label', 0.9)]
2025-08-04 14:50:49,206 [INFO] Bắt đầu phân tích ảnh...
2025-08-04 14:50:49,895 [DEBUG] Kết quả detectLabel: label_image is None? False, rect_label: ((1036, 886), (2565, 2050)), confidence_detect: 0.9711812138557434
2025-08-04 14:50:49,984 [DEBUG] Kết quả classifiLabel: id=38, class_name=Label45, confidence_classify=0.9999678134918213
2025-08-04 14:50:49,984 [DEBUG] Xử lý nhãn đặc biệt: id=38, class_name=Label45
2025-08-04 14:50:50,136 [DEBUG] ['tesseract', 'C:\\Users\\quang\\AppData\\Local\\Temp\\tess_6llb3j17_input.PNG', 'C:\\Users\\quang\\AppData\\Local\\Temp\\tess_6llb3j17', '--oem', '3', '--psm', '7', '-l', 'eng', 'txt']
2025-08-04 14:50:50,291 [DEBUG] Kết quả nhãn đặc biệt: class_name=Label73, confidence_ocr=0.9811320754716981
2025-08-04 14:50:50,292 [DEBUG] Kết quả _handle_special_labels: class_name=Label73, confidence_ocr=0.9811320754716981
2025-08-04 14:50:50,293 [INFO] Kết quả trả về UI: {'label_detected': 'Label73', 'pallet_detected': 'F', 'confidence': 0.9811320754716981, 'confidence_detect': 0.9711812138557434, 'confidence_classify': 0.9999678134918213, 'confidence_ocr': 0.9811320754716981, 'origin_image': array([[[89, 89, 89],
        [91, 91, 91],
        [90, 90, 90],
        ...,
        [78, 78, 78],
        [77, 77, 77],
        [81, 81, 81]],

       [[87, 87, 87],
        [87, 87, 87],
        [86, 86, 86],
        ...,
        [78, 78, 78],
        [78, 78, 78],
        [82, 82, 82]],

       [[88, 88, 88],
        [85, 85, 85],
        [85, 85, 85],
        ...,
        [79, 79, 79],
        [78, 78, 78],
        [82, 82, 82]],

       ...,

       [[84, 84, 84],
        [81, 81, 81],
        [79, 79, 79],
        ...,
        [80, 80, 80],
        [80, 80, 80],
        [77, 77, 77]],

       [[83, 83, 83],
        [81, 81, 81],
        [79, 79, 79],
        ...,
        [81, 81, 81],
        [80, 80, 80],
        [77, 77, 77]],

       [[84, 84, 84],
        [83, 83, 83],
        [84, 84, 84],
        ...,
        [82, 82, 82],
        [83, 83, 83],
        [84, 84, 84]]], dtype=uint8), 'label_image': array([[[112, 112, 112],
        [111, 111, 111],
        [110, 110, 110],
        ...,
        [115, 115, 115],
        [116, 116, 116],
        [116, 116, 116]],

       [[113, 113, 113],
        [112, 112, 112],
        [111, 111, 111],
        ...,
        [112, 112, 112],
        [114, 114, 114],
        [116, 116, 116]],

       [[114, 114, 114],
        [113, 113, 113],
        [112, 112, 112],
        ...,
        [112, 112, 112],
        [114, 114, 114],
        [116, 116, 116]],

       ...,

       [[128, 128, 128],
        [137, 137, 137],
        [146, 146, 146],
        ...,
        [139, 139, 139],
        [128, 128, 128],
        [121, 121, 121]],

       [[127, 127, 127],
        [135, 135, 135],
        [144, 144, 144],
        ...,
        [137, 137, 137],
        [128, 128, 128],
        [122, 122, 122]],

       [[126, 126, 126],
        [133, 133, 133],
        [142, 142, 142],
        ...,
        [136, 136, 136],
        [129, 129, 129],
        [123, 123, 123]]], dtype=uint8)}
2025-08-04 14:50:59,030 [INFO] Nhận pallet_infos: [('', 1.0), ('', 0.9), ('', 0.9), ('', 0.9), ('', 0.9), ('Other label', 0.9)]
2025-08-04 14:50:59,030 [INFO] Bắt đầu phân tích ảnh...
2025-08-04 14:50:59,712 [DEBUG] Kết quả detectLabel: label_image is None? False, rect_label: ((1037, 886), (2565, 2050)), confidence_detect: 0.9712327122688293
2025-08-04 14:50:59,813 [DEBUG] Kết quả classifiLabel: id=38, class_name=Label45, confidence_classify=0.9999711513519287
2025-08-04 14:50:59,813 [DEBUG] Xử lý nhãn đặc biệt: id=38, class_name=Label45
2025-08-04 14:51:00,025 [DEBUG] ['tesseract', 'C:\\Users\\quang\\AppData\\Local\\Temp\\tess_fwxt3zh0_input.PNG', 'C:\\Users\\quang\\AppData\\Local\\Temp\\tess_fwxt3zh0', '--oem', '3', '--psm', '7', '-l', 'eng', 'txt']
2025-08-04 14:51:00,181 [DEBUG] Kết quả nhãn đặc biệt: class_name=Label73, confidence_ocr=0.9811320754716981
2025-08-04 14:51:00,181 [DEBUG] Kết quả _handle_special_labels: class_name=Label73, confidence_ocr=0.9811320754716981
2025-08-04 14:51:00,183 [INFO] Kết quả trả về UI: {'label_detected': 'Label73', 'pallet_detected': 'F', 'confidence': 0.9811320754716981, 'confidence_detect': 0.9712327122688293, 'confidence_classify': 0.9999711513519287, 'confidence_ocr': 0.9811320754716981, 'origin_image': array([[[91, 91, 91],
        [86, 86, 86],
        [87, 87, 87],
        ...,
        [82, 82, 82],
        [81, 81, 81],
        [79, 79, 79]],

       [[92, 92, 92],
        [88, 88, 88],
        [87, 87, 87],
        ...,
        [76, 76, 76],
        [75, 75, 75],
        [79, 79, 79]],

       [[91, 91, 91],
        [88, 88, 88],
        [86, 86, 86],
        ...,
        [77, 77, 77],
        [77, 77, 77],
        [79, 79, 79]],

       ...,

       [[83, 83, 83],
        [82, 82, 82],
        [84, 84, 84],
        ...,
        [81, 81, 81],
        [78, 78, 78],
        [75, 75, 75]],

       [[81, 81, 81],
        [80, 80, 80],
        [81, 81, 81],
        ...,
        [80, 80, 80],
        [77, 77, 77],
        [76, 76, 76]],

       [[82, 82, 82],
        [79, 79, 79],
        [79, 79, 79],
        ...,
        [73, 73, 73],
        [73, 73, 73],
        [82, 82, 82]]], dtype=uint8), 'label_image': array([[[113, 113, 113],
        [114, 114, 114],
        [114, 114, 114],
        ...,
        [114, 114, 114],
        [114, 114, 114],
        [115, 115, 115]],

       [[113, 113, 113],
        [114, 114, 114],
        [113, 113, 113],
        ...,
        [113, 113, 113],
        [114, 114, 114],
        [116, 116, 116]],

       [[112, 112, 112],
        [111, 111, 111],
        [110, 110, 110],
        ...,
        [114, 114, 114],
        [115, 115, 115],
        [116, 116, 116]],

       ...,

       [[130, 130, 130],
        [138, 138, 138],
        [147, 147, 147],
        ...,
        [141, 141, 141],
        [133, 133, 133],
        [125, 125, 125]],

       [[129, 129, 129],
        [136, 136, 136],
        [145, 145, 145],
        ...,
        [139, 139, 139],
        [132, 132, 132],
        [125, 125, 125]],

       [[127, 127, 127],
        [134, 134, 134],
        [142, 142, 142],
        ...,
        [135, 135, 135],
        [129, 129, 129],
        [125, 125, 125]]], dtype=uint8)}
2025-08-04 14:51:08,548 [INFO] Nhận pallet_infos: [('', 1.0), ('', 0.9), ('', 0.9), ('', 0.9), ('', 0.9), ('Other label', 0.9)]
2025-08-04 14:51:08,548 [INFO] Bắt đầu phân tích ảnh...
2025-08-04 14:51:09,231 [DEBUG] Kết quả detectLabel: label_image is None? False, rect_label: ((1037, 886), (2565, 2049)), confidence_detect: 0.971144437789917
2025-08-04 14:51:09,321 [DEBUG] Kết quả classifiLabel: id=38, class_name=Label45, confidence_classify=0.9999614953994751
2025-08-04 14:51:09,322 [DEBUG] Xử lý nhãn đặc biệt: id=38, class_name=Label45
2025-08-04 14:51:09,472 [DEBUG] ['tesseract', 'C:\\Users\\quang\\AppData\\Local\\Temp\\tess_ydsrzsyd_input.PNG', 'C:\\Users\\quang\\AppData\\Local\\Temp\\tess_ydsrzsyd', '--oem', '3', '--psm', '7', '-l', 'eng', 'txt']
2025-08-04 14:51:09,620 [DEBUG] Kết quả nhãn đặc biệt: class_name=Label73, confidence_ocr=0.9811320754716981
2025-08-04 14:51:09,621 [DEBUG] Kết quả _handle_special_labels: class_name=Label73, confidence_ocr=0.9811320754716981
2025-08-04 14:51:09,622 [INFO] Kết quả trả về UI: {'label_detected': 'Label73', 'pallet_detected': 'F', 'confidence': 0.9811320754716981, 'confidence_detect': 0.971144437789917, 'confidence_classify': 0.9999614953994751, 'confidence_ocr': 0.9811320754716981, 'origin_image': array([[[90, 90, 90],
        [88, 88, 88],
        [88, 88, 88],
        ...,
        [75, 75, 75],
        [74, 74, 74],
        [75, 75, 75]],

       [[83, 83, 83],
        [79, 79, 79],
        [84, 84, 84],
        ...,
        [80, 80, 80],
        [78, 78, 78],
        [81, 81, 81]],

       [[85, 85, 85],
        [79, 79, 79],
        [84, 84, 84],
        ...,
        [82, 82, 82],
        [80, 80, 80],
        [79, 79, 79]],

       ...,

       [[80, 80, 80],
        [82, 82, 82],
        [82, 82, 82],
        ...,
        [70, 70, 70],
        [70, 70, 70],
        [78, 78, 78]],

       [[79, 79, 79],
        [82, 82, 82],
        [83, 83, 83],
        ...,
        [68, 68, 68],
        [69, 69, 69],
        [75, 75, 75]],

       [[79, 79, 79],
        [83, 83, 83],
        [80, 80, 80],
        ...,
        [71, 71, 71],
        [70, 70, 70],
        [76, 76, 76]]], dtype=uint8), 'label_image': array([[[112, 112, 112],
        [113, 113, 113],
        [115, 115, 115],
        ...,
        [111, 111, 111],
        [111, 111, 111],
        [112, 112, 112]],

       [[112, 112, 112],
        [114, 114, 114],
        [115, 115, 115],
        ...,
        [111, 111, 111],
        [110, 110, 110],
        [110, 110, 110]],

       [[113, 113, 113],
        [115, 115, 115],
        [116, 116, 116],
        ...,
        [113, 113, 113],
        [112, 112, 112],
        [111, 111, 111]],

       ...,

       [[127, 127, 127],
        [135, 135, 135],
        [145, 145, 145],
        ...,
        [143, 143, 143],
        [132, 132, 132],
        [123, 123, 123]],

       [[125, 125, 125],
        [134, 134, 134],
        [144, 144, 144],
        ...,
        [139, 139, 139],
        [129, 129, 129],
        [121, 121, 121]],

       [[124, 124, 124],
        [131, 131, 131],
        [140, 140, 140],
        ...,
        [136, 136, 136],
        [128, 128, 128],
        [122, 122, 122]]], dtype=uint8)}
2025-08-04 14:51:17,841 [INFO] Nhận pallet_infos: [('', 1.0), ('', 0.9), ('', 0.9), ('', 0.9), ('', 0.9), ('Other label', 0.9)]
2025-08-04 14:51:17,841 [INFO] Bắt đầu phân tích ảnh...
2025-08-04 14:51:18,525 [DEBUG] Kết quả detectLabel: label_image is None? False, rect_label: ((1037, 886), (2565, 2049)), confidence_detect: 0.9711167812347412
2025-08-04 14:51:18,616 [DEBUG] Kết quả classifiLabel: id=38, class_name=Label45, confidence_classify=0.9999707937240601
2025-08-04 14:51:18,616 [DEBUG] Xử lý nhãn đặc biệt: id=38, class_name=Label45
2025-08-04 14:51:18,771 [DEBUG] ['tesseract', 'C:\\Users\\quang\\AppData\\Local\\Temp\\tess_ovny04ul_input.PNG', 'C:\\Users\\quang\\AppData\\Local\\Temp\\tess_ovny04ul', '--oem', '3', '--psm', '7', '-l', 'eng', 'txt']
2025-08-04 14:51:18,918 [DEBUG] Kết quả nhãn đặc biệt: class_name=Label73, confidence_ocr=0.9811320754716981
2025-08-04 14:51:18,918 [DEBUG] Kết quả _handle_special_labels: class_name=Label73, confidence_ocr=0.9811320754716981
2025-08-04 14:51:18,920 [INFO] Kết quả trả về UI: {'label_detected': 'Label73', 'pallet_detected': 'F', 'confidence': 0.9811320754716981, 'confidence_detect': 0.9711167812347412, 'confidence_classify': 0.9999707937240601, 'confidence_ocr': 0.9811320754716981, 'origin_image': array([[[92, 92, 92],
        [86, 86, 86],
        [85, 85, 85],
        ...,
        [81, 81, 81],
        [83, 83, 83],
        [85, 85, 85]],

       [[84, 84, 84],
        [89, 89, 89],
        [88, 88, 88],
        ...,
        [87, 87, 87],
        [87, 87, 87],
        [79, 79, 79]],

       [[84, 84, 84],
        [89, 89, 89],
        [89, 89, 89],
        ...,
        [87, 87, 87],
        [88, 88, 88],
        [78, 78, 78]],

       ...,

       [[82, 82, 82],
        [85, 85, 85],
        [84, 84, 84],
        ...,
        [68, 68, 68],
        [67, 67, 67],
        [80, 80, 80]],

       [[82, 82, 82],
        [82, 82, 82],
        [84, 84, 84],
        ...,
        [65, 65, 65],
        [64, 64, 64],
        [79, 79, 79]],

       [[85, 85, 85],
        [81, 81, 81],
        [83, 83, 83],
        ...,
        [87, 87, 87],
        [85, 85, 85],
        [77, 77, 77]]], dtype=uint8), 'label_image': array([[[110, 110, 110],
        [113, 113, 113],
        [114, 114, 114],
        ...,
        [117, 117, 117],
        [115, 115, 115],
        [114, 114, 114]],

       [[113, 113, 113],
        [112, 112, 112],
        [112, 112, 112],
        ...,
        [116, 116, 116],
        [115, 115, 115],
        [114, 114, 114]],

       [[115, 115, 115],
        [114, 114, 114],
        [113, 113, 113],
        ...,
        [112, 112, 112],
        [113, 113, 113],
        [114, 114, 114]],

       ...,

       [[125, 125, 125],
        [130, 130, 130],
        [142, 142, 142],
        ...,
        [134, 134, 134],
        [127, 127, 127],
        [120, 120, 120]],

       [[125, 125, 125],
        [129, 129, 129],
        [140, 140, 140],
        ...,
        [133, 133, 133],
        [127, 127, 127],
        [122, 122, 122]],

       [[124, 124, 124],
        [126, 126, 126],
        [138, 138, 138],
        ...,
        [132, 132, 132],
        [127, 127, 127],
        [123, 123, 123]]], dtype=uint8)}
2025-08-04 14:51:24,576 [INFO] Nhận pallet_infos: [('', 1.0), ('', 0.9), ('', 0.9), ('', 0.9), ('', 0.9), ('Other label', 0.9)]
2025-08-04 14:51:24,576 [INFO] Bắt đầu phân tích ảnh...
2025-08-04 14:51:25,271 [DEBUG] Kết quả detectLabel: label_image is None? False, rect_label: ((1036, 885), (2565, 2050)), confidence_detect: 0.9711286425590515
2025-08-04 14:51:25,364 [DEBUG] Kết quả classifiLabel: id=38, class_name=Label45, confidence_classify=0.9999628067016602
2025-08-04 14:51:25,364 [DEBUG] Xử lý nhãn đặc biệt: id=38, class_name=Label45
2025-08-04 14:51:25,523 [DEBUG] ['tesseract', 'C:\\Users\\quang\\AppData\\Local\\Temp\\tess_wxtabiej_input.PNG', 'C:\\Users\\quang\\AppData\\Local\\Temp\\tess_wxtabiej', '--oem', '3', '--psm', '7', '-l', 'eng', 'txt']
2025-08-04 14:51:25,685 [DEBUG] Kết quả nhãn đặc biệt: class_name=Label73, confidence_ocr=0.9811320754716981
2025-08-04 14:51:25,685 [DEBUG] Kết quả _handle_special_labels: class_name=Label73, confidence_ocr=0.9811320754716981
2025-08-04 14:51:25,687 [INFO] Kết quả trả về UI: {'label_detected': 'Label73', 'pallet_detected': 'F', 'confidence': 0.9811320754716981, 'confidence_detect': 0.9711286425590515, 'confidence_classify': 0.9999628067016602, 'confidence_ocr': 0.9811320754716981, 'origin_image': array([[[85, 85, 85],
        [85, 85, 85],
        [86, 86, 86],
        ...,
        [84, 84, 84],
        [83, 83, 83],
        [78, 78, 78]],

       [[87, 87, 87],
        [89, 89, 89],
        [90, 90, 90],
        ...,
        [80, 80, 80],
        [80, 80, 80],
        [79, 79, 79]],

       [[87, 87, 87],
        [90, 90, 90],
        [90, 90, 90],
        ...,
        [81, 81, 81],
        [81, 81, 81],
        [78, 78, 78]],

       ...,

       [[81, 81, 81],
        [83, 83, 83],
        [83, 83, 83],
        ...,
        [80, 80, 80],
        [79, 79, 79],
        [83, 83, 83]],

       [[77, 77, 77],
        [83, 83, 83],
        [83, 83, 83],
        ...,
        [80, 80, 80],
        [79, 79, 79],
        [84, 84, 84]],

       [[76, 76, 76],
        [83, 83, 83],
        [84, 84, 84],
        ...,
        [77, 77, 77],
        [78, 78, 78],
        [83, 83, 83]]], dtype=uint8), 'label_image': array([[[112, 112, 112],
        [115, 115, 115],
        [114, 114, 114],
        ...,
        [113, 113, 113],
        [114, 114, 114],
        [115, 115, 115]],

       [[114, 114, 114],
        [115, 115, 115],
        [115, 115, 115],
        ...,
        [115, 115, 115],
        [115, 115, 115],
        [115, 115, 115]],

       [[115, 115, 115],
        [116, 116, 116],
        [115, 115, 115],
        ...,
        [116, 116, 116],
        [115, 115, 115],
        [114, 114, 114]],

       ...,

       [[126, 126, 126],
        [136, 136, 136],
        [147, 147, 147],
        ...,
        [133, 133, 133],
        [125, 125, 125],
        [120, 120, 120]],

       [[126, 126, 126],
        [135, 135, 135],
        [145, 145, 145],
        ...,
        [132, 132, 132],
        [125, 125, 125],
        [120, 120, 120]],

       [[125, 125, 125],
        [133, 133, 133],
        [143, 143, 143],
        ...,
        [130, 130, 130],
        [125, 125, 125],
        [120, 120, 120]]], dtype=uint8)}
2025-08-04 14:51:44,046 [INFO] Nhận pallet_infos: [('', 1.0), ('', 0.9), ('', 0.9), ('', 0.9), ('', 0.9), ('Other label', 0.9)]
2025-08-04 14:51:44,047 [INFO] Bắt đầu phân tích ảnh...
2025-08-04 14:51:44,751 [DEBUG] Kết quả detectLabel: label_image is None? False, rect_label: ((1036, 886), (2565, 2051)), confidence_detect: 0.9712342023849487
2025-08-04 14:51:44,846 [DEBUG] Kết quả classifiLabel: id=38, class_name=Label45, confidence_classify=0.9999734163284302
2025-08-04 14:51:44,847 [DEBUG] Xử lý nhãn đặc biệt: id=38, class_name=Label45
2025-08-04 14:51:45,003 [DEBUG] ['tesseract', 'C:\\Users\\quang\\AppData\\Local\\Temp\\tess_4mv2by7k_input.PNG', 'C:\\Users\\quang\\AppData\\Local\\Temp\\tess_4mv2by7k', '--oem', '3', '--psm', '7', '-l', 'eng', 'txt']
2025-08-04 14:51:45,147 [DEBUG] Kết quả nhãn đặc biệt: class_name=Label73, confidence_ocr=0.9811320754716981
2025-08-04 14:51:45,148 [DEBUG] Kết quả _handle_special_labels: class_name=Label73, confidence_ocr=0.9811320754716981
2025-08-04 14:51:45,149 [INFO] Kết quả trả về UI: {'label_detected': 'Label73', 'pallet_detected': 'F', 'confidence': 0.9811320754716981, 'confidence_detect': 0.9712342023849487, 'confidence_classify': 0.9999734163284302, 'confidence_ocr': 0.9811320754716981, 'origin_image': array([[[85, 85, 85],
        [87, 87, 87],
        [88, 88, 88],
        ...,
        [78, 78, 78],
        [78, 78, 78],
        [83, 83, 83]],

       [[88, 88, 88],
        [93, 93, 93],
        [90, 90, 90],
        ...,
        [79, 79, 79],
        [79, 79, 79],
        [80, 80, 80]],

       [[86, 86, 86],
        [92, 92, 92],
        [91, 91, 91],
        ...,
        [80, 80, 80],
        [78, 78, 78],
        [80, 80, 80]],

       ...,

       [[82, 82, 82],
        [86, 86, 86],
        [84, 84, 84],
        ...,
        [76, 76, 76],
        [75, 75, 75],
        [82, 82, 82]],

       [[82, 82, 82],
        [83, 83, 83],
        [82, 82, 82],
        ...,
        [76, 76, 76],
        [75, 75, 75],
        [79, 79, 79]],

       [[86, 86, 86],
        [81, 81, 81],
        [80, 80, 80],
        ...,
        [78, 78, 78],
        [78, 78, 78],
        [75, 75, 75]]], dtype=uint8), 'label_image': array([[[114, 114, 114],
        [114, 114, 114],
        [114, 114, 114],
        ...,
        [112, 112, 112],
        [113, 113, 113],
        [113, 113, 113]],

       [[113, 113, 113],
        [113, 113, 113],
        [113, 113, 113],
        ...,
        [113, 113, 113],
        [112, 112, 112],
        [112, 112, 112]],

       [[112, 112, 112],
        [113, 113, 113],
        [113, 113, 113],
        ...,
        [114, 114, 114],
        [113, 113, 113],
        [112, 112, 112]],

       ...,

       [[130, 130, 130],
        [140, 140, 140],
        [150, 150, 150],
        ...,
        [140, 140, 140],
        [130, 130, 130],
        [124, 124, 124]],

       [[132, 132, 132],
        [140, 140, 140],
        [148, 148, 148],
        ...,
        [138, 138, 138],
        [129, 129, 129],
        [124, 124, 124]],

       [[128, 128, 128],
        [137, 137, 137],
        [146, 146, 146],
        ...,
        [137, 137, 137],
        [128, 128, 128],
        [123, 123, 123]]], dtype=uint8)}
2025-08-04 14:51:49,664 [INFO] Nhận pallet_infos: [('', 1.0), ('', 0.9), ('', 0.9), ('', 0.9), ('', 0.9), ('Other label', 0.9)]
2025-08-04 14:51:49,664 [INFO] Bắt đầu phân tích ảnh...
2025-08-04 14:51:50,350 [DEBUG] Kết quả detectLabel: label_image is None? False, rect_label: ((1036, 886), (2565, 2049)), confidence_detect: 0.971111536026001
2025-08-04 14:51:50,440 [DEBUG] Kết quả classifiLabel: id=38, class_name=Label45, confidence_classify=0.9999711513519287
2025-08-04 14:51:50,440 [DEBUG] Xử lý nhãn đặc biệt: id=38, class_name=Label45
2025-08-04 14:51:50,593 [DEBUG] ['tesseract', 'C:\\Users\\quang\\AppData\\Local\\Temp\\tess_o6gswd1b_input.PNG', 'C:\\Users\\quang\\AppData\\Local\\Temp\\tess_o6gswd1b', '--oem', '3', '--psm', '7', '-l', 'eng', 'txt']
2025-08-04 14:51:50,737 [DEBUG] Kết quả nhãn đặc biệt: class_name=Label73, confidence_ocr=0.9811320754716981
2025-08-04 14:51:50,737 [DEBUG] Kết quả _handle_special_labels: class_name=Label73, confidence_ocr=0.9811320754716981
2025-08-04 14:51:50,739 [INFO] Kết quả trả về UI: {'label_detected': 'Label73', 'pallet_detected': 'F', 'confidence': 0.9811320754716981, 'confidence_detect': 0.971111536026001, 'confidence_classify': 0.9999711513519287, 'confidence_ocr': 0.9811320754716981, 'origin_image': array([[[86, 86, 86],
        [90, 90, 90],
        [91, 91, 91],
        ...,
        [80, 80, 80],
        [78, 78, 78],
        [82, 82, 82]],

       [[90, 90, 90],
        [96, 96, 96],
        [96, 96, 96],
        ...,
        [78, 78, 78],
        [77, 77, 77],
        [67, 67, 67]],

       [[91, 91, 91],
        [95, 95, 95],
        [94, 94, 94],
        ...,
        [79, 79, 79],
        [78, 78, 78],
        [65, 65, 65]],

       ...,

       [[84, 84, 84],
        [83, 83, 83],
        [82, 82, 82],
        ...,
        [82, 82, 82],
        [83, 83, 83],
        [80, 80, 80]],

       [[85, 85, 85],
        [82, 82, 82],
        [81, 81, 81],
        ...,
        [80, 80, 80],
        [81, 81, 81],
        [79, 79, 79]],

       [[64, 64, 64],
        [83, 83, 83],
        [82, 82, 82],
        ...,
        [77, 77, 77],
        [76, 76, 76],
        [79, 79, 79]]], dtype=uint8), 'label_image': array([[[112, 112, 112],
        [112, 112, 112],
        [112, 112, 112],
        ...,
        [113, 113, 113],
        [113, 113, 113],
        [113, 113, 113]],

       [[115, 115, 115],
        [116, 116, 116],
        [114, 114, 114],
        ...,
        [111, 111, 111],
        [111, 111, 111],
        [113, 113, 113]],

       [[117, 117, 117],
        [117, 117, 117],
        [116, 116, 116],
        ...,
        [115, 115, 115],
        [112, 112, 112],
        [109, 109, 109]],

       ...,

       [[123, 123, 123],
        [126, 126, 126],
        [134, 134, 134],
        ...,
        [143, 143, 143],
        [133, 133, 133],
        [125, 125, 125]],

       [[124, 124, 124],
        [124, 124, 124],
        [131, 131, 131],
        ...,
        [139, 139, 139],
        [132, 132, 132],
        [125, 125, 125]],

       [[121, 121, 121],
        [123, 123, 123],
        [129, 129, 129],
        ...,
        [137, 137, 137],
        [132, 132, 132],
        [126, 126, 126]]], dtype=uint8)}
2025-08-04 14:52:03,225 [INFO] Nhận pallet_infos: [('', 0.9), ('', 0.9), ('', 0.9), ('', 0.9), ('', 0.9), ('Other label', 0.9)]
2025-08-04 14:52:03,225 [INFO] Bắt đầu phân tích ảnh...
2025-08-04 14:52:04,005 [DEBUG] Kết quả detectLabel: label_image is None? False, rect_label: ((1036, 886), (2565, 2050)), confidence_detect: 0.9710919857025146
2025-08-04 14:52:04,107 [DEBUG] Kết quả classifiLabel: id=38, class_name=Label45, confidence_classify=0.9999734163284302
2025-08-04 14:52:04,107 [DEBUG] Xử lý nhãn đặc biệt: id=38, class_name=Label45
2025-08-04 14:52:04,322 [DEBUG] ['tesseract', 'C:\\Users\\quang\\AppData\\Local\\Temp\\tess_y72ieaws_input.PNG', 'C:\\Users\\quang\\AppData\\Local\\Temp\\tess_y72ieaws', '--oem', '3', '--psm', '7', '-l', 'eng', 'txt']
2025-08-04 14:52:04,483 [DEBUG] Kết quả nhãn đặc biệt: class_name=Label73, confidence_ocr=0.9811320754716981
2025-08-04 14:52:04,483 [DEBUG] Kết quả _handle_special_labels: class_name=Label73, confidence_ocr=0.9811320754716981
2025-08-04 14:52:04,485 [INFO] Đã gán pallet_detected: A
2025-08-04 14:52:04,487 [INFO] Kết quả trả về UI: {'label_detected': 'Label73', 'pallet_detected': 'A', 'confidence': 0.9811320754716981, 'confidence_detect': 0.9710919857025146, 'confidence_classify': 0.9999734163284302, 'confidence_ocr': 0.9811320754716981, 'origin_image': array([[[90, 90, 90],
        [88, 88, 88],
        [87, 87, 87],
        ...,
        [78, 78, 78],
        [75, 75, 75],
        [71, 71, 71]],

       [[90, 90, 90],
        [89, 89, 89],
        [90, 90, 90],
        ...,
        [82, 82, 82],
        [82, 82, 82],
        [78, 78, 78]],

       [[88, 88, 88],
        [89, 89, 89],
        [87, 87, 87],
        ...,
        [81, 81, 81],
        [83, 83, 83],
        [80, 80, 80]],

       ...,

       [[74, 74, 74],
        [81, 81, 81],
        [81, 81, 81],
        ...,
        [79, 79, 79],
        [79, 79, 79],
        [82, 82, 82]],

       [[72, 72, 72],
        [81, 81, 81],
        [82, 82, 82],
        ...,
        [81, 81, 81],
        [81, 81, 81],
        [83, 83, 83]],

       [[81, 81, 81],
        [84, 84, 84],
        [86, 86, 86],
        ...,
        [79, 79, 79],
        [79, 79, 79],
        [83, 83, 83]]], dtype=uint8), 'label_image': array([[[113, 113, 113],
        [115, 115, 115],
        [116, 116, 116],
        ...,
        [110, 110, 110],
        [111, 111, 111],
        [113, 113, 113]],

       [[113, 113, 113],
        [116, 116, 116],
        [118, 118, 118],
        ...,
        [112, 112, 112],
        [114, 114, 114],
        [115, 115, 115]],

       [[113, 113, 113],
        [115, 115, 115],
        [116, 116, 116],
        ...,
        [115, 115, 115],
        [115, 115, 115],
        [115, 115, 115]],

       ...,

       [[128, 128, 128],
        [139, 139, 139],
        [148, 148, 148],
        ...,
        [132, 132, 132],
        [125, 125, 125],
        [121, 121, 121]],

       [[127, 127, 127],
        [137, 137, 137],
        [145, 145, 145],
        ...,
        [129, 129, 129],
        [124, 124, 124],
        [121, 121, 121]],

       [[125, 125, 125],
        [133, 133, 133],
        [140, 140, 140],
        ...,
        [127, 127, 127],
        [123, 123, 123],
        [121, 121, 121]]], dtype=uint8)}
2025-08-04 14:52:21,352 [INFO] Nhận pallet_infos: [('Label73', 0.9), ('', 0.9), ('', 0.9), ('', 0.9), ('', 0.9), ('Other label', 0.9)]
2025-08-04 14:52:21,353 [INFO] Bắt đầu phân tích ảnh...
2025-08-04 14:52:22,047 [DEBUG] Kết quả detectLabel: label_image is None? False, rect_label: ((1036, 886), (2565, 2050)), confidence_detect: 0.9711675047874451
2025-08-04 14:52:22,152 [DEBUG] Kết quả classifiLabel: id=38, class_name=Label45, confidence_classify=0.9999641180038452
2025-08-04 14:52:22,152 [DEBUG] Xử lý nhãn đặc biệt: id=38, class_name=Label45
2025-08-04 14:52:22,319 [DEBUG] ['tesseract', 'C:\\Users\\quang\\AppData\\Local\\Temp\\tess_vfrr2m3j_input.PNG', 'C:\\Users\\quang\\AppData\\Local\\Temp\\tess_vfrr2m3j', '--oem', '3', '--psm', '7', '-l', 'eng', 'txt']
2025-08-04 14:52:22,469 [DEBUG] Kết quả nhãn đặc biệt: class_name=Label73, confidence_ocr=0.9811320754716981
2025-08-04 14:52:22,469 [DEBUG] Kết quả _handle_special_labels: class_name=Label73, confidence_ocr=0.9811320754716981
2025-08-04 14:52:22,470 [DEBUG] So sánh label_detected=Label73 với name=Label73, confidence=0.9811320754716981 >= thresh=0.9
2025-08-04 14:52:22,470 [INFO] Đã gán pallet_detected: A
2025-08-04 14:52:22,471 [INFO] Kết quả trả về UI: {'label_detected': 'Label73', 'pallet_detected': 'A', 'confidence': 0.9811320754716981, 'confidence_detect': 0.9711675047874451, 'confidence_classify': 0.9999641180038452, 'confidence_ocr': 0.9811320754716981, 'origin_image': array([[[84, 84, 84],
        [88, 88, 88],
        [89, 89, 89],
        ...,
        [81, 81, 81],
        [82, 82, 82],
        [80, 80, 80]],

       [[86, 86, 86],
        [90, 90, 90],
        [91, 91, 91],
        ...,
        [82, 82, 82],
        [80, 80, 80],
        [82, 82, 82]],

       [[87, 87, 87],
        [89, 89, 89],
        [89, 89, 89],
        ...,
        [82, 82, 82],
        [81, 81, 81],
        [80, 80, 80]],

       ...,

       [[80, 80, 80],
        [81, 81, 81],
        [80, 80, 80],
        ...,
        [78, 78, 78],
        [78, 78, 78],
        [79, 79, 79]],

       [[81, 81, 81],
        [81, 81, 81],
        [81, 81, 81],
        ...,
        [78, 78, 78],
        [76, 76, 76],
        [77, 77, 77]],

       [[80, 80, 80],
        [81, 81, 81],
        [79, 79, 79],
        ...,
        [79, 79, 79],
        [78, 78, 78],
        [76, 76, 76]]], dtype=uint8), 'label_image': array([[[114, 114, 114],
        [112, 112, 112],
        [111, 111, 111],
        ...,
        [115, 115, 115],
        [114, 114, 114],
        [112, 112, 112]],

       [[115, 115, 115],
        [113, 113, 113],
        [111, 111, 111],
        ...,
        [115, 115, 115],
        [115, 115, 115],
        [114, 114, 114]],

       [[115, 115, 115],
        [113, 113, 113],
        [111, 111, 111],
        ...,
        [112, 112, 112],
        [113, 113, 113],
        [115, 115, 115]],

       ...,

       [[121, 121, 121],
        [128, 128, 128],
        [141, 141, 141],
        ...,
        [132, 132, 132],
        [128, 128, 128],
        [122, 122, 122]],

       [[120, 120, 120],
        [127, 127, 127],
        [141, 141, 141],
        ...,
        [133, 133, 133],
        [127, 127, 127],
        [121, 121, 121]],

       [[121, 121, 121],
        [126, 126, 126],
        [139, 139, 139],
        ...,
        [134, 134, 134],
        [126, 126, 126],
        [119, 119, 119]]], dtype=uint8)}
2025-08-04 14:52:45,953 [INFO] Nhận pallet_infos: [('', 0.9), ('', 0.9), ('', 0.9), ('', 0.9), ('', 0.9), ('Other label', 0.9)]
2025-08-04 14:52:45,954 [INFO] Bắt đầu phân tích ảnh...
2025-08-04 14:52:46,763 [DEBUG] Kết quả detectLabel: label_image is None? False, rect_label: ((1036, 885), (2565, 2051)), confidence_detect: 0.9712256193161011
2025-08-04 14:52:46,865 [DEBUG] Kết quả classifiLabel: id=38, class_name=Label45, confidence_classify=0.9999604225158691
2025-08-04 14:52:46,866 [DEBUG] Xử lý nhãn đặc biệt: id=38, class_name=Label45
2025-08-04 14:52:47,044 [DEBUG] ['tesseract', 'C:\\Users\\quang\\AppData\\Local\\Temp\\tess_w26rqcm8_input.PNG', 'C:\\Users\\quang\\AppData\\Local\\Temp\\tess_w26rqcm8', '--oem', '3', '--psm', '7', '-l', 'eng', 'txt']
2025-08-04 14:52:47,196 [DEBUG] Kết quả nhãn đặc biệt: class_name=Label73, confidence_ocr=0.9811320754716981
2025-08-04 14:52:47,197 [DEBUG] Kết quả _handle_special_labels: class_name=Label73, confidence_ocr=0.9811320754716981
2025-08-04 14:52:47,198 [INFO] Đã gán pallet_detected: A
2025-08-04 14:52:47,199 [INFO] Kết quả trả về UI: {'label_detected': 'Label73', 'pallet_detected': 'A', 'confidence': 0.9811320754716981, 'confidence_detect': 0.9712256193161011, 'confidence_classify': 0.9999604225158691, 'confidence_ocr': 0.9811320754716981, 'origin_image': array([[[88, 88, 88],
        [88, 88, 88],
        [88, 88, 88],
        ...,
        [83, 83, 83],
        [83, 83, 83],
        [81, 81, 81]],

       [[95, 95, 95],
        [90, 90, 90],
        [89, 89, 89],
        ...,
        [77, 77, 77],
        [78, 78, 78],
        [82, 82, 82]],

       [[93, 93, 93],
        [90, 90, 90],
        [87, 87, 87],
        ...,
        [75, 75, 75],
        [76, 76, 76],
        [81, 81, 81]],

       ...,

       [[83, 83, 83],
        [81, 81, 81],
        [80, 80, 80],
        ...,
        [77, 77, 77],
        [77, 77, 77],
        [80, 80, 80]],

       [[82, 82, 82],
        [79, 79, 79],
        [80, 80, 80],
        ...,
        [76, 76, 76],
        [76, 76, 76],
        [80, 80, 80]],

       [[79, 79, 79],
        [79, 79, 79],
        [82, 82, 82],
        ...,
        [82, 82, 82],
        [81, 81, 81],
        [82, 82, 82]]], dtype=uint8), 'label_image': array([[[110, 110, 110],
        [112, 112, 112],
        [114, 114, 114],
        ...,
        [115, 115, 115],
        [115, 115, 115],
        [115, 115, 115]],

       [[111, 111, 111],
        [111, 111, 111],
        [113, 113, 113],
        ...,
        [115, 115, 115],
        [115, 115, 115],
        [115, 115, 115]],

       [[113, 113, 113],
        [111, 111, 111],
        [111, 111, 111],
        ...,
        [116, 116, 116],
        [116, 116, 116],
        [116, 116, 116]],

       ...,

       [[127, 127, 127],
        [137, 137, 137],
        [148, 148, 148],
        ...,
        [143, 143, 143],
        [131, 131, 131],
        [125, 125, 125]],

       [[127, 127, 127],
        [137, 137, 137],
        [148, 148, 148],
        ...,
        [140, 140, 140],
        [130, 130, 130],
        [125, 125, 125]],

       [[123, 123, 123],
        [131, 131, 131],
        [142, 142, 142],
        ...,
        [135, 135, 135],
        [128, 128, 128],
        [124, 124, 124]]], dtype=uint8)}
2025-08-04 15:20:57,732 [INFO] Nhận pallet_infos: [('Label73', 0.9), ('', 0.9), ('', 0.9), ('', 0.9), ('', 0.9), ('Other label', 0.9)]
2025-08-04 15:20:57,733 [INFO] Bắt đầu phân tích ảnh...
2025-08-04 15:20:58,459 [DEBUG] Kết quả detectLabel: label_image is None? False, rect_label: ((1283, 552), (2861, 1733)), confidence_detect: 0.9684047102928162
2025-08-04 15:20:58,582 [DEBUG] Kết quả classifiLabel: id=40, class_name=Label47, confidence_classify=0.998491644859314
2025-08-04 15:20:58,582 [DEBUG] Xử lý nhãn đặc biệt: id=40, class_name=Label47
2025-08-04 15:20:59,071 [DEBUG] ['tesseract', 'C:\\Users\\quang\\AppData\\Local\\Temp\\tess_yaibdkvz_input.PNG', 'C:\\Users\\quang\\AppData\\Local\\Temp\\tess_yaibdkvz', '--oem', '3', '--psm', '6', '-l', 'vie', 'txt']
2025-08-04 15:20:59,439 [DEBUG] Kết quả nhãn đặc biệt: class_name=Label70, confidence_ocr=0.9818181818181819
2025-08-04 15:20:59,439 [DEBUG] Kết quả _handle_special_labels: class_name=Label70, confidence_ocr=0.9818181818181819
2025-08-04 15:20:59,440 [INFO] Đã gán pallet_detected: B
2025-08-04 15:20:59,441 [INFO] Kết quả trả về UI: {'label_detected': 'Label70', 'pallet_detected': 'B', 'confidence': 0.9818181818181819, 'confidence_detect': 0.9684047102928162, 'confidence_classify': 0.998491644859314, 'confidence_ocr': 0.9818181818181819, 'origin_image': array([[[88, 88, 88],
        [86, 86, 86],
        [85, 85, 85],
        ...,
        [78, 78, 78],
        [78, 78, 78],
        [83, 83, 83]],

       [[89, 89, 89],
        [89, 89, 89],
        [90, 90, 90],
        ...,
        [86, 86, 86],
        [86, 86, 86],
        [85, 85, 85]],

       [[89, 89, 89],
        [86, 86, 86],
        [86, 86, 86],
        ...,
        [83, 83, 83],
        [84, 84, 84],
        [86, 86, 86]],

       ...,

       [[88, 88, 88],
        [81, 81, 81],
        [83, 83, 83],
        ...,
        [76, 76, 76],
        [78, 78, 78],
        [77, 77, 77]],

       [[89, 89, 89],
        [83, 83, 83],
        [83, 83, 83],
        ...,
        [75, 75, 75],
        [77, 77, 77],
        [76, 76, 76]],

       [[84, 84, 84],
        [84, 84, 84],
        [85, 85, 85],
        ...,
        [80, 80, 80],
        [81, 81, 81],
        [80, 80, 80]]], dtype=uint8), 'label_image': array([[[116, 116, 116],
        [113, 113, 113],
        [112, 112, 112],
        ...,
        [116, 116, 116],
        [115, 115, 115],
        [116, 116, 116]],

       [[113, 113, 113],
        [113, 113, 113],
        [113, 113, 113],
        ...,
        [117, 117, 117],
        [115, 115, 115],
        [115, 115, 115]],

       [[110, 110, 110],
        [111, 111, 111],
        [114, 114, 114],
        ...,
        [121, 121, 121],
        [118, 118, 118],
        [117, 117, 117]],

       ...,

       [[136, 136, 136],
        [140, 140, 140],
        [143, 143, 143],
        ...,
        [120, 120, 120],
        [122, 122, 122],
        [122, 122, 122]],

       [[127, 127, 127],
        [131, 131, 131],
        [135, 135, 135],
        ...,
        [120, 120, 120],
        [121, 121, 121],
        [121, 121, 121]],

       [[120, 120, 120],
        [122, 122, 122],
        [126, 126, 126],
        ...,
        [122, 122, 122],
        [121, 121, 121],
        [121, 121, 121]]], dtype=uint8)}
2025-08-04 15:21:22,780 [INFO] Nhận pallet_infos: [('Label73', 0.9), ('Label70', 0.9), ('', 0.9), ('', 0.9), ('', 0.9), ('Other label', 0.9)]
2025-08-04 15:21:22,780 [INFO] Bắt đầu phân tích ảnh...
2025-08-04 15:21:23,490 [DEBUG] Kết quả detectLabel: label_image is None? False, rect_label: ((759, 216), (2982, 1758)), confidence_detect: 0.9640201330184937
2025-08-04 15:21:23,490 [ERROR] Không phát hiện được nhãn hoặc nhãn bị lỗi!
2025-08-04 15:21:23,492 [WARNING] Không phát hiện được nhãn!
2025-08-04 15:21:43,548 [INFO] Nhận pallet_infos: [('Label73', 0.9), ('Label70', 0.9), ('', 0.9), ('', 0.9), ('', 0.9), ('No Label Detected', 0.9)]
2025-08-04 15:21:43,548 [INFO] Bắt đầu phân tích ảnh...
2025-08-04 15:21:44,258 [DEBUG] Kết quả detectLabel: label_image is None? False, rect_label: ((621, 573), (2777, 2031)), confidence_detect: 0.9648341536521912
2025-08-04 15:21:44,376 [DEBUG] Kết quả classifiLabel: id=9, class_name=Label19, confidence_classify=0.9994513392448425
2025-08-04 15:21:44,377 [INFO] Đã gán pallet_detected: C
2025-08-04 15:21:44,379 [INFO] Kết quả trả về UI: {'label_detected': 'Label19', 'pallet_detected': 'C', 'confidence': 0.9994513392448425, 'confidence_detect': 0.9648341536521912, 'confidence_classify': 0.9994513392448425, 'confidence_ocr': 0, 'origin_image': array([[[95, 95, 95],
        [88, 88, 88],
        [88, 88, 88],
        ...,
        [80, 80, 80],
        [78, 78, 78],
        [81, 81, 81]],

       [[90, 90, 90],
        [93, 93, 93],
        [96, 96, 96],
        ...,
        [84, 84, 84],
        [81, 81, 81],
        [82, 82, 82]],

       [[87, 87, 87],
        [90, 90, 90],
        [94, 94, 94],
        ...,
        [83, 83, 83],
        [82, 82, 82],
        [81, 81, 81]],

       ...,

       [[83, 83, 83],
        [84, 84, 84],
        [85, 85, 85],
        ...,
        [82, 82, 82],
        [80, 80, 80],
        [81, 81, 81]],

       [[82, 82, 82],
        [81, 81, 81],
        [81, 81, 81],
        ...,
        [84, 84, 84],
        [84, 84, 84],
        [78, 78, 78]],

       [[84, 84, 84],
        [85, 85, 85],
        [85, 85, 85],
        ...,
        [77, 77, 77],
        [76, 76, 76],
        [83, 83, 83]]], dtype=uint8), 'label_image': array([[[105, 105, 105],
        [107, 107, 107],
        [108, 108, 108],
        ...,
        [108, 108, 108],
        [106, 106, 106],
        [109, 109, 109]],

       [[106, 106, 106],
        [109, 109, 109],
        [109, 109, 109],
        ...,
        [107, 107, 107],
        [106, 106, 106],
        [107, 107, 107]],

       [[109, 109, 109],
        [110, 110, 110],
        [111, 111, 111],
        ...,
        [109, 109, 109],
        [107, 107, 107],
        [107, 107, 107]],

       ...,

       [[107, 107, 107],
        [105, 105, 105],
        [104, 104, 104],
        ...,
        [113, 113, 113],
        [110, 110, 110],
        [108, 108, 108]],

       [[109, 109, 109],
        [107, 107, 107],
        [106, 106, 106],
        ...,
        [112, 112, 112],
        [111, 111, 111],
        [109, 109, 109]],

       [[110, 110, 110],
        [108, 108, 108],
        [107, 107, 107],
        ...,
        [111, 111, 111],
        [113, 113, 113],
        [112, 112, 112]]], dtype=uint8)}
2025-08-04 15:22:22,323 [INFO] Nhận pallet_infos: [('Label73', 0.9), ('Label70', 0.9), ('Label19', 0.9), ('', 0.9), ('', 0.9), ('No Label Detected', 0.9)]
2025-08-04 15:22:22,324 [INFO] Bắt đầu phân tích ảnh...
2025-08-04 15:22:23,118 [DEBUG] Kết quả detectLabel: label_image is None? False, rect_label: ((718, 405), (2947, 1965)), confidence_detect: 0.9784296751022339
2025-08-04 15:22:23,242 [DEBUG] Kết quả classifiLabel: id=16, class_name=Label25, confidence_classify=0.99662184715271
2025-08-04 15:22:23,243 [INFO] Đã gán pallet_detected: D
2025-08-04 15:22:23,245 [INFO] Kết quả trả về UI: {'label_detected': 'Label25', 'pallet_detected': 'D', 'confidence': 0.99662184715271, 'confidence_detect': 0.9784296751022339, 'confidence_classify': 0.99662184715271, 'confidence_ocr': 0, 'origin_image': array([[[90, 90, 90],
        [90, 90, 90],
        [90, 90, 90],
        ...,
        [80, 80, 80],
        [80, 80, 80],
        [85, 85, 85]],

       [[88, 88, 88],
        [89, 89, 89],
        [89, 89, 89],
        ...,
        [80, 80, 80],
        [80, 80, 80],
        [87, 87, 87]],

       [[87, 87, 87],
        [89, 89, 89],
        [89, 89, 89],
        ...,
        [79, 79, 79],
        [76, 76, 76],
        [82, 82, 82]],

       ...,

       [[83, 83, 83],
        [82, 82, 82],
        [84, 84, 84],
        ...,
        [82, 82, 82],
        [80, 80, 80],
        [79, 79, 79]],

       [[80, 80, 80],
        [81, 81, 81],
        [84, 84, 84],
        ...,
        [83, 83, 83],
        [81, 81, 81],
        [80, 80, 80]],

       [[80, 80, 80],
        [84, 84, 84],
        [85, 85, 85],
        ...,
        [80, 80, 80],
        [81, 81, 81],
        [76, 76, 76]]], dtype=uint8), 'label_image': array([[[ 95,  95,  95],
        [ 96,  96,  96],
        [ 97,  97,  97],
        ...,
        [105, 105, 105],
        [105, 105, 105],
        [108, 108, 108]],

       [[ 95,  95,  95],
        [ 95,  95,  95],
        [ 95,  95,  95],
        ...,
        [105, 105, 105],
        [104, 104, 104],
        [106, 106, 106]],

       [[ 94,  94,  94],
        [ 94,  94,  94],
        [ 95,  95,  95],
        ...,
        [105, 105, 105],
        [104, 104, 104],
        [106, 106, 106]],

       ...,

       [[108, 108, 108],
        [105, 105, 105],
        [108, 108, 108],
        ...,
        [106, 106, 106],
        [109, 109, 109],
        [111, 111, 111]],

       [[108, 108, 108],
        [105, 105, 105],
        [108, 108, 108],
        ...,
        [108, 108, 108],
        [107, 107, 107],
        [107, 107, 107]],

       [[105, 105, 105],
        [106, 106, 106],
        [108, 108, 108],
        ...,
        [109, 109, 109],
        [107, 107, 107],
        [106, 106, 106]]], dtype=uint8)}
2025-08-04 15:22:43,962 [INFO] Nhận pallet_infos: [('Label73', 0.9), ('Label70', 0.9), ('Label19', 0.9), ('Label25', 0.9), ('', 0.9), ('No Label Detected', 0.9)]
2025-08-04 15:22:43,962 [INFO] Bắt đầu phân tích ảnh...
2025-08-04 15:22:44,699 [DEBUG] Kết quả detectLabel: label_image is None? False, rect_label: ((1097, 568), (2394, 1829)), confidence_detect: 0.9708119034767151
2025-08-04 15:22:44,806 [DEBUG] Kết quả classifiLabel: id=22, class_name=Label30, confidence_classify=0.9965949654579163
2025-08-04 15:22:44,806 [DEBUG] Xử lý nhãn đặc biệt: id=22, class_name=Label30
2025-08-04 15:22:45,353 [DEBUG] ['tesseract', 'C:\\Users\\quang\\AppData\\Local\\Temp\\tess_1okspf_m_input.PNG', 'C:\\Users\\quang\\AppData\\Local\\Temp\\tess_1okspf_m', '--oem', '3', '--psm', '8', '-l', 'eng', 'txt']
2025-08-04 15:22:45,489 [DEBUG] ['tesseract', 'C:\\Users\\quang\\AppData\\Local\\Temp\\tess_x_n7nggi_input.PNG', 'C:\\Users\\quang\\AppData\\Local\\Temp\\tess_x_n7nggi', '--oem', '3', '--psm', '7', '-l', 'jpn', 'txt']
2025-08-04 15:22:45,806 [DEBUG] Kết quả nhãn đặc biệt: class_name=Label61, confidence_ocr=0.9375
2025-08-04 15:22:45,807 [DEBUG] Kết quả _handle_special_labels: class_name=Label61, confidence_ocr=0.9375
2025-08-04 15:22:45,807 [INFO] Đã gán pallet_detected: E
2025-08-04 15:22:45,808 [INFO] Kết quả trả về UI: {'label_detected': 'Label61', 'pallet_detected': 'E', 'confidence': 0.9375, 'confidence_detect': 0.9708119034767151, 'confidence_classify': 0.9965949654579163, 'confidence_ocr': 0.9375, 'origin_image': array([[[89, 89, 89],
        [90, 90, 90],
        [91, 91, 91],
        ...,
        [84, 84, 84],
        [83, 83, 83],
        [75, 75, 75]],

       [[91, 91, 91],
        [94, 94, 94],
        [92, 92, 92],
        ...,
        [76, 76, 76],
        [77, 77, 77],
        [83, 83, 83]],

       [[90, 90, 90],
        [91, 91, 91],
        [88, 88, 88],
        ...,
        [75, 75, 75],
        [75, 75, 75],
        [81, 81, 81]],

       ...,

       [[79, 79, 79],
        [81, 81, 81],
        [80, 80, 80],
        ...,
        [84, 84, 84],
        [84, 84, 84],
        [84, 84, 84]],

       [[78, 78, 78],
        [81, 81, 81],
        [81, 81, 81],
        ...,
        [83, 83, 83],
        [85, 85, 85],
        [85, 85, 85]],

       [[84, 84, 84],
        [87, 87, 87],
        [87, 87, 87],
        ...,
        [83, 83, 83],
        [82, 82, 82],
        [78, 78, 78]]], dtype=uint8), 'label_image': array([[[122, 122, 122],
        [125, 125, 125],
        [130, 130, 130],
        ...,
        [138, 138, 138],
        [130, 130, 130],
        [122, 122, 122]],

       [[122, 122, 122],
        [123, 123, 123],
        [125, 125, 125],
        ...,
        [140, 140, 140],
        [130, 130, 130],
        [121, 121, 121]],

       [[123, 123, 123],
        [126, 126, 126],
        [127, 127, 127],
        ...,
        [141, 141, 141],
        [132, 132, 132],
        [123, 123, 123]],

       ...,

       [[118, 118, 118],
        [120, 120, 120],
        [123, 123, 123],
        ...,
        [163, 163, 163],
        [162, 162, 162],
        [157, 157, 157]],

       [[118, 118, 118],
        [120, 120, 120],
        [122, 122, 122],
        ...,
        [145, 145, 145],
        [139, 139, 139],
        [136, 136, 136]],

       [[119, 119, 119],
        [120, 120, 120],
        [120, 120, 120],
        ...,
        [129, 129, 129],
        [131, 131, 131],
        [132, 132, 132]]], dtype=uint8)}
2025-08-04 15:23:32,471 [INFO] Nhận pallet_infos: [('', 0.95), ('Label70', 0.9), ('Label19', 0.9), ('Label25', 0.9), ('Label61', 0.9), ('No Label Detected', 0.9)]
2025-08-04 15:23:32,471 [INFO] Bắt đầu phân tích ảnh...
2025-08-04 15:23:33,172 [DEBUG] Kết quả detectLabel: label_image is None? False, rect_label: ((637, 95), (3078, 2005)), confidence_detect: 0.9715671539306641
2025-08-04 15:23:33,173 [ERROR] Không phát hiện được nhãn hoặc nhãn bị lỗi!
2025-08-04 15:23:33,175 [WARNING] Không phát hiện được nhãn!
2025-08-04 15:23:48,424 [INFO] Nhận pallet_infos: [('', 0.95), ('Label70', 0.9), ('Label19', 0.9), ('Label25', 0.9), ('Label61', 0.9), ('No Label Detected', 0.9)]
2025-08-04 15:23:48,424 [INFO] Bắt đầu phân tích ảnh...
2025-08-04 15:23:49,196 [DEBUG] Kết quả detectLabel: label_image is None? False, rect_label: ((791, 721), (2933, 2160)), confidence_detect: 0.9680643677711487
2025-08-04 15:23:49,319 [DEBUG] Kết quả classifiLabel: id=11, class_name=Label20, confidence_classify=0.9882668852806091
2025-08-04 15:23:49,331 [INFO] Đã gán pallet_detected: A
2025-08-04 15:23:49,332 [INFO] Kết quả trả về UI: {'label_detected': 'Label20', 'pallet_detected': 'A', 'confidence': 0.9882668852806091, 'confidence_detect': 0.9680643677711487, 'confidence_classify': 0.9882668852806091, 'confidence_ocr': 0, 'origin_image': array([[[86, 86, 86],
        [85, 85, 85],
        [85, 85, 85],
        ...,
        [78, 78, 78],
        [79, 79, 79],
        [75, 75, 75]],

       [[90, 90, 90],
        [87, 87, 87],
        [86, 86, 86],
        ...,
        [81, 81, 81],
        [80, 80, 80],
        [84, 84, 84]],

       [[92, 92, 92],
        [86, 86, 86],
        [87, 87, 87],
        ...,
        [81, 81, 81],
        [81, 81, 81],
        [83, 83, 83]],

       ...,

       [[84, 84, 84],
        [83, 83, 83],
        [83, 83, 83],
        ...,
        [84, 84, 84],
        [81, 81, 81],
        [77, 77, 77]],

       [[82, 82, 82],
        [82, 82, 82],
        [81, 81, 81],
        ...,
        [82, 82, 82],
        [77, 77, 77],
        [80, 80, 80]],

       [[82, 82, 82],
        [83, 83, 83],
        [84, 84, 84],
        ...,
        [79, 79, 79],
        [77, 77, 77],
        [75, 75, 75]]], dtype=uint8), 'label_image': array([[[160, 160, 160],
        [160, 160, 160],
        [161, 161, 161],
        ...,
        [110, 110, 110],
        [112, 112, 112],
        [111, 111, 111]],

       [[166, 166, 166],
        [165, 165, 165],
        [167, 167, 167],
        ...,
        [111, 111, 111],
        [113, 113, 113],
        [112, 112, 112]],

       [[171, 171, 171],
        [170, 170, 170],
        [170, 170, 170],
        ...,
        [111, 111, 111],
        [110, 110, 110],
        [109, 109, 109]],

       ...,

       [[105, 105, 105],
        [105, 105, 105],
        [103, 103, 103],
        ...,
        [ 92,  92,  92],
        [ 97,  97,  97],
        [ 96,  96,  96]],

       [[105, 105, 105],
        [105, 105, 105],
        [104, 104, 104],
        ...,
        [ 94,  94,  94],
        [ 98,  98,  98],
        [ 97,  97,  97]],

       [[106, 106, 106],
        [106, 106, 106],
        [106, 106, 106],
        ...,
        [ 95,  95,  95],
        [ 98,  98,  98],
        [ 99,  99,  99]]], dtype=uint8)}
2025-08-04 15:24:26,893 [INFO] Nhận pallet_infos: [('Label20', 0.95), ('Label70', 0.9), ('Label19', 0.9), ('Label25', 0.9), ('Label61', 0.9), ('No Label Detected', 0.9)]
2025-08-04 15:24:26,894 [INFO] Bắt đầu phân tích ảnh...
2025-08-04 15:24:27,740 [DEBUG] Kết quả detectLabel: label_image is None? False, rect_label: ((836, 456), (2999, 2063)), confidence_detect: 0.9701122045516968
2025-08-04 15:24:27,860 [DEBUG] Kết quả classifiLabel: id=18, class_name=Label27, confidence_classify=0.9998780488967896
2025-08-04 15:24:27,861 [INFO] Không phát hiện pallet hợp lệ, gán pallet_detected là 'F'.
2025-08-04 15:24:27,862 [INFO] Kết quả trả về UI: {'label_detected': 'Label27', 'pallet_detected': 'F', 'confidence': 0.9998780488967896, 'confidence_detect': 0.9701122045516968, 'confidence_classify': 0.9998780488967896, 'confidence_ocr': 0, 'origin_image': array([[[89, 89, 89],
        [89, 89, 89],
        [87, 87, 87],
        ...,
        [80, 80, 80],
        [81, 81, 81],
        [80, 80, 80]],

       [[90, 90, 90],
        [90, 90, 90],
        [87, 87, 87],
        ...,
        [78, 78, 78],
        [79, 79, 79],
        [80, 80, 80]],

       [[89, 89, 89],
        [90, 90, 90],
        [88, 88, 88],
        ...,
        [78, 78, 78],
        [78, 78, 78],
        [78, 78, 78]],

       ...,

       [[82, 82, 82],
        [82, 82, 82],
        [82, 82, 82],
        ...,
        [79, 79, 79],
        [78, 78, 78],
        [73, 73, 73]],

       [[81, 81, 81],
        [81, 81, 81],
        [80, 80, 80],
        ...,
        [76, 76, 76],
        [78, 78, 78],
        [73, 73, 73]],

       [[84, 84, 84],
        [86, 86, 86],
        [85, 85, 85],
        ...,
        [79, 79, 79],
        [80, 80, 80],
        [85, 85, 85]]], dtype=uint8), 'label_image': array([[[ 95,  95,  95],
        [ 95,  95,  95],
        [ 94,  94,  94],
        ...,
        [109, 109, 109],
        [108, 108, 108],
        [105, 105, 105]],

       [[ 92,  92,  92],
        [ 93,  93,  93],
        [ 94,  94,  94],
        ...,
        [107, 107, 107],
        [108, 108, 108],
        [107, 107, 107]],

       [[ 93,  93,  93],
        [ 94,  94,  94],
        [ 94,  94,  94],
        ...,
        [106, 106, 106],
        [107, 107, 107],
        [107, 107, 107]],

       ...,

       [[109, 109, 109],
        [109, 109, 109],
        [110, 110, 110],
        ...,
        [106, 106, 106],
        [107, 107, 107],
        [109, 109, 109]],

       [[108, 108, 108],
        [109, 109, 109],
        [112, 112, 112],
        ...,
        [107, 107, 107],
        [108, 108, 108],
        [107, 107, 107]],

       [[107, 107, 107],
        [110, 110, 110],
        [114, 114, 114],
        ...,
        [109, 109, 109],
        [108, 108, 108],
        [106, 106, 106]]], dtype=uint8)}
2025-08-04 15:24:49,017 [INFO] Nhận pallet_infos: [('Label20', 0.95), ('Label70', 0.9), ('Label19', 0.9), ('Label25', 0.9), ('Label61', 0.9), ('Label27', 0.9)]
2025-08-04 15:24:49,017 [INFO] Bắt đầu phân tích ảnh...
2025-08-04 15:24:49,819 [DEBUG] Kết quả detectLabel: label_image is None? False, rect_label: ((769, 448), (3000, 2132)), confidence_detect: 0.969369649887085
2025-08-04 15:24:49,940 [DEBUG] Kết quả classifiLabel: id=14, class_name=Label23, confidence_classify=0.9953188300132751
2025-08-04 15:24:49,949 [INFO] Không phát hiện pallet hợp lệ, gán pallet_detected là 'F'.
2025-08-04 15:24:49,952 [INFO] Kết quả trả về UI: {'label_detected': 'Label23', 'pallet_detected': 'F', 'confidence': 0.9953188300132751, 'confidence_detect': 0.969369649887085, 'confidence_classify': 0.9953188300132751, 'confidence_ocr': 0, 'origin_image': array([[[91, 91, 91],
        [88, 88, 88],
        [89, 89, 89],
        ...,
        [77, 77, 77],
        [78, 78, 78],
        [85, 85, 85]],

       [[93, 93, 93],
        [88, 88, 88],
        [88, 88, 88],
        ...,
        [87, 87, 87],
        [87, 87, 87],
        [78, 78, 78]],

       [[94, 94, 94],
        [86, 86, 86],
        [86, 86, 86],
        ...,
        [86, 86, 86],
        [86, 86, 86],
        [74, 74, 74]],

       ...,

       [[83, 83, 83],
        [88, 88, 88],
        [88, 88, 88],
        ...,
        [76, 76, 76],
        [80, 80, 80],
        [83, 83, 83]],

       [[84, 84, 84],
        [89, 89, 89],
        [89, 89, 89],
        ...,
        [78, 78, 78],
        [81, 81, 81],
        [83, 83, 83]],

       [[82, 82, 82],
        [82, 82, 82],
        [82, 82, 82],
        ...,
        [80, 80, 80],
        [79, 79, 79],
        [81, 81, 81]]], dtype=uint8), 'label_image': array([[[107, 107, 107],
        [109, 109, 109],
        [109, 109, 109],
        ...,
        [102, 102, 102],
        [105, 105, 105],
        [105, 105, 105]],

       [[108, 108, 108],
        [110, 110, 110],
        [109, 109, 109],
        ...,
        [102, 102, 102],
        [103, 103, 103],
        [104, 104, 104]],

       [[110, 110, 110],
        [111, 111, 111],
        [112, 112, 112],
        ...,
        [101, 101, 101],
        [103, 103, 103],
        [104, 104, 104]],

       ...,

       [[110, 110, 110],
        [112, 112, 112],
        [111, 111, 111],
        ...,
        [109, 109, 109],
        [107, 107, 107],
        [108, 108, 108]],

       [[108, 108, 108],
        [113, 113, 113],
        [112, 112, 112],
        ...,
        [109, 109, 109],
        [107, 107, 107],
        [107, 107, 107]],

       [[110, 110, 110],
        [110, 110, 110],
        [111, 111, 111],
        ...,
        [107, 107, 107],
        [107, 107, 107],
        [106, 106, 106]]], dtype=uint8)}
2025-08-04 15:27:07,575 [INFO] Nhận pallet_infos: [('Label20', 0.95), ('', 1.0), ('Label19', 0.9), ('Label25', 0.9), ('Label61', 0.9), ('Label23', 0.9)]
2025-08-04 15:27:07,575 [INFO] Bắt đầu phân tích ảnh...
2025-08-04 15:27:08,371 [DEBUG] Kết quả detectLabel: label_image is None? False, rect_label: ((1109, 448), (2602, 1554)), confidence_detect: 0.9683380722999573
2025-08-04 15:27:08,486 [DEBUG] Kết quả classifiLabel: id=26, class_name=Label34, confidence_classify=0.999826967716217
2025-08-04 15:27:08,486 [DEBUG] Xử lý nhãn đặc biệt: id=26, class_name=Label34
2025-08-04 15:27:08,715 [DEBUG] ['tesseract', 'C:\\Users\\quang\\AppData\\Local\\Temp\\tess_p8ecxhz0_input.PNG', 'C:\\Users\\quang\\AppData\\Local\\Temp\\tess_p8ecxhz0', '--oem', '3', '--psm', '7', '-l', 'eng', 'txt']
2025-08-04 15:27:08,891 [DEBUG] Kết quả nhãn đặc biệt: class_name=Label76, confidence_ocr=0.8571428571428572
2025-08-04 15:27:08,891 [DEBUG] Kết quả _handle_special_labels: class_name=Label76, confidence_ocr=0.8571428571428572
2025-08-04 15:27:08,893 [INFO] Kết quả trả về UI: {'label_detected': 'Label76', 'pallet_detected': 'F', 'confidence': 0.8571428571428572, 'confidence_detect': 0.9683380722999573, 'confidence_classify': 0.999826967716217, 'confidence_ocr': 0.8571428571428572, 'origin_image': array([[[85, 85, 85],
        [87, 87, 87],
        [89, 89, 89],
        ...,
        [79, 79, 79],
        [77, 77, 77],
        [80, 80, 80]],

       [[86, 86, 86],
        [91, 91, 91],
        [90, 90, 90],
        ...,
        [79, 79, 79],
        [78, 78, 78],
        [83, 83, 83]],

       [[86, 86, 86],
        [89, 89, 89],
        [88, 88, 88],
        ...,
        [76, 76, 76],
        [77, 77, 77],
        [83, 83, 83]],

       ...,

       [[84, 84, 84],
        [80, 80, 80],
        [81, 81, 81],
        ...,
        [77, 77, 77],
        [78, 78, 78],
        [78, 78, 78]],

       [[84, 84, 84],
        [80, 80, 80],
        [78, 78, 78],
        ...,
        [76, 76, 76],
        [77, 77, 77],
        [77, 77, 77]],

       [[80, 80, 80],
        [87, 87, 87],
        [85, 85, 85],
        ...,
        [81, 81, 81],
        [80, 80, 80],
        [75, 75, 75]]], dtype=uint8), 'label_image': array([[[117, 117, 117],
        [117, 117, 117],
        [116, 116, 116],
        ...,
        [110, 110, 110],
        [109, 109, 109],
        [111, 111, 111]],

       [[118, 118, 118],
        [119, 119, 119],
        [121, 121, 121],
        ...,
        [109, 109, 109],
        [107, 107, 107],
        [109, 109, 109]],

       [[117, 117, 117],
        [119, 119, 119],
        [122, 122, 122],
        ...,
        [113, 113, 113],
        [109, 109, 109],
        [108, 108, 108]],

       ...,

       [[121, 121, 121],
        [122, 122, 122],
        [122, 122, 122],
        ...,
        [116, 116, 116],
        [111, 111, 111],
        [109, 109, 109]],

       [[118, 118, 118],
        [120, 120, 120],
        [123, 123, 123],
        ...,
        [114, 114, 114],
        [111, 111, 111],
        [107, 107, 107]],

       [[120, 120, 120],
        [122, 122, 122],
        [123, 123, 123],
        ...,
        [107, 107, 107],
        [106, 106, 106],
        [105, 105, 105]]], dtype=uint8)}
2025-08-04 15:27:33,824 [INFO] Nhận pallet_infos: [('Label20', 0.95), ('', 1.0), ('Label19', 0.9), ('Label25', 0.9), ('Label61', 0.9), ('Label76', 0.9)]
2025-08-04 15:27:33,824 [INFO] Bắt đầu phân tích ảnh...
2025-08-04 15:27:34,554 [DEBUG] Kết quả detectLabel: label_image is None? False, rect_label: ((1114, 434), (2599, 1549)), confidence_detect: 0.9702467918395996
2025-08-04 15:27:34,657 [DEBUG] Kết quả classifiLabel: id=26, class_name=Label34, confidence_classify=0.9919692873954773
2025-08-04 15:27:34,657 [DEBUG] Xử lý nhãn đặc biệt: id=26, class_name=Label34
2025-08-04 15:27:34,783 [DEBUG] ['tesseract', 'C:\\Users\\quang\\AppData\\Local\\Temp\\tess_36cepku7_input.PNG', 'C:\\Users\\quang\\AppData\\Local\\Temp\\tess_36cepku7', '--oem', '3', '--psm', '7', '-l', 'eng', 'txt']
2025-08-04 15:27:34,949 [DEBUG] Kết quả nhãn đặc biệt: class_name=, confidence_ocr=None
2025-08-04 15:27:34,949 [DEBUG] Kết quả _handle_special_labels: class_name=, confidence_ocr=None
2025-08-04 15:27:34,950 [DEBUG] So sánh label_detected= với name=Label20, confidence=None >= thresh=0.95
2025-08-04 15:27:34,950 [DEBUG] So sánh label_detected= với name=, confidence=None >= thresh=1.0
2025-08-04 15:27:34,950 [DEBUG] So sánh label_detected= với name=Label19, confidence=None >= thresh=0.9
2025-08-04 15:27:34,951 [DEBUG] So sánh label_detected= với name=Label25, confidence=None >= thresh=0.9
2025-08-04 15:27:34,951 [DEBUG] So sánh label_detected= với name=Label61, confidence=None >= thresh=0.9
2025-08-04 15:27:34,952 [INFO] Kết quả trả về UI: {'label_detected': '', 'pallet_detected': 'F', 'confidence': None, 'confidence_detect': 0.9702467918395996, 'confidence_classify': 0.9919692873954773, 'confidence_ocr': None, 'origin_image': array([[[91, 91, 91],
        [87, 87, 87],
        [88, 88, 88],
        ...,
        [78, 78, 78],
        [78, 78, 78],
        [77, 77, 77]],

       [[91, 91, 91],
        [89, 89, 89],
        [87, 87, 87],
        ...,
        [79, 79, 79],
        [80, 80, 80],
        [81, 81, 81]],

       [[89, 89, 89],
        [87, 87, 87],
        [87, 87, 87],
        ...,
        [79, 79, 79],
        [79, 79, 79],
        [78, 78, 78]],

       ...,

       [[85, 85, 85],
        [86, 86, 86],
        [84, 84, 84],
        ...,
        [79, 79, 79],
        [81, 81, 81],
        [78, 78, 78]],

       [[83, 83, 83],
        [85, 85, 85],
        [84, 84, 84],
        ...,
        [79, 79, 79],
        [81, 81, 81],
        [76, 76, 76]],

       [[83, 83, 83],
        [82, 82, 82],
        [84, 84, 84],
        ...,
        [75, 75, 75],
        [76, 76, 76],
        [77, 77, 77]]], dtype=uint8), 'label_image': array([[[113, 113, 113],
        [113, 113, 113],
        [119, 119, 119],
        ...,
        [108, 108, 108],
        [110, 110, 110],
        [110, 110, 110]],

       [[113, 113, 113],
        [112, 112, 112],
        [120, 120, 120],
        ...,
        [109, 109, 109],
        [110, 110, 110],
        [109, 109, 109]],

       [[113, 113, 113],
        [113, 113, 113],
        [123, 123, 123],
        ...,
        [109, 109, 109],
        [109, 109, 109],
        [108, 108, 108]],

       ...,

       [[121, 121, 121],
        [123, 123, 123],
        [123, 123, 123],
        ...,
        [118, 118, 118],
        [113, 113, 113],
        [107, 107, 107]],

       [[120, 120, 120],
        [122, 122, 122],
        [123, 123, 123],
        ...,
        [114, 114, 114],
        [111, 111, 111],
        [108, 108, 108]],

       [[119, 119, 119],
        [121, 121, 121],
        [122, 122, 122],
        ...,
        [110, 110, 110],
        [109, 109, 109],
        [108, 108, 108]]], dtype=uint8)}
2025-08-04 15:27:46,971 [INFO] Nhận pallet_infos: [('Label20', 0.95), ('', 1.0), ('Label19', 0.9), ('Label25', 0.9), ('Label61', 0.9), ('No Label Detected', 0.9)]
2025-08-04 15:27:46,972 [INFO] Bắt đầu phân tích ảnh...
2025-08-04 15:27:47,688 [DEBUG] Kết quả detectLabel: label_image is None? False, rect_label: ((861, 475), (2555, 1888)), confidence_detect: 0.9705790281295776
2025-08-04 15:27:47,795 [DEBUG] Kết quả classifiLabel: id=26, class_name=Label34, confidence_classify=0.9998075366020203
2025-08-04 15:27:47,795 [DEBUG] Xử lý nhãn đặc biệt: id=26, class_name=Label34
2025-08-04 15:27:47,920 [DEBUG] ['tesseract', 'C:\\Users\\quang\\AppData\\Local\\Temp\\tess_7d_ujszq_input.PNG', 'C:\\Users\\quang\\AppData\\Local\\Temp\\tess_7d_ujszq', '--oem', '3', '--psm', '7', '-l', 'eng', 'txt']
2025-08-04 15:27:48,086 [DEBUG] Kết quả nhãn đặc biệt: class_name=Label76, confidence_ocr=0.8571428571428572
2025-08-04 15:27:48,086 [DEBUG] Kết quả _handle_special_labels: class_name=Label76, confidence_ocr=0.8571428571428572
2025-08-04 15:27:48,088 [INFO] Kết quả trả về UI: {'label_detected': 'Label76', 'pallet_detected': 'F', 'confidence': 0.8571428571428572, 'confidence_detect': 0.9705790281295776, 'confidence_classify': 0.9998075366020203, 'confidence_ocr': 0.8571428571428572, 'origin_image': array([[[91, 91, 91],
        [91, 91, 91],
        [89, 89, 89],
        ...,
        [81, 81, 81],
        [82, 82, 82],
        [77, 77, 77]],

       [[94, 94, 94],
        [94, 94, 94],
        [91, 91, 91],
        ...,
        [79, 79, 79],
        [78, 78, 78],
        [78, 78, 78]],

       [[93, 93, 93],
        [94, 94, 94],
        [92, 92, 92],
        ...,
        [80, 80, 80],
        [80, 80, 80],
        [79, 79, 79]],

       ...,

       [[85, 85, 85],
        [85, 85, 85],
        [84, 84, 84],
        ...,
        [76, 76, 76],
        [77, 77, 77],
        [77, 77, 77]],

       [[84, 84, 84],
        [84, 84, 84],
        [85, 85, 85],
        ...,
        [75, 75, 75],
        [77, 77, 77],
        [76, 76, 76]],

       [[83, 83, 83],
        [83, 83, 83],
        [84, 84, 84],
        ...,
        [77, 77, 77],
        [76, 76, 76],
        [82, 82, 82]]], dtype=uint8), 'label_image': array([[[118, 118, 118],
        [120, 120, 120],
        [117, 117, 117],
        ...,
        [113, 113, 113],
        [111, 111, 111],
        [111, 111, 111]],

       [[119, 119, 119],
        [118, 118, 118],
        [118, 118, 118],
        ...,
        [113, 113, 113],
        [110, 110, 110],
        [111, 111, 111]],

       [[117, 117, 117],
        [116, 116, 116],
        [117, 117, 117],
        ...,
        [114, 114, 114],
        [111, 111, 111],
        [111, 111, 111]],

       ...,

       [[120, 120, 120],
        [120, 120, 120],
        [119, 119, 119],
        ...,
        [113, 113, 113],
        [110, 110, 110],
        [104, 104, 104]],

       [[118, 118, 118],
        [119, 119, 119],
        [119, 119, 119],
        ...,
        [108, 108, 108],
        [107, 107, 107],
        [104, 104, 104]],

       [[117, 117, 117],
        [119, 119, 119],
        [120, 120, 120],
        ...,
        [106, 106, 106],
        [105, 105, 105],
        [104, 104, 104]]], dtype=uint8)}
2025-08-04 15:28:13,514 [INFO] Nhận pallet_infos: [('Label20', 0.95), ('', 0.8), ('Label19', 0.9), ('Label25', 0.9), ('Label61', 0.9), ('Label76', 0.9)]
2025-08-04 15:28:13,514 [INFO] Bắt đầu phân tích ảnh...
2025-08-04 15:28:14,226 [DEBUG] Kết quả detectLabel: label_image is None? False, rect_label: ((861, 476), (2554, 1887)), confidence_detect: 0.9706212878227234
2025-08-04 15:28:14,326 [DEBUG] Kết quả classifiLabel: id=26, class_name=Label34, confidence_classify=0.999823272228241
2025-08-04 15:28:14,326 [DEBUG] Xử lý nhãn đặc biệt: id=26, class_name=Label34
2025-08-04 15:28:14,493 [DEBUG] ['tesseract', 'C:\\Users\\quang\\AppData\\Local\\Temp\\tess_rlbb3n12_input.PNG', 'C:\\Users\\quang\\AppData\\Local\\Temp\\tess_rlbb3n12', '--oem', '3', '--psm', '7', '-l', 'eng', 'txt']
2025-08-04 15:28:14,666 [DEBUG] Kết quả nhãn đặc biệt: class_name=Label76, confidence_ocr=0.8571428571428572
2025-08-04 15:28:14,666 [DEBUG] Kết quả _handle_special_labels: class_name=Label76, confidence_ocr=0.8571428571428572
2025-08-04 15:28:14,667 [INFO] Đã gán pallet_detected: B
2025-08-04 15:28:14,668 [INFO] Kết quả trả về UI: {'label_detected': 'Label76', 'pallet_detected': 'B', 'confidence': 0.8571428571428572, 'confidence_detect': 0.9706212878227234, 'confidence_classify': 0.999823272228241, 'confidence_ocr': 0.8571428571428572, 'origin_image': array([[[88, 88, 88],
        [89, 89, 89],
        [89, 89, 89],
        ...,
        [84, 84, 84],
        [85, 85, 85],
        [83, 83, 83]],

       [[90, 90, 90],
        [90, 90, 90],
        [89, 89, 89],
        ...,
        [79, 79, 79],
        [78, 78, 78],
        [84, 84, 84]],

       [[91, 91, 91],
        [89, 89, 89],
        [87, 87, 87],
        ...,
        [78, 78, 78],
        [75, 75, 75],
        [75, 75, 75]],

       ...,

       [[86, 86, 86],
        [86, 86, 86],
        [86, 86, 86],
        ...,
        [79, 79, 79],
        [80, 80, 80],
        [80, 80, 80]],

       [[83, 83, 83],
        [85, 85, 85],
        [85, 85, 85],
        ...,
        [79, 79, 79],
        [80, 80, 80],
        [79, 79, 79]],

       [[83, 83, 83],
        [83, 83, 83],
        [82, 82, 82],
        ...,
        [79, 79, 79],
        [80, 80, 80],
        [77, 77, 77]]], dtype=uint8), 'label_image': array([[[119, 119, 119],
        [117, 117, 117],
        [123, 123, 123],
        ...,
        [114, 114, 114],
        [109, 109, 109],
        [110, 110, 110]],

       [[119, 119, 119],
        [118, 118, 118],
        [122, 122, 122],
        ...,
        [116, 116, 116],
        [112, 112, 112],
        [111, 111, 111]],

       [[116, 116, 116],
        [117, 117, 117],
        [120, 120, 120],
        ...,
        [116, 116, 116],
        [113, 113, 113],
        [112, 112, 112]],

       ...,

       [[121, 121, 121],
        [118, 118, 118],
        [117, 117, 117],
        ...,
        [108, 108, 108],
        [108, 108, 108],
        [104, 104, 104]],

       [[118, 118, 118],
        [116, 116, 116],
        [117, 117, 117],
        ...,
        [103, 103, 103],
        [105, 105, 105],
        [104, 104, 104]],

       [[114, 114, 114],
        [115, 115, 115],
        [116, 116, 116],
        ...,
        [106, 106, 106],
        [105, 105, 105],
        [104, 104, 104]]], dtype=uint8)}
2025-08-04 15:28:42,465 [INFO] Nhận pallet_infos: [('Label20', 0.95), ('Label76', 0.8), ('Label19', 0.9), ('Label25', 0.9), ('Label61', 0.9), ('Label76', 0.9)]
2025-08-04 15:28:42,465 [INFO] Bắt đầu phân tích ảnh...
2025-08-04 15:28:43,027 [DEBUG] Kết quả detectLabel: label_image is None? True, rect_label: None, confidence_detect: 0.0
2025-08-04 15:28:43,027 [ERROR] Không phát hiện được nhãn hoặc nhãn bị lỗi!
2025-08-04 15:28:43,028 [WARNING] Không phát hiện được nhãn!
2025-08-04 15:28:48,300 [INFO] Nhận pallet_infos: [('Label20', 0.95), ('Label76', 0.8), ('Label19', 0.9), ('Label25', 0.9), ('Label61', 0.9), ('No Label Detected', 0.9)]
2025-08-04 15:28:48,300 [INFO] Bắt đầu phân tích ảnh...
2025-08-04 15:28:48,994 [DEBUG] Kết quả detectLabel: label_image is None? False, rect_label: ((1280, 1058), (2700, 2140)), confidence_detect: 0.9681380391120911
2025-08-04 15:28:49,092 [DEBUG] Kết quả classifiLabel: id=6, class_name=Label16, confidence_classify=0.4780126214027405
2025-08-04 15:28:49,095 [INFO] Không phát hiện pallet hợp lệ, gán pallet_detected là 'F'.
2025-08-04 15:28:49,097 [INFO] Kết quả trả về UI: {'label_detected': 'Label16', 'pallet_detected': 'F', 'confidence': 0.4780126214027405, 'confidence_detect': 0.9681380391120911, 'confidence_classify': 0.4780126214027405, 'confidence_ocr': 0, 'origin_image': array([[[89, 89, 89],
        [80, 80, 80],
        [80, 80, 80],
        ...,
        [76, 76, 76],
        [76, 76, 76],
        [80, 80, 80]],

       [[87, 87, 87],
        [89, 89, 89],
        [90, 90, 90],
        ...,
        [81, 81, 81],
        [82, 82, 82],
        [82, 82, 82]],

       [[87, 87, 87],
        [90, 90, 90],
        [90, 90, 90],
        ...,
        [80, 80, 80],
        [80, 80, 80],
        [80, 80, 80]],

       ...,

       [[79, 79, 79],
        [82, 82, 82],
        [84, 84, 84],
        ...,
        [77, 77, 77],
        [77, 77, 77],
        [81, 81, 81]],

       [[78, 78, 78],
        [82, 82, 82],
        [82, 82, 82],
        ...,
        [77, 77, 77],
        [76, 76, 76],
        [81, 81, 81]],

       [[84, 84, 84],
        [85, 85, 85],
        [85, 85, 85],
        ...,
        [76, 76, 76],
        [74, 74, 74],
        [80, 80, 80]]], dtype=uint8), 'label_image': array([[[125, 125, 125],
        [126, 126, 126],
        [123, 123, 123],
        ...,
        [118, 118, 118],
        [118, 118, 118],
        [118, 118, 118]],

       [[127, 127, 127],
        [129, 129, 129],
        [126, 126, 126],
        ...,
        [120, 120, 120],
        [119, 119, 119],
        [118, 118, 118]],

       [[125, 125, 125],
        [126, 126, 126],
        [125, 125, 125],
        ...,
        [121, 121, 121],
        [120, 120, 120],
        [118, 118, 118]],

       ...,

       [[113, 113, 113],
        [113, 113, 113],
        [114, 114, 114],
        ...,
        [112, 112, 112],
        [109, 109, 109],
        [108, 108, 108]],

       [[110, 110, 110],
        [111, 111, 111],
        [113, 113, 113],
        ...,
        [112, 112, 112],
        [110, 110, 110],
        [110, 110, 110]],

       [[112, 112, 112],
        [111, 111, 111],
        [112, 112, 112],
        ...,
        [111, 111, 111],
        [111, 111, 111],
        [113, 113, 113]]], dtype=uint8)}
2025-08-04 15:29:34,605 [INFO] Nhận pallet_infos: [('Label20', 0.95), ('', 0.8), ('Label19', 0.9), ('Label25', 0.9), ('Label61', 0.9), ('Label16', 0.9)]
2025-08-04 15:29:34,606 [INFO] Bắt đầu phân tích ảnh...
2025-08-04 15:29:35,315 [DEBUG] Kết quả detectLabel: label_image is None? False, rect_label: ((1114, 1136), (2577, 2192)), confidence_detect: 0.9626193642616272
2025-08-04 15:29:35,421 [DEBUG] Kết quả classifiLabel: id=6, class_name=Label16, confidence_classify=0.3744428753852844
2025-08-04 15:29:35,423 [INFO] Kết quả trả về UI: {'label_detected': 'Label16', 'pallet_detected': 'F', 'confidence': 0.3744428753852844, 'confidence_detect': 0.9626193642616272, 'confidence_classify': 0.3744428753852844, 'confidence_ocr': 0, 'origin_image': array([[[89, 89, 89],
        [90, 90, 90],
        [89, 89, 89],
        ...,
        [75, 75, 75],
        [75, 75, 75],
        [81, 81, 81]],

       [[89, 89, 89],
        [86, 86, 86],
        [85, 85, 85],
        ...,
        [81, 81, 81],
        [83, 83, 83],
        [79, 79, 79]],

       [[88, 88, 88],
        [85, 85, 85],
        [84, 84, 84],
        ...,
        [81, 81, 81],
        [81, 81, 81],
        [78, 78, 78]],

       ...,

       [[87, 87, 87],
        [83, 83, 83],
        [84, 84, 84],
        ...,
        [78, 78, 78],
        [79, 79, 79],
        [81, 81, 81]],

       [[86, 86, 86],
        [81, 81, 81],
        [81, 81, 81],
        ...,
        [79, 79, 79],
        [79, 79, 79],
        [81, 81, 81]],

       [[84, 84, 84],
        [87, 87, 87],
        [87, 87, 87],
        ...,
        [79, 79, 79],
        [79, 79, 79],
        [78, 78, 78]]], dtype=uint8), 'label_image': array([[[125, 125, 125],
        [126, 126, 126],
        [125, 125, 125],
        ...,
        [117, 117, 117],
        [114, 114, 114],
        [115, 115, 115]],

       [[124, 124, 124],
        [126, 126, 126],
        [124, 124, 124],
        ...,
        [117, 117, 117],
        [115, 115, 115],
        [115, 115, 115]],

       [[124, 124, 124],
        [123, 123, 123],
        [120, 120, 120],
        ...,
        [114, 114, 114],
        [114, 114, 114],
        [115, 115, 115]],

       ...,

       [[114, 114, 114],
        [114, 114, 114],
        [116, 116, 116],
        ...,
        [107, 107, 107],
        [109, 109, 109],
        [110, 110, 110]],

       [[115, 115, 115],
        [116, 116, 116],
        [119, 119, 119],
        ...,
        [107, 107, 107],
        [110, 110, 110],
        [110, 110, 110]],

       [[113, 113, 113],
        [113, 113, 113],
        [117, 117, 117],
        ...,
        [106, 106, 106],
        [107, 107, 107],
        [107, 107, 107]]], dtype=uint8)}
2025-08-04 15:30:26,008 [INFO] Đã mở camera.
2025-08-04 15:30:36,915 [INFO] Đã mở camera.
2025-08-04 15:31:08,370 [INFO] Nhận pallet_infos: [('Label20', 0.95), ('', 0.8), ('Label19', 0.9), ('Label25', 0.9), ('Label61', 0.9), ('Label16', 0.9)]
2025-08-04 15:31:08,371 [INFO] Bắt đầu phân tích ảnh...
2025-08-04 15:31:09,061 [DEBUG] Kết quả detectLabel: label_image is None? True, rect_label: None, confidence_detect: 0.0
2025-08-04 15:31:09,061 [ERROR] Không phát hiện được nhãn hoặc nhãn bị lỗi!
2025-08-04 15:31:09,061 [WARNING] Không phát hiện được nhãn!
2025-08-04 15:31:18,077 [INFO] Nhận pallet_infos: [('Label20', 0.95), ('', 0.8), ('Label19', 0.9), ('Label25', 0.9), ('Label61', 0.9), ('No Label Detected', 0.9)]
2025-08-04 15:31:18,077 [INFO] Bắt đầu phân tích ảnh...
2025-08-04 15:31:18,726 [DEBUG] Kết quả detectLabel: label_image is None? True, rect_label: None, confidence_detect: 0.0
2025-08-04 15:31:18,726 [ERROR] Không phát hiện được nhãn hoặc nhãn bị lỗi!
2025-08-04 15:31:18,726 [WARNING] Không phát hiện được nhãn!
2025-08-04 15:35:56,527 [INFO] Đã mở camera.
2025-08-04 15:36:00,028 [INFO] Nhận pallet_infos: [('', 1.0), ('', 0.5), ('', 1.0), ('', 1.0), ('', 1.0), ('No Label Detected', 0.9)]
2025-08-04 15:36:00,028 [INFO] Bắt đầu phân tích ảnh...
2025-08-04 15:36:00,724 [DEBUG] Kết quả detectLabel: label_image is None? True, rect_label: None, confidence_detect: 0.0
2025-08-04 15:36:00,724 [ERROR] Không phát hiện được nhãn hoặc nhãn bị lỗi!
2025-08-04 15:36:00,724 [WARNING] Không phát hiện được nhãn!
2025-08-04 15:41:44,523 [INFO] Nhận pallet_infos: [('', 1.0), ('', 0.5), ('', 1.0), ('', 1.0), ('', 1.0), ('No Label Detected', 0.9)]
2025-08-04 15:41:44,523 [INFO] Bắt đầu phân tích ảnh...
2025-08-04 15:41:45,095 [DEBUG] Kết quả detectLabel: label_image is None? True, rect_label: None, confidence_detect: 0.0
2025-08-04 15:41:45,095 [ERROR] Không phát hiện được nhãn hoặc nhãn bị lỗi!
2025-08-04 15:41:45,095 [WARNING] Không phát hiện được nhãn!
2025-08-04 15:41:50,356 [INFO] Nhận pallet_infos: [('', 1.0), ('', 0.5), ('', 1.0), ('', 1.0), ('', 1.0), ('No Label Detected', 0.9)]
2025-08-04 15:41:50,357 [INFO] Bắt đầu phân tích ảnh...
2025-08-04 15:41:50,989 [DEBUG] Kết quả detectLabel: label_image is None? True, rect_label: None, confidence_detect: 0.0
2025-08-04 15:41:50,989 [ERROR] Không phát hiện được nhãn hoặc nhãn bị lỗi!
2025-08-04 15:41:50,990 [WARNING] Không phát hiện được nhãn!
2025-08-04 15:42:00,789 [INFO] Nhận pallet_infos: [('', 0.9), ('', 0.5), ('', 1.0), ('', 1.0), ('', 1.0), ('No Label Detected', 0.9)]
2025-08-04 15:42:00,789 [INFO] Bắt đầu phân tích ảnh...
2025-08-04 15:42:01,349 [DEBUG] Kết quả detectLabel: label_image is None? True, rect_label: None, confidence_detect: 0.0
2025-08-04 15:42:01,349 [ERROR] Không phát hiện được nhãn hoặc nhãn bị lỗi!
2025-08-04 15:42:01,349 [WARNING] Không phát hiện được nhãn!
2025-08-04 15:42:10,749 [INFO] Nhận pallet_infos: [('', 0.9), ('', 0.5), ('', 1.0), ('', 1.0), ('', 1.0), ('No Label Detected', 0.9)]
2025-08-04 15:42:10,749 [INFO] Bắt đầu phân tích ảnh...
2025-08-04 15:42:11,303 [DEBUG] Kết quả detectLabel: label_image is None? True, rect_label: None, confidence_detect: 0.0
2025-08-04 15:42:11,303 [ERROR] Không phát hiện được nhãn hoặc nhãn bị lỗi!
2025-08-04 15:42:11,303 [WARNING] Không phát hiện được nhãn!
2025-08-04 15:42:47,337 [INFO] Đã mở camera.
2025-08-04 15:42:49,182 [INFO] Nhận pallet_infos: [('', 0.9), ('', 0.5), ('', 1.0), ('', 1.0), ('', 1.0), ('No Label Detected', 0.9)]
2025-08-04 15:42:49,182 [INFO] Bắt đầu phân tích ảnh...
2025-08-04 15:42:50,173 [DEBUG] Kết quả detectLabel: label_image is None? False, rect_label: ((1162, 838), (2724, 2070)), confidence_detect: 0.9682208299636841
2025-08-04 15:42:50,385 [DEBUG] Kết quả classifiLabel: id=39, class_name=Label46, confidence_classify=0.9998358488082886
2025-08-04 15:42:50,390 [INFO] Đã gán pallet_detected: A
2025-08-04 15:42:50,391 [INFO] Kết quả trả về UI: {'label_detected': 'Label46', 'pallet_detected': 'A', 'confidence': 0.9998358488082886, 'confidence_detect': 0.9682208299636841, 'confidence_classify': 0.9998358488082886, 'confidence_ocr': 0, 'origin_image': array([[[84, 84, 84],
        [87, 87, 87],
        [87, 87, 87],
        ...,
        [81, 81, 81],
        [81, 81, 81],
        [79, 79, 79]],

       [[89, 89, 89],
        [89, 89, 89],
        [88, 88, 88],
        ...,
        [81, 81, 81],
        [80, 80, 80],
        [83, 83, 83]],

       [[91, 91, 91],
        [88, 88, 88],
        [86, 86, 86],
        ...,
        [81, 81, 81],
        [80, 80, 80],
        [80, 80, 80]],

       ...,

       [[83, 83, 83],
        [87, 87, 87],
        [88, 88, 88],
        ...,
        [76, 76, 76],
        [79, 79, 79],
        [85, 85, 85]],

       [[82, 82, 82],
        [85, 85, 85],
        [87, 87, 87],
        ...,
        [78, 78, 78],
        [79, 79, 79],
        [83, 83, 83]],

       [[81, 81, 81],
        [83, 83, 83],
        [84, 84, 84],
        ...,
        [79, 79, 79],
        [77, 77, 77],
        [76, 76, 76]]], dtype=uint8), 'label_image': array([[[122, 122, 122],
        [123, 123, 123],
        [122, 122, 122],
        ...,
        [100, 100, 100],
        [104, 104, 104],
        [105, 105, 105]],

       [[120, 120, 120],
        [123, 123, 123],
        [125, 125, 125],
        ...,
        [ 97,  97,  97],
        [102, 102, 102],
        [104, 104, 104]],

       [[120, 120, 120],
        [123, 123, 123],
        [124, 124, 124],
        ...,
        [ 95,  95,  95],
        [100, 100, 100],
        [102, 102, 102]],

       ...,

       [[114, 114, 114],
        [114, 114, 114],
        [114, 114, 114],
        ...,
        [113, 113, 113],
        [114, 114, 114],
        [110, 110, 110]],

       [[114, 114, 114],
        [115, 115, 115],
        [116, 116, 116],
        ...,
        [115, 115, 115],
        [114, 114, 114],
        [109, 109, 109]],

       [[114, 114, 114],
        [116, 116, 116],
        [115, 115, 115],
        ...,
        [115, 115, 115],
        [114, 114, 114],
        [111, 111, 111]]], dtype=uint8)}
2025-08-04 15:54:19,130 [INFO] Nhận pallet_infos: [('', 0.9), ('', 0.5), ('', 1.0), ('', 1.0), ('', 1.0), ('No Label Detected', 0.9)]
2025-08-04 15:54:19,130 [INFO] Bắt đầu phân tích ảnh...
2025-08-04 15:54:19,912 [DEBUG] Kết quả detectLabel: label_image is None? False, rect_label: ((1225, 602), (2803, 2044)), confidence_detect: 0.9696550369262695
2025-08-04 15:54:20,049 [DEBUG] Kết quả classifiLabel: id=6, class_name=Label16, confidence_classify=0.5455875396728516
2025-08-04 15:54:20,054 [INFO] Kết quả trả về UI: {'label_detected': 'Label16', 'pallet_detected': 'F', 'confidence': 0.5455875396728516, 'confidence_detect': 0.9696550369262695, 'confidence_classify': 0.5455875396728516, 'confidence_ocr': 0, 'origin_image': array([[[89, 89, 89],
        [84, 84, 84],
        [85, 85, 85],
        ...,
        [79, 79, 79],
        [79, 79, 79],
        [79, 79, 79]],

       [[89, 89, 89],
        [89, 89, 89],
        [88, 88, 88],
        ...,
        [72, 72, 72],
        [72, 72, 72],
        [78, 78, 78]],

       [[88, 88, 88],
        [89, 89, 89],
        [88, 88, 88],
        ...,
        [69, 69, 69],
        [68, 68, 68],
        [78, 78, 78]],

       ...,

       [[83, 83, 83],
        [84, 84, 84],
        [86, 86, 86],
        ...,
        [79, 79, 79],
        [79, 79, 79],
        [82, 82, 82]],

       [[80, 80, 80],
        [86, 86, 86],
        [89, 89, 89],
        ...,
        [78, 78, 78],
        [78, 78, 78],
        [82, 82, 82]],

       [[85, 85, 85],
        [80, 80, 80],
        [80, 80, 80],
        ...,
        [80, 80, 80],
        [80, 80, 80],
        [80, 80, 80]]], dtype=uint8), 'label_image': array([[[107, 107, 107],
        [107, 107, 107],
        [106, 106, 106],
        ...,
        [115, 115, 115],
        [119, 119, 119],
        [119, 119, 119]],

       [[102, 102, 102],
        [103, 103, 103],
        [104, 104, 104],
        ...,
        [118, 118, 118],
        [119, 119, 119],
        [121, 121, 121]],

       [[100, 100, 100],
        [100, 100, 100],
        [104, 104, 104],
        ...,
        [116, 116, 116],
        [117, 117, 117],
        [120, 120, 120]],

       ...,

       [[116, 116, 116],
        [117, 117, 117],
        [115, 115, 115],
        ...,
        [112, 112, 112],
        [113, 113, 113],
        [114, 114, 114]],

       [[112, 112, 112],
        [113, 113, 113],
        [115, 115, 115],
        ...,
        [114, 114, 114],
        [116, 116, 116],
        [112, 112, 112]],

       [[110, 110, 110],
        [112, 112, 112],
        [114, 114, 114],
        ...,
        [114, 114, 114],
        [115, 115, 115],
        [114, 114, 114]]], dtype=uint8)}
2025-08-04 15:56:21,051 [INFO] Đã mở camera.
2025-08-04 15:56:27,314 [INFO] Nhận pallet_infos: [('', 0.9), ('', 0.5), ('', 1.0), ('', 1.0), ('', 1.0), ('Label16', 0.9)]
2025-08-04 15:56:27,314 [INFO] Bắt đầu phân tích ảnh...
2025-08-04 15:56:28,259 [DEBUG] Kết quả detectLabel: label_image is None? False, rect_label: ((1221, 602), (2801, 2044)), confidence_detect: 0.9694883823394775
2025-08-04 15:56:28,484 [DEBUG] Kết quả classifiLabel: id=6, class_name=Label16, confidence_classify=0.5467087030410767
2025-08-04 15:56:28,488 [INFO] Kết quả trả về UI: {'label_detected': None, 'pallet_detected': 'F', 'confidence': 0.5467087030410767, 'confidence_detect': 0.9694883823394775, 'confidence_classify': 0.5467087030410767, 'confidence_ocr': 0, 'origin_image': array([[[86, 86, 86],
        [88, 88, 88],
        [89, 89, 89],
        ...,
        [81, 81, 81],
        [80, 80, 80],
        [83, 83, 83]],

       [[87, 87, 87],
        [89, 89, 89],
        [90, 90, 90],
        ...,
        [83, 83, 83],
        [85, 85, 85],
        [84, 84, 84]],

       [[91, 91, 91],
        [86, 86, 86],
        [89, 89, 89],
        ...,
        [82, 82, 82],
        [83, 83, 83],
        [83, 83, 83]],

       ...,

       [[83, 83, 83],
        [85, 85, 85],
        [81, 81, 81],
        ...,
        [84, 84, 84],
        [82, 82, 82],
        [83, 83, 83]],

       [[85, 85, 85],
        [89, 89, 89],
        [86, 86, 86],
        ...,
        [83, 83, 83],
        [81, 81, 81],
        [84, 84, 84]],

       [[84, 84, 84],
        [80, 80, 80],
        [80, 80, 80],
        ...,
        [83, 83, 83],
        [81, 81, 81],
        [84, 84, 84]]], dtype=uint8), 'label_image': array([[[103, 103, 103],
        [104, 104, 104],
        [106, 106, 106],
        ...,
        [118, 118, 118],
        [118, 118, 118],
        [118, 118, 118]],

       [[103, 103, 103],
        [103, 103, 103],
        [105, 105, 105],
        ...,
        [117, 117, 117],
        [118, 118, 118],
        [118, 118, 118]],

       [[101, 101, 101],
        [102, 102, 102],
        [104, 104, 104],
        ...,
        [116, 116, 116],
        [116, 116, 116],
        [117, 117, 117]],

       ...,

       [[113, 113, 113],
        [110, 110, 110],
        [114, 114, 114],
        ...,
        [114, 114, 114],
        [113, 113, 113],
        [117, 117, 117]],

       [[112, 112, 112],
        [109, 109, 109],
        [114, 114, 114],
        ...,
        [112, 112, 112],
        [115, 115, 115],
        [117, 117, 117]],

       [[116, 116, 116],
        [113, 113, 113],
        [114, 114, 114],
        ...,
        [113, 113, 113],
        [116, 116, 116],
        [116, 116, 116]]], dtype=uint8)}
2025-08-04 15:57:37,429 [INFO] Đã mở camera.
2025-08-04 15:57:49,569 [INFO] Đã mở camera.
2025-08-04 15:57:54,288 [INFO] Nhận pallet_infos: [('', 0.9), ('', 0.5), ('', 1.0), ('', 1.0), ('', 1.0), ('No Label Detected', 0.9)]
2025-08-04 15:57:54,288 [INFO] Bắt đầu phân tích ảnh...
2025-08-04 15:57:55,362 [DEBUG] Kết quả detectLabel: label_image is None? False, rect_label: ((1225, 602), (2802, 2044)), confidence_detect: 0.9695425033569336
2025-08-04 15:57:55,625 [DEBUG] Kết quả classifiLabel: id=6, class_name=Label16, confidence_classify=0.5557815432548523
2025-08-04 15:57:55,631 [INFO] Kết quả trả về UI: {'label_detected': None, 'pallet_detected': 'F', 'confidence': 0.5557815432548523, 'confidence_detect': 0.9695425033569336, 'confidence_classify': 0.5557815432548523, 'confidence_ocr': 0, 'origin_image': array([[[91, 91, 91],
        [91, 91, 91],
        [91, 91, 91],
        ...,
        [83, 83, 83],
        [83, 83, 83],
        [81, 81, 81]],

       [[93, 93, 93],
        [91, 91, 91],
        [91, 91, 91],
        ...,
        [81, 81, 81],
        [82, 82, 82],
        [84, 84, 84]],

       [[92, 92, 92],
        [88, 88, 88],
        [88, 88, 88],
        ...,
        [81, 81, 81],
        [81, 81, 81],
        [84, 84, 84]],

       ...,

       [[80, 80, 80],
        [80, 80, 80],
        [80, 80, 80],
        ...,
        [79, 79, 79],
        [78, 78, 78],
        [78, 78, 78]],

       [[81, 81, 81],
        [79, 79, 79],
        [79, 79, 79],
        ...,
        [79, 79, 79],
        [78, 78, 78],
        [77, 77, 77]],

       [[80, 80, 80],
        [85, 85, 85],
        [86, 86, 86],
        ...,
        [78, 78, 78],
        [78, 78, 78],
        [81, 81, 81]]], dtype=uint8), 'label_image': array([[[103, 103, 103],
        [105, 105, 105],
        [107, 107, 107],
        ...,
        [116, 116, 116],
        [118, 118, 118],
        [120, 120, 120]],

       [[103, 103, 103],
        [106, 106, 106],
        [107, 107, 107],
        ...,
        [111, 111, 111],
        [112, 112, 112],
        [118, 118, 118]],

       [[104, 104, 104],
        [104, 104, 104],
        [101, 101, 101],
        ...,
        [113, 113, 113],
        [114, 114, 114],
        [119, 119, 119]],

       ...,

       [[115, 115, 115],
        [114, 114, 114],
        [114, 114, 114],
        ...,
        [115, 115, 115],
        [116, 116, 116],
        [115, 115, 115]],

       [[114, 114, 114],
        [113, 113, 113],
        [113, 113, 113],
        ...,
        [115, 115, 115],
        [116, 116, 116],
        [118, 118, 118]],

       [[116, 116, 116],
        [114, 114, 114],
        [112, 112, 112],
        ...,
        [117, 117, 117],
        [116, 116, 116],
        [117, 117, 117]]], dtype=uint8)}
2025-08-04 15:59:55,249 [INFO] Đã mở camera.
2025-08-04 16:01:11,379 [INFO] Nhận pallet_infos: [('', 0.9), ('', 0.5), ('', 1.0), ('', 1.0), ('', 1.0), ('None', 0.9)]
2025-08-04 16:01:11,379 [INFO] Bắt đầu phân tích ảnh...
2025-08-04 16:01:12,342 [DEBUG] Kết quả detectLabel: label_image is None? False, rect_label: ((1225, 602), (2800, 2044)), confidence_detect: 0.969557523727417
2025-08-04 16:01:12,594 [DEBUG] Kết quả classifiLabel: id=6, class_name=Label16, confidence_classify=0.5084462761878967
2025-08-04 16:01:12,600 [INFO] Kết quả trả về UI: {'label_detected': None, 'pallet_detected': 'F', 'confidence': 0, 'confidence_detect': 0, 'confidence_classify': 0, 'confidence_ocr': 0, 'origin_image': array([[[92, 92, 92],
        [92, 92, 92],
        [92, 92, 92],
        ...,
        [80, 80, 80],
        [80, 80, 80],
        [77, 77, 77]],

       [[89, 89, 89],
        [90, 90, 90],
        [89, 89, 89],
        ...,
        [76, 76, 76],
        [77, 77, 77],
        [78, 78, 78]],

       [[89, 89, 89],
        [89, 89, 89],
        [90, 90, 90],
        ...,
        [78, 78, 78],
        [78, 78, 78],
        [79, 79, 79]],

       ...,

       [[86, 86, 86],
        [85, 85, 85],
        [83, 83, 83],
        ...,
        [75, 75, 75],
        [76, 76, 76],
        [81, 81, 81]],

       [[86, 86, 86],
        [84, 84, 84],
        [83, 83, 83],
        ...,
        [75, 75, 75],
        [76, 76, 76],
        [81, 81, 81]],

       [[81, 81, 81],
        [88, 88, 88],
        [88, 88, 88],
        ...,
        [82, 82, 82],
        [80, 80, 80],
        [77, 77, 77]]], dtype=uint8), 'label_image': array([[[105, 105, 105],
        [ 99,  99,  99],
        [ 95,  95,  95],
        ...,
        [118, 118, 118],
        [117, 117, 117],
        [118, 118, 118]],

       [[101, 101, 101],
        [101, 101, 101],
        [ 99,  99,  99],
        ...,
        [119, 119, 119],
        [118, 118, 118],
        [117, 117, 117]],

       [[101, 101, 101],
        [ 99,  99,  99],
        [101, 101, 101],
        ...,
        [118, 118, 118],
        [117, 117, 117],
        [116, 116, 116]],

       ...,

       [[112, 112, 112],
        [113, 113, 113],
        [115, 115, 115],
        ...,
        [112, 112, 112],
        [112, 112, 112],
        [111, 111, 111]],

       [[109, 109, 109],
        [113, 113, 113],
        [114, 114, 114],
        ...,
        [113, 113, 113],
        [113, 113, 113],
        [115, 115, 115]],

       [[108, 108, 108],
        [111, 111, 111],
        [113, 113, 113],
        ...,
        [116, 116, 116],
        [115, 115, 115],
        [115, 115, 115]]], dtype=uint8)}
2025-08-04 16:01:22,813 [INFO] Nhận pallet_infos: [('', 0.9), ('', 0.5), ('', 1.0), ('', 1.0), ('', 1.0), ('None', 0.9)]
2025-08-04 16:01:22,813 [INFO] Bắt đầu phân tích ảnh...
2025-08-04 16:01:23,575 [DEBUG] Kết quả detectLabel: label_image is None? False, rect_label: ((1127, 644), (2651, 1797)), confidence_detect: 0.9670558571815491
2025-08-04 16:01:23,718 [DEBUG] Kết quả classifiLabel: id=26, class_name=Label34, confidence_classify=0.9999327659606934
2025-08-04 16:01:23,719 [DEBUG] Xử lý nhãn đặc biệt: id=26, class_name=Label34
2025-08-04 16:01:23,988 [DEBUG] ['tesseract', 'C:\\Users\\quang\\AppData\\Local\\Temp\\tess_zmv7dn0d_input.PNG', 'C:\\Users\\quang\\AppData\\Local\\Temp\\tess_zmv7dn0d', '--oem', '3', '--psm', '7', '-l', 'eng', 'txt']
2025-08-04 16:01:24,193 [DEBUG] Kết quả nhãn đặc biệt: class_name=Label77, confidence_ocr=0.9090909090909091
2025-08-04 16:01:24,194 [DEBUG] Kết quả _handle_special_labels: class_name=Label77, confidence_ocr=0.9090909090909091
2025-08-04 16:01:24,195 [INFO] Đã gán pallet_detected: A
2025-08-04 16:01:24,198 [INFO] Kết quả trả về UI: {'label_detected': 'Label77', 'pallet_detected': 'A', 'confidence': 0.9090909090909091, 'confidence_detect': 0.9670558571815491, 'confidence_classify': 0.9999327659606934, 'confidence_ocr': 0.9090909090909091, 'origin_image': array([[[87, 87, 87],
        [86, 86, 86],
        [86, 86, 86],
        ...,
        [81, 81, 81],
        [82, 82, 82],
        [81, 81, 81]],

       [[87, 87, 87],
        [91, 91, 91],
        [90, 90, 90],
        ...,
        [80, 80, 80],
        [81, 81, 81],
        [80, 80, 80]],

       [[89, 89, 89],
        [91, 91, 91],
        [90, 90, 90],
        ...,
        [77, 77, 77],
        [78, 78, 78],
        [76, 76, 76]],

       ...,

       [[86, 86, 86],
        [88, 88, 88],
        [88, 88, 88],
        ...,
        [85, 85, 85],
        [85, 85, 85],
        [83, 83, 83]],

       [[85, 85, 85],
        [88, 88, 88],
        [87, 87, 87],
        ...,
        [85, 85, 85],
        [83, 83, 83],
        [83, 83, 83]],

       [[87, 87, 87],
        [87, 87, 87],
        [86, 86, 86],
        ...,
        [78, 78, 78],
        [79, 79, 79],
        [77, 77, 77]]], dtype=uint8), 'label_image': array([[[119, 119, 119],
        [118, 118, 118],
        [118, 118, 118],
        ...,
        [132, 132, 132],
        [128, 128, 128],
        [121, 121, 121]],

       [[121, 121, 121],
        [121, 121, 121],
        [121, 121, 121],
        ...,
        [141, 141, 141],
        [134, 134, 134],
        [122, 122, 122]],

       [[119, 119, 119],
        [120, 120, 120],
        [122, 122, 122],
        ...,
        [149, 149, 149],
        [139, 139, 139],
        [124, 124, 124]],

       ...,

       [[110, 110, 110],
        [107, 107, 107],
        [107, 107, 107],
        ...,
        [104, 104, 104],
        [106, 106, 106],
        [107, 107, 107]],

       [[110, 110, 110],
        [109, 109, 109],
        [109, 109, 109],
        ...,
        [108, 108, 108],
        [108, 108, 108],
        [109, 109, 109]],

       [[110, 110, 110],
        [110, 110, 110],
        [112, 112, 112],
        ...,
        [108, 108, 108],
        [108, 108, 108],
        [110, 110, 110]]], dtype=uint8)}
2025-08-04 16:01:30,128 [INFO] Nhận pallet_infos: [('Label77', 0.9), ('', 0.5), ('', 1.0), ('', 1.0), ('', 1.0), ('None', 0.9)]
2025-08-04 16:01:30,128 [INFO] Bắt đầu phân tích ảnh...
2025-08-04 16:01:30,922 [DEBUG] Kết quả detectLabel: label_image is None? False, rect_label: ((1128, 645), (2649, 1800)), confidence_detect: 0.9663307666778564
2025-08-04 16:01:31,065 [DEBUG] Kết quả classifiLabel: id=26, class_name=Label34, confidence_classify=0.9999221563339233
2025-08-04 16:01:31,065 [DEBUG] Xử lý nhãn đặc biệt: id=26, class_name=Label34
2025-08-04 16:01:31,209 [DEBUG] ['tesseract', 'C:\\Users\\quang\\AppData\\Local\\Temp\\tess_tfxirqg6_input.PNG', 'C:\\Users\\quang\\AppData\\Local\\Temp\\tess_tfxirqg6', '--oem', '3', '--psm', '7', '-l', 'eng', 'txt']
2025-08-04 16:01:31,412 [DEBUG] Kết quả nhãn đặc biệt: class_name=Label77, confidence_ocr=0.7272727272727273
2025-08-04 16:01:31,413 [DEBUG] Kết quả _handle_special_labels: class_name=Label77, confidence_ocr=0.7272727272727273
2025-08-04 16:01:31,415 [DEBUG] So sánh label_detected=Label77 với name=Label77, confidence=0.7272727272727273 >= thresh=0.9
2025-08-04 16:01:31,415 [DEBUG] So sánh label_detected=Label77 với name=, confidence=0.7272727272727273 >= thresh=0.5
2025-08-04 16:01:31,416 [DEBUG] So sánh label_detected=Label77 với name=, confidence=0.7272727272727273 >= thresh=1.0
2025-08-04 16:01:31,416 [DEBUG] So sánh label_detected=Label77 với name=, confidence=0.7272727272727273 >= thresh=1.0
2025-08-04 16:01:31,416 [DEBUG] So sánh label_detected=Label77 với name=, confidence=0.7272727272727273 >= thresh=1.0
2025-08-04 16:01:31,418 [INFO] Kết quả trả về UI: {'label_detected': None, 'pallet_detected': 'F', 'confidence': 0, 'confidence_detect': 0, 'confidence_classify': 0, 'confidence_ocr': 0, 'origin_image': array([[[86, 86, 86],
        [84, 84, 84],
        [84, 84, 84],
        ...,
        [83, 83, 83],
        [81, 81, 81],
        [85, 85, 85]],

       [[88, 88, 88],
        [91, 91, 91],
        [91, 91, 91],
        ...,
        [84, 84, 84],
        [83, 83, 83],
        [77, 77, 77]],

       [[89, 89, 89],
        [89, 89, 89],
        [88, 88, 88],
        ...,
        [85, 85, 85],
        [85, 85, 85],
        [75, 75, 75]],

       ...,

       [[85, 85, 85],
        [79, 79, 79],
        [81, 81, 81],
        ...,
        [83, 83, 83],
        [80, 80, 80],
        [79, 79, 79]],

       [[85, 85, 85],
        [79, 79, 79],
        [79, 79, 79],
        ...,
        [83, 83, 83],
        [80, 80, 80],
        [79, 79, 79]],

       [[84, 84, 84],
        [83, 83, 83],
        [81, 81, 81],
        ...,
        [76, 76, 76],
        [77, 77, 77],
        [82, 82, 82]]], dtype=uint8), 'label_image': array([[[121, 121, 121],
        [123, 123, 123],
        [120, 120, 120],
        ...,
        [117, 117, 117],
        [115, 115, 115],
        [114, 114, 114]],

       [[122, 122, 122],
        [121, 121, 121],
        [121, 121, 121],
        ...,
        [122, 122, 122],
        [117, 117, 117],
        [114, 114, 114]],

       [[122, 122, 122],
        [122, 122, 122],
        [122, 122, 122],
        ...,
        [132, 132, 132],
        [120, 120, 120],
        [115, 115, 115]],

       ...,

       [[107, 107, 107],
        [108, 108, 108],
        [110, 110, 110],
        ...,
        [103, 103, 103],
        [105, 105, 105],
        [105, 105, 105]],

       [[108, 108, 108],
        [109, 109, 109],
        [110, 110, 110],
        ...,
        [106, 106, 106],
        [108, 108, 108],
        [109, 109, 109]],

       [[111, 111, 111],
        [111, 111, 111],
        [110, 110, 110],
        ...,
        [105, 105, 105],
        [106, 106, 106],
        [107, 107, 107]]], dtype=uint8)}
2025-08-04 16:02:04,334 [INFO] Đã mở camera.
2025-08-04 16:02:38,789 [INFO] Nhận pallet_infos: [('Label77', 0.9), ('', 0.5), ('', 1.0), ('', 1.0), ('', 1.0), ('None', 0.9)]
2025-08-04 16:02:38,790 [INFO] Bắt đầu phân tích ảnh...
2025-08-04 16:02:39,676 [DEBUG] Kết quả detectLabel: label_image is None? False, rect_label: ((1130, 644), (2642, 1794)), confidence_detect: 0.9668735265731812
2025-08-04 16:02:39,908 [DEBUG] Kết quả classifiLabel: id=26, class_name=Label34, confidence_classify=0.9999396800994873
2025-08-04 16:02:39,908 [DEBUG] Xử lý nhãn đặc biệt: id=26, class_name=Label34
2025-08-04 16:02:40,181 [DEBUG] ['tesseract', 'C:\\Users\\quang\\AppData\\Local\\Temp\\tess_i3971s5u_input.PNG', 'C:\\Users\\quang\\AppData\\Local\\Temp\\tess_i3971s5u', '--oem', '3', '--psm', '7', '-l', 'eng', 'txt']
2025-08-04 16:02:40,370 [DEBUG] Kết quả nhãn đặc biệt: class_name=Label77, confidence_ocr=0.7272727272727273
2025-08-04 16:02:40,370 [DEBUG] Kết quả _handle_special_labels: class_name=Label77, confidence_ocr=0.7272727272727273
2025-08-04 16:02:40,371 [DEBUG] So sánh label_detected=Label77 với name=Label77, confidence=0.7272727272727273 >= thresh=0.9
2025-08-04 16:02:40,372 [DEBUG] So sánh label_detected=Label77 với name=, confidence=0.7272727272727273 >= thresh=0.5
2025-08-04 16:02:40,372 [DEBUG] So sánh label_detected=Label77 với name=, confidence=0.7272727272727273 >= thresh=1.0
2025-08-04 16:02:40,372 [DEBUG] So sánh label_detected=Label77 với name=, confidence=0.7272727272727273 >= thresh=1.0
2025-08-04 16:02:40,373 [DEBUG] So sánh label_detected=Label77 với name=, confidence=0.7272727272727273 >= thresh=1.0
2025-08-04 16:02:40,374 [INFO] Kết quả trả về UI: {'label_detected': None, 'pallet_detected': 'F', 'confidence': 0, 'confidence_detect': 0, 'confidence_classify': 0, 'confidence_ocr': 0, 'origin_image': array([[[90, 90, 90],
        [87, 87, 87],
        [86, 86, 86],
        ...,
        [81, 81, 81],
        [78, 78, 78],
        [72, 72, 72]],

       [[93, 93, 93],
        [86, 86, 86],
        [86, 86, 86],
        ...,
        [75, 75, 75],
        [72, 72, 72],
        [80, 80, 80]],

       [[92, 92, 92],
        [84, 84, 84],
        [85, 85, 85],
        ...,
        [72, 72, 72],
        [72, 72, 72],
        [79, 79, 79]],

       ...,

       [[84, 84, 84],
        [83, 83, 83],
        [85, 85, 85],
        ...,
        [78, 78, 78],
        [78, 78, 78],
        [84, 84, 84]],

       [[84, 84, 84],
        [81, 81, 81],
        [82, 82, 82],
        ...,
        [79, 79, 79],
        [78, 78, 78],
        [82, 82, 82]],

       [[85, 85, 85],
        [82, 82, 82],
        [80, 80, 80],
        ...,
        [81, 81, 81],
        [79, 79, 79],
        [78, 78, 78]]], dtype=uint8), 'label_image': array([[[123, 123, 123],
        [125, 125, 125],
        [126, 126, 126],
        ...,
        [113, 113, 113],
        [112, 112, 112],
        [112, 112, 112]],

       [[122, 122, 122],
        [124, 124, 124],
        [129, 129, 129],
        ...,
        [115, 115, 115],
        [113, 113, 113],
        [111, 111, 111]],

       [[122, 122, 122],
        [123, 123, 123],
        [129, 129, 129],
        ...,
        [129, 129, 129],
        [122, 122, 122],
        [115, 115, 115]],

       ...,

       [[112, 112, 112],
        [112, 112, 112],
        [114, 114, 114],
        ...,
        [107, 107, 107],
        [105, 105, 105],
        [103, 103, 103]],

       [[112, 112, 112],
        [114, 114, 114],
        [116, 116, 116],
        ...,
        [108, 108, 108],
        [108, 108, 108],
        [107, 107, 107]],

       [[115, 115, 115],
        [114, 114, 114],
        [117, 117, 117],
        ...,
        [110, 110, 110],
        [111, 111, 111],
        [110, 110, 110]]], dtype=uint8)}
2025-08-04 16:04:22,383 [INFO] Nhận pallet_infos: [('Label77', 0.9), ('', 0.5), ('', 1.0), ('', 1.0), ('', 1.0), ('None', 0.9)]
2025-08-04 16:04:22,383 [INFO] Bắt đầu phân tích ảnh...
2025-08-04 16:04:23,107 [DEBUG] Kết quả detectLabel: label_image is None? False, rect_label: ((1246, 639), (2648, 1581)), confidence_detect: 0.9640547633171082
2025-08-04 16:04:23,246 [DEBUG] Kết quả classifiLabel: id=6, class_name=Label16, confidence_classify=0.49665945768356323
2025-08-04 16:04:23,248 [INFO] Kết quả trả về UI: {'label_detected': None, 'pallet_detected': 'F', 'confidence': 0, 'confidence_detect': 0, 'confidence_classify': 0, 'confidence_ocr': 0, 'origin_image': array([[[88, 88, 88],
        [88, 88, 88],
        [89, 89, 89],
        ...,
        [79, 79, 79],
        [80, 80, 80],
        [79, 79, 79]],

       [[91, 91, 91],
        [90, 90, 90],
        [91, 91, 91],
        ...,
        [80, 80, 80],
        [83, 83, 83],
        [83, 83, 83]],

       [[91, 91, 91],
        [89, 89, 89],
        [90, 90, 90],
        ...,
        [79, 79, 79],
        [81, 81, 81],
        [79, 79, 79]],

       ...,

       [[90, 90, 90],
        [82, 82, 82],
        [83, 83, 83],
        ...,
        [77, 77, 77],
        [78, 78, 78],
        [76, 76, 76]],

       [[86, 86, 86],
        [82, 82, 82],
        [83, 83, 83],
        ...,
        [77, 77, 77],
        [77, 77, 77],
        [74, 74, 74]],

       [[84, 84, 84],
        [84, 84, 84],
        [84, 84, 84],
        ...,
        [79, 79, 79],
        [77, 77, 77],
        [82, 82, 82]]], dtype=uint8), 'label_image': array([[[105, 105, 105],
        [106, 106, 106],
        [108, 108, 108],
        ...,
        [103, 103, 103],
        [106, 106, 106],
        [107, 107, 107]],

       [[105, 105, 105],
        [107, 107, 107],
        [109, 109, 109],
        ...,
        [102, 102, 102],
        [105, 105, 105],
        [106, 106, 106]],

       [[105, 105, 105],
        [107, 107, 107],
        [110, 110, 110],
        ...,
        [104, 104, 104],
        [104, 104, 104],
        [104, 104, 104]],

       ...,

       [[121, 121, 121],
        [124, 124, 124],
        [125, 125, 125],
        ...,
        [114, 114, 114],
        [116, 116, 116],
        [121, 121, 121]],

       [[120, 120, 120],
        [123, 123, 123],
        [125, 125, 125],
        ...,
        [115, 115, 115],
        [116, 116, 116],
        [121, 121, 121]],

       [[122, 122, 122],
        [122, 122, 122],
        [122, 122, 122],
        ...,
        [115, 115, 115],
        [115, 115, 115],
        [119, 119, 119]]], dtype=uint8)}
2025-08-04 16:06:27,437 [INFO] Nhận pallet_infos: [('Label77', 0.9), ('', 0.5), ('', 1.0), ('', 1.0), ('', 1.0), ('None', 0.9)]
2025-08-04 16:06:27,437 [INFO] Bắt đầu phân tích ảnh...
2025-08-04 16:06:28,247 [DEBUG] Kết quả detectLabel: label_image is None? False, rect_label: ((1170, 451), (2633, 1542)), confidence_detect: 0.9676207304000854
2025-08-04 16:06:28,373 [DEBUG] Kết quả classifiLabel: id=26, class_name=Label34, confidence_classify=0.999927282333374
2025-08-04 16:06:28,373 [DEBUG] Xử lý nhãn đặc biệt: id=26, class_name=Label34
2025-08-04 16:06:28,517 [DEBUG] ['tesseract', 'C:\\Users\\quang\\AppData\\Local\\Temp\\tess_v6b92mcw_input.PNG', 'C:\\Users\\quang\\AppData\\Local\\Temp\\tess_v6b92mcw', '--oem', '3', '--psm', '7', '-l', 'eng', 'txt']
2025-08-04 16:06:28,732 [DEBUG] Kết quả nhãn đặc biệt: class_name=Label77, confidence_ocr=0.7272727272727273
2025-08-04 16:06:28,733 [DEBUG] Kết quả _handle_special_labels: class_name=Label77, confidence_ocr=0.7272727272727273
2025-08-04 16:06:28,734 [DEBUG] So sánh label_detected=Label77 với name=Label77, confidence=0.7272727272727273 >= thresh=0.9
2025-08-04 16:06:28,734 [DEBUG] So sánh label_detected=Label77 với name=, confidence=0.7272727272727273 >= thresh=0.5
2025-08-04 16:06:28,734 [DEBUG] So sánh label_detected=Label77 với name=, confidence=0.7272727272727273 >= thresh=1.0
2025-08-04 16:06:28,735 [DEBUG] So sánh label_detected=Label77 với name=, confidence=0.7272727272727273 >= thresh=1.0
2025-08-04 16:06:28,735 [DEBUG] So sánh label_detected=Label77 với name=, confidence=0.7272727272727273 >= thresh=1.0
2025-08-04 16:06:28,736 [INFO] Kết quả trả về UI: {'label_detected': None, 'pallet_detected': 'F', 'confidence': 0, 'confidence_detect': 0, 'confidence_classify': 0, 'confidence_ocr': 0, 'origin_image': array([[[72, 72, 72],
        [88, 88, 88],
        [89, 89, 89],
        ...,
        [78, 78, 78],
        [79, 79, 79],
        [82, 82, 82]],

       [[90, 90, 90],
        [90, 90, 90],
        [91, 91, 91],
        ...,
        [77, 77, 77],
        [75, 75, 75],
        [80, 80, 80]],

       [[89, 89, 89],
        [89, 89, 89],
        [90, 90, 90],
        ...,
        [75, 75, 75],
        [74, 74, 74],
        [79, 79, 79]],

       ...,

       [[86, 86, 86],
        [81, 81, 81],
        [80, 80, 80],
        ...,
        [73, 73, 73],
        [72, 72, 72],
        [77, 77, 77]],

       [[85, 85, 85],
        [81, 81, 81],
        [81, 81, 81],
        ...,
        [72, 72, 72],
        [73, 73, 73],
        [78, 78, 78]],

       [[84, 84, 84],
        [84, 84, 84],
        [84, 84, 84],
        ...,
        [81, 81, 81],
        [85, 85, 85],
        [85, 85, 85]]], dtype=uint8), 'label_image': array([[[0, 0, 0],
        [0, 0, 0],
        [0, 0, 0],
        ...,
        [0, 0, 0],
        [0, 0, 0],
        [0, 0, 0]],

       [[0, 0, 0],
        [0, 0, 0],
        [0, 0, 0],
        ...,
        [0, 0, 0],
        [0, 0, 0],
        [0, 0, 0]],

       [[0, 0, 0],
        [0, 0, 0],
        [0, 0, 0],
        ...,
        [0, 0, 0],
        [0, 0, 0],
        [0, 0, 0]],

       ...,

       [[0, 0, 0],
        [0, 0, 0],
        [0, 0, 0],
        ...,
        [0, 0, 0],
        [0, 0, 0],
        [0, 0, 0]],

       [[0, 0, 0],
        [0, 0, 0],
        [0, 0, 0],
        ...,
        [0, 0, 0],
        [0, 0, 0],
        [0, 0, 0]],

       [[0, 0, 0],
        [0, 0, 0],
        [0, 0, 0],
        ...,
        [0, 0, 0],
        [0, 0, 0],
        [0, 0, 0]]], dtype=uint8)}
2025-08-04 16:07:19,640 [INFO] Đã mở camera.
2025-08-04 16:07:32,969 [INFO] Đã mở camera.
2025-08-04 16:07:33,998 [INFO] Nhận pallet_infos: [('Label77', 0.9), ('', 0.5), ('', 1.0), ('', 1.0), ('', 1.0), ('None', 0.9)]
2025-08-04 16:07:33,999 [INFO] Bắt đầu phân tích ảnh...
2025-08-04 16:07:34,978 [DEBUG] Kết quả detectLabel: label_image is None? False, rect_label: ((1169, 451), (2634, 1542)), confidence_detect: 0.9673222899436951
2025-08-04 16:07:35,208 [DEBUG] Kết quả classifiLabel: id=26, class_name=Label34, confidence_classify=0.99993896484375
2025-08-04 16:07:35,209 [DEBUG] Xử lý nhãn đặc biệt: id=26, class_name=Label34
2025-08-04 16:07:35,431 [DEBUG] ['tesseract', 'C:\\Users\\quang\\AppData\\Local\\Temp\\tess_yt5cd99k_input.PNG', 'C:\\Users\\quang\\AppData\\Local\\Temp\\tess_yt5cd99k', '--oem', '3', '--psm', '7', '-l', 'eng', 'txt']
2025-08-04 16:07:35,625 [DEBUG] Kết quả nhãn đặc biệt: class_name=Label77, confidence_ocr=0.7272727272727273
2025-08-04 16:07:35,625 [DEBUG] Kết quả _handle_special_labels: class_name=Label77, confidence_ocr=0.7272727272727273
2025-08-04 16:07:35,626 [DEBUG] So sánh label_detected=Label77 với name=Label77, confidence=0.7272727272727273 >= thresh=0.9
2025-08-04 16:07:35,627 [DEBUG] So sánh label_detected=Label77 với name=, confidence=0.7272727272727273 >= thresh=0.5
2025-08-04 16:07:35,627 [DEBUG] So sánh label_detected=Label77 với name=, confidence=0.7272727272727273 >= thresh=1.0
2025-08-04 16:07:35,627 [DEBUG] So sánh label_detected=Label77 với name=, confidence=0.7272727272727273 >= thresh=1.0
2025-08-04 16:07:35,627 [DEBUG] So sánh label_detected=Label77 với name=, confidence=0.7272727272727273 >= thresh=1.0
2025-08-04 16:07:35,629 [INFO] Kết quả trả về UI: {'label_detected': None, 'pallet_detected': 'F', 'confidence': 0.7272727272727273, 'confidence_detect': 0.9673222899436951, 'confidence_classify': 0.99993896484375, 'confidence_ocr': 0.7272727272727273, 'origin_image': array([[[87, 87, 87],
        [88, 88, 88],
        [88, 88, 88],
        ...,
        [79, 79, 79],
        [79, 79, 79],
        [85, 85, 85]],

       [[96, 96, 96],
        [88, 88, 88],
        [88, 88, 88],
        ...,
        [79, 79, 79],
        [79, 79, 79],
        [85, 85, 85]],

       [[98, 98, 98],
        [87, 87, 87],
        [86, 86, 86],
        ...,
        [79, 79, 79],
        [77, 77, 77],
        [83, 83, 83]],

       ...,

       [[74, 74, 74],
        [77, 77, 77],
        [79, 79, 79],
        ...,
        [79, 79, 79],
        [77, 77, 77],
        [77, 77, 77]],

       [[72, 72, 72],
        [76, 76, 76],
        [78, 78, 78],
        ...,
        [78, 78, 78],
        [76, 76, 76],
        [81, 81, 81]],

       [[84, 84, 84],
        [83, 83, 83],
        [84, 84, 84],
        ...,
        [73, 73, 73],
        [73, 73, 73],
        [82, 82, 82]]], dtype=uint8), 'label_image': array([[[0, 0, 0],
        [0, 0, 0],
        [0, 0, 0],
        ...,
        [0, 0, 0],
        [0, 0, 0],
        [0, 0, 0]],

       [[0, 0, 0],
        [0, 0, 0],
        [0, 0, 0],
        ...,
        [0, 0, 0],
        [0, 0, 0],
        [0, 0, 0]],

       [[0, 0, 0],
        [0, 0, 0],
        [0, 0, 0],
        ...,
        [0, 0, 0],
        [0, 0, 0],
        [0, 0, 0]],

       ...,

       [[0, 0, 0],
        [0, 0, 0],
        [0, 0, 0],
        ...,
        [0, 0, 0],
        [0, 0, 0],
        [0, 0, 0]],

       [[0, 0, 0],
        [0, 0, 0],
        [0, 0, 0],
        ...,
        [0, 0, 0],
        [0, 0, 0],
        [0, 0, 0]],

       [[0, 0, 0],
        [0, 0, 0],
        [0, 0, 0],
        ...,
        [0, 0, 0],
        [0, 0, 0],
        [0, 0, 0]]], dtype=uint8)}
2025-08-04 16:09:09,969 [INFO] Đã mở camera.
2025-08-04 16:09:14,271 [INFO] Nhận pallet_infos: [('Label77', 0.9), ('', 0.5), ('', 1.0), ('', 1.0), ('', 1.0), ('None', 0.9)]
2025-08-04 16:09:14,271 [INFO] Bắt đầu phân tích ảnh...
2025-08-04 16:09:15,398 [DEBUG] Kết quả detectLabel: label_image is None? False, rect_label: ((1169, 451), (2633, 1541)), confidence_detect: 0.9672443866729736
2025-08-04 16:09:15,674 [DEBUG] Kết quả classifiLabel: id=26, class_name=Label34, confidence_classify=0.9998273849487305
2025-08-04 16:09:15,674 [DEBUG] Xử lý nhãn đặc biệt: id=26, class_name=Label34
2025-08-04 16:09:15,989 [DEBUG] ['tesseract', 'C:\\Users\\quang\\AppData\\Local\\Temp\\tess_yn88r9zk_input.PNG', 'C:\\Users\\quang\\AppData\\Local\\Temp\\tess_yn88r9zk', '--oem', '3', '--psm', '7', '-l', 'eng', 'txt']
2025-08-04 16:09:16,216 [DEBUG] Kết quả nhãn đặc biệt: class_name=Label77, confidence_ocr=0.7272727272727273
2025-08-04 16:09:16,217 [DEBUG] Kết quả _handle_special_labels: class_name=Label77, confidence_ocr=0.7272727272727273
2025-08-04 16:09:16,218 [DEBUG] So sánh label_detected=Label77 với name=Label77, confidence=0.7272727272727273 >= thresh=0.9
2025-08-04 16:09:16,218 [DEBUG] So sánh label_detected=Label77 với name=, confidence=0.7272727272727273 >= thresh=0.5
2025-08-04 16:09:16,218 [DEBUG] So sánh label_detected=Label77 với name=, confidence=0.7272727272727273 >= thresh=1.0
2025-08-04 16:09:16,219 [DEBUG] So sánh label_detected=Label77 với name=, confidence=0.7272727272727273 >= thresh=1.0
2025-08-04 16:09:16,219 [DEBUG] So sánh label_detected=Label77 với name=, confidence=0.7272727272727273 >= thresh=1.0
2025-08-04 16:09:16,221 [INFO] Kết quả trả về UI: {'label_detected': None, 'pallet_detected': 'F', 'confidence': 0.7272727272727273, 'confidence_detect': 0.9672443866729736, 'confidence_classify': 0.9998273849487305, 'confidence_ocr': 0.7272727272727273, 'origin_image': array([[[86, 86, 86],
        [87, 87, 87],
        [88, 88, 88],
        ...,
        [76, 76, 76],
        [78, 78, 78],
        [88, 88, 88]],

       [[89, 89, 89],
        [90, 90, 90],
        [91, 91, 91],
        ...,
        [82, 82, 82],
        [82, 82, 82],
        [81, 81, 81]],

       [[90, 90, 90],
        [90, 90, 90],
        [90, 90, 90],
        ...,
        [85, 85, 85],
        [84, 84, 84],
        [81, 81, 81]],

       ...,

       [[75, 75, 75],
        [80, 80, 80],
        [79, 79, 79],
        ...,
        [78, 78, 78],
        [78, 78, 78],
        [83, 83, 83]],

       [[75, 75, 75],
        [80, 80, 80],
        [80, 80, 80],
        ...,
        [77, 77, 77],
        [77, 77, 77],
        [80, 80, 80]],

       [[82, 82, 82],
        [85, 85, 85],
        [86, 86, 86],
        ...,
        [77, 77, 77],
        [76, 76, 76],
        [80, 80, 80]]], dtype=uint8), 'label_image': array([[[0, 0, 0],
        [0, 0, 0],
        [0, 0, 0],
        ...,
        [0, 0, 0],
        [0, 0, 0],
        [0, 0, 0]],

       [[0, 0, 0],
        [0, 0, 0],
        [0, 0, 0],
        ...,
        [0, 0, 0],
        [0, 0, 0],
        [0, 0, 0]],

       [[0, 0, 0],
        [0, 0, 0],
        [0, 0, 0],
        ...,
        [0, 0, 0],
        [0, 0, 0],
        [0, 0, 0]],

       ...,

       [[0, 0, 0],
        [0, 0, 0],
        [0, 0, 0],
        ...,
        [0, 0, 0],
        [0, 0, 0],
        [0, 0, 0]],

       [[0, 0, 0],
        [0, 0, 0],
        [0, 0, 0],
        ...,
        [0, 0, 0],
        [0, 0, 0],
        [0, 0, 0]],

       [[0, 0, 0],
        [0, 0, 0],
        [0, 0, 0],
        ...,
        [0, 0, 0],
        [0, 0, 0],
        [0, 0, 0]]], dtype=uint8)}
2025-08-04 16:12:04,502 [INFO] Đã mở camera.
2025-08-04 16:12:17,149 [INFO] Đã mở camera.
2025-08-04 16:12:34,269 [INFO] Nhận pallet_infos: [('Label77', 0.9), ('', 0.5), ('', 1.0), ('', 1.0), ('', 1.0), ('None', 0.9)]
2025-08-04 16:12:34,270 [INFO] Bắt đầu phân tích ảnh...
2025-08-04 16:12:35,246 [DEBUG] Kết quả detectLabel: label_image is None? False, rect_label: ((1169, 451), (2634, 1541)), confidence_detect: 0.9675408005714417
2025-08-04 16:12:35,542 [DEBUG] Kết quả classifiLabel: id=26, class_name=Label34, confidence_classify=0.9997625946998596
2025-08-04 16:12:35,542 [DEBUG] Xử lý nhãn đặc biệt: id=26, class_name=Label34
2025-08-04 16:12:35,802 [DEBUG] ['tesseract', 'C:\\Users\\quang\\AppData\\Local\\Temp\\tess_mpp_le7i_input.PNG', 'C:\\Users\\quang\\AppData\\Local\\Temp\\tess_mpp_le7i', '--oem', '3', '--psm', '7', '-l', 'eng', 'txt']
2025-08-04 16:12:36,014 [DEBUG] Kết quả nhãn đặc biệt: class_name=Label77, confidence_ocr=0.7272727272727273
2025-08-04 16:12:36,015 [DEBUG] Kết quả _handle_special_labels: class_name=Label77, confidence_ocr=0.7272727272727273
2025-08-04 16:12:36,016 [DEBUG] So sánh label_detected=Label77 với name=Label77, confidence=0.7272727272727273 >= thresh=0.9
2025-08-04 16:12:36,017 [DEBUG] So sánh label_detected=Label77 với name=, confidence=0.7272727272727273 >= thresh=0.5
2025-08-04 16:12:36,017 [DEBUG] So sánh label_detected=Label77 với name=, confidence=0.7272727272727273 >= thresh=1.0
2025-08-04 16:12:36,018 [DEBUG] So sánh label_detected=Label77 với name=, confidence=0.7272727272727273 >= thresh=1.0
2025-08-04 16:12:36,018 [DEBUG] So sánh label_detected=Label77 với name=, confidence=0.7272727272727273 >= thresh=1.0
2025-08-04 16:12:36,019 [INFO] Kết quả trả về UI: {'label_detected': 'Label77', 'pallet_detected': 'F', 'confidence': 0.7272727272727273, 'confidence_detect': 0.9675408005714417, 'confidence_classify': 0.9997625946998596, 'confidence_ocr': 0.7272727272727273, 'origin_image': array([[[87, 87, 87],
        [88, 88, 88],
        [89, 89, 89],
        ...,
        [84, 84, 84],
        [84, 84, 84],
        [87, 87, 87]],

       [[90, 90, 90],
        [92, 92, 92],
        [90, 90, 90],
        ...,
        [82, 82, 82],
        [83, 83, 83],
        [87, 87, 87]],

       [[90, 90, 90],
        [88, 88, 88],
        [85, 85, 85],
        ...,
        [80, 80, 80],
        [81, 81, 81],
        [86, 86, 86]],

       ...,

       [[84, 84, 84],
        [84, 84, 84],
        [84, 84, 84],
        ...,
        [76, 76, 76],
        [78, 78, 78],
        [77, 77, 77]],

       [[84, 84, 84],
        [82, 82, 82],
        [82, 82, 82],
        ...,
        [79, 79, 79],
        [81, 81, 81],
        [78, 78, 78]],

       [[84, 84, 84],
        [79, 79, 79],
        [79, 79, 79],
        ...,
        [79, 79, 79],
        [77, 77, 77],
        [78, 78, 78]]], dtype=uint8), 'label_image': array([[[ 0,  0,  0],
        [ 0,  0,  0],
        [ 0,  0,  0],
        ...,
        [36, 36, 36],
        [ 0,  0,  0],
        [ 0,  0,  0]],

       [[ 0,  0,  0],
        [ 0,  0,  0],
        [ 0,  0,  0],
        ...,
        [36, 36, 36],
        [ 0,  0,  0],
        [ 0,  0,  0]],

       [[ 0,  0,  0],
        [ 0,  0,  0],
        [ 0,  0,  0],
        ...,
        [40, 40, 40],
        [ 0,  0,  0],
        [ 0,  0,  0]],

       ...,

       [[ 0,  0,  0],
        [ 0,  0,  0],
        [ 0,  0,  0],
        ...,
        [ 0,  0,  0],
        [ 0,  0,  0],
        [ 0,  0,  0]],

       [[ 0,  0,  0],
        [ 0,  0,  0],
        [ 0,  0,  0],
        ...,
        [ 0,  0,  0],
        [ 0,  0,  0],
        [ 0,  0,  0]],

       [[ 0,  0,  0],
        [ 0,  0,  0],
        [ 0,  0,  0],
        ...,
        [ 0,  0,  0],
        [ 0,  0,  0],
        [ 0,  0,  0]]], dtype=uint8)}
2025-08-04 16:12:57,103 [INFO] Nhận pallet_infos: [('Label77', 0.9), ('', 0.5), ('', 1.0), ('', 1.0), ('', 1.0), ('Label77', 0.9)]
2025-08-04 16:12:57,104 [INFO] Bắt đầu phân tích ảnh...
2025-08-04 16:12:57,867 [DEBUG] Kết quả detectLabel: label_image is None? False, rect_label: ((1009, 575), (2463, 1659)), confidence_detect: 0.9696314930915833
2025-08-04 16:12:57,999 [DEBUG] Kết quả classifiLabel: id=39, class_name=Label46, confidence_classify=0.999915361404419
2025-08-04 16:12:58,002 [INFO] Đã gán pallet_detected: B
2025-08-04 16:12:58,004 [INFO] Kết quả trả về UI: {'label_detected': 'Label46', 'pallet_detected': 'B', 'confidence': 0.999915361404419, 'confidence_detect': 0.9696314930915833, 'confidence_classify': 0.999915361404419, 'confidence_ocr': 0, 'origin_image': array([[[83, 83, 83],
        [89, 89, 89],
        [89, 89, 89],
        ...,
        [77, 77, 77],
        [78, 78, 78],
        [81, 81, 81]],

       [[93, 93, 93],
        [88, 88, 88],
        [87, 87, 87],
        ...,
        [79, 79, 79],
        [79, 79, 79],
        [83, 83, 83]],

       [[91, 91, 91],
        [88, 88, 88],
        [89, 89, 89],
        ...,
        [80, 80, 80],
        [80, 80, 80],
        [83, 83, 83]],

       ...,

       [[80, 80, 80],
        [84, 84, 84],
        [87, 87, 87],
        ...,
        [70, 70, 70],
        [71, 71, 71],
        [83, 83, 83]],

       [[77, 77, 77],
        [84, 84, 84],
        [87, 87, 87],
        ...,
        [69, 69, 69],
        [70, 70, 70],
        [82, 82, 82]],

       [[80, 80, 80],
        [86, 86, 86],
        [86, 86, 86],
        ...,
        [81, 81, 81],
        [80, 80, 80],
        [79, 79, 79]]], dtype=uint8), 'label_image': array([[[109, 109, 109],
        [118, 118, 118],
        [118, 118, 118],
        ...,
        [112, 112, 112],
        [117, 117, 117],
        [117, 117, 117]],

       [[111, 111, 111],
        [117, 117, 117],
        [117, 117, 117],
        ...,
        [115, 115, 115],
        [117, 117, 117],
        [117, 117, 117]],

       [[120, 120, 120],
        [114, 114, 114],
        [113, 113, 113],
        ...,
        [118, 118, 118],
        [118, 118, 118],
        [118, 118, 118]],

       ...,

       [[113, 113, 113],
        [116, 116, 116],
        [116, 116, 116],
        ...,
        [119, 119, 119],
        [108, 108, 108],
        [109, 109, 109]],

       [[113, 113, 113],
        [119, 119, 119],
        [119, 119, 119],
        ...,
        [117, 117, 117],
        [107, 107, 107],
        [108, 108, 108]],

       [[119, 119, 119],
        [121, 121, 121],
        [122, 122, 122],
        ...,
        [117, 117, 117],
        [110, 110, 110],
        [111, 111, 111]]], dtype=uint8)}
2025-08-04 16:13:09,133 [INFO] Nhận pallet_infos: [('Label77', 0.9), ('Label46', 0.5), ('', 1.0), ('', 1.0), ('', 1.0), ('Label77', 0.9)]
2025-08-04 16:13:09,133 [INFO] Bắt đầu phân tích ảnh...
2025-08-04 16:13:09,931 [DEBUG] Kết quả detectLabel: label_image is None? False, rect_label: ((1042, 491), (2548, 1630)), confidence_detect: 0.9671931266784668
2025-08-04 16:13:10,060 [DEBUG] Kết quả classifiLabel: id=26, class_name=Label34, confidence_classify=0.9997125267982483
2025-08-04 16:13:10,061 [DEBUG] Xử lý nhãn đặc biệt: id=26, class_name=Label34
2025-08-04 16:13:10,221 [DEBUG] ['tesseract', 'C:\\Users\\quang\\AppData\\Local\\Temp\\tess_yxa8v4g5_input.PNG', 'C:\\Users\\quang\\AppData\\Local\\Temp\\tess_yxa8v4g5', '--oem', '3', '--psm', '7', '-l', 'eng', 'txt']
2025-08-04 16:13:10,400 [DEBUG] Kết quả nhãn đặc biệt: class_name=Label77, confidence_ocr=0.9090909090909091
2025-08-04 16:13:10,400 [DEBUG] Kết quả _handle_special_labels: class_name=Label77, confidence_ocr=0.9090909090909091
2025-08-04 16:13:10,401 [DEBUG] So sánh label_detected=Label77 với name=Label77, confidence=0.9090909090909091 >= thresh=0.9
2025-08-04 16:13:10,401 [INFO] Đã gán pallet_detected: A
2025-08-04 16:13:10,402 [INFO] Kết quả trả về UI: {'label_detected': 'Label77', 'pallet_detected': 'A', 'confidence': 0.9090909090909091, 'confidence_detect': 0.9671931266784668, 'confidence_classify': 0.9997125267982483, 'confidence_ocr': 0.9090909090909091, 'origin_image': array([[[88, 88, 88],
        [90, 90, 90],
        [90, 90, 90],
        ...,
        [82, 82, 82],
        [84, 84, 84],
        [80, 80, 80]],

       [[88, 88, 88],
        [85, 85, 85],
        [85, 85, 85],
        ...,
        [82, 82, 82],
        [84, 84, 84],
        [79, 79, 79]],

       [[88, 88, 88],
        [84, 84, 84],
        [84, 84, 84],
        ...,
        [81, 81, 81],
        [81, 81, 81],
        [77, 77, 77]],

       ...,

       [[83, 83, 83],
        [81, 81, 81],
        [81, 81, 81],
        ...,
        [83, 83, 83],
        [82, 82, 82],
        [80, 80, 80]],

       [[83, 83, 83],
        [82, 82, 82],
        [82, 82, 82],
        ...,
        [80, 80, 80],
        [79, 79, 79],
        [79, 79, 79]],

       [[81, 81, 81],
        [80, 80, 80],
        [81, 81, 81],
        ...,
        [77, 77, 77],
        [79, 79, 79],
        [82, 82, 82]]], dtype=uint8), 'label_image': array([[[116, 116, 116],
        [113, 113, 113],
        [113, 113, 113],
        ...,
        [115, 115, 115],
        [119, 119, 119],
        [119, 119, 119]],

       [[112, 112, 112],
        [108, 108, 108],
        [108, 108, 108],
        ...,
        [118, 118, 118],
        [119, 119, 119],
        [122, 122, 122]],

       [[113, 113, 113],
        [109, 109, 109],
        [108, 108, 108],
        ...,
        [120, 120, 120],
        [121, 121, 121],
        [122, 122, 122]],

       ...,

       [[100, 100, 100],
        [120, 120, 120],
        [130, 130, 130],
        ...,
        [123, 123, 123],
        [113, 113, 113],
        [108, 108, 108]],

       [[102, 102, 102],
        [118, 118, 118],
        [128, 128, 128],
        ...,
        [121, 121, 121],
        [112, 112, 112],
        [107, 107, 107]],

       [[103, 103, 103],
        [117, 117, 117],
        [128, 128, 128],
        ...,
        [121, 121, 121],
        [112, 112, 112],
        [106, 106, 106]]], dtype=uint8)}
2025-08-04 16:13:45,848 [INFO] Nhận pallet_infos: [('Label77', 0.9), ('Label46', 0.5), ('', 1.0), ('', 1.0), ('', 1.0), ('Label77', 0.9)]
2025-08-04 16:13:45,848 [INFO] Bắt đầu phân tích ảnh...
2025-08-04 16:13:46,779 [DEBUG] Kết quả detectLabel: label_image is None? False, rect_label: ((1093, 810), (2593, 1942)), confidence_detect: 0.9707704186439514
2025-08-04 16:13:46,932 [DEBUG] Kết quả classifiLabel: id=26, class_name=Label34, confidence_classify=0.9998056292533875
2025-08-04 16:13:46,933 [DEBUG] Xử lý nhãn đặc biệt: id=26, class_name=Label34
2025-08-04 16:13:47,095 [DEBUG] ['tesseract', 'C:\\Users\\quang\\AppData\\Local\\Temp\\tess_1b0j8182_input.PNG', 'C:\\Users\\quang\\AppData\\Local\\Temp\\tess_1b0j8182', '--oem', '3', '--psm', '7', '-l', 'eng', 'txt']
2025-08-04 16:13:47,300 [DEBUG] Kết quả nhãn đặc biệt: class_name=Label76, confidence_ocr=0.8571428571428572
2025-08-04 16:13:47,300 [DEBUG] Kết quả _handle_special_labels: class_name=Label76, confidence_ocr=0.8571428571428572
2025-08-04 16:13:47,302 [INFO] Kết quả trả về UI: {'label_detected': 'Label76', 'pallet_detected': 'F', 'confidence': 0.8571428571428572, 'confidence_detect': 0.9707704186439514, 'confidence_classify': 0.9998056292533875, 'confidence_ocr': 0.8571428571428572, 'origin_image': array([[[92, 92, 92],
        [87, 87, 87],
        [87, 87, 87],
        ...,
        [84, 84, 84],
        [82, 82, 82],
        [78, 78, 78]],

       [[94, 94, 94],
        [89, 89, 89],
        [87, 87, 87],
        ...,
        [83, 83, 83],
        [82, 82, 82],
        [78, 78, 78]],

       [[90, 90, 90],
        [87, 87, 87],
        [89, 89, 89],
        ...,
        [81, 81, 81],
        [81, 81, 81],
        [78, 78, 78]],

       ...,

       [[84, 84, 84],
        [83, 83, 83],
        [81, 81, 81],
        ...,
        [80, 80, 80],
        [78, 78, 78],
        [77, 77, 77]],

       [[82, 82, 82],
        [83, 83, 83],
        [83, 83, 83],
        ...,
        [83, 83, 83],
        [81, 81, 81],
        [79, 79, 79]],

       [[85, 85, 85],
        [87, 87, 87],
        [87, 87, 87],
        ...,
        [78, 78, 78],
        [78, 78, 78],
        [80, 80, 80]]], dtype=uint8), 'label_image': array([[[109, 109, 109],
        [109, 109, 109],
        [121, 121, 121],
        ...,
        [130, 130, 130],
        [127, 127, 127],
        [121, 121, 121]],

       [[112, 112, 112],
        [112, 112, 112],
        [122, 122, 122],
        ...,
        [134, 134, 134],
        [129, 129, 129],
        [122, 122, 122]],

       [[113, 113, 113],
        [114, 114, 114],
        [123, 123, 123],
        ...,
        [141, 141, 141],
        [132, 132, 132],
        [124, 124, 124]],

       ...,

       [[121, 121, 121],
        [114, 114, 114],
        [114, 114, 114],
        ...,
        [111, 111, 111],
        [112, 112, 112],
        [114, 114, 114]],

       [[119, 119, 119],
        [116, 116, 116],
        [115, 115, 115],
        ...,
        [113, 113, 113],
        [114, 114, 114],
        [116, 116, 116]],

       [[117, 117, 117],
        [119, 119, 119],
        [119, 119, 119],
        ...,
        [116, 116, 116],
        [116, 116, 116],
        [115, 115, 115]]], dtype=uint8)}
2025-08-04 16:13:59,474 [INFO] Nhận pallet_infos: [('Label77', 0.9), ('Label46', 0.5), ('', 0.8), ('', 1.0), ('', 1.0), ('Label76', 0.9)]
2025-08-04 16:13:59,474 [INFO] Bắt đầu phân tích ảnh...
2025-08-04 16:14:00,271 [DEBUG] Kết quả detectLabel: label_image is None? False, rect_label: ((1094, 811), (2593, 1942)), confidence_detect: 0.9707148671150208
2025-08-04 16:14:00,392 [DEBUG] Kết quả classifiLabel: id=26, class_name=Label34, confidence_classify=0.9998071789741516
2025-08-04 16:14:00,392 [DEBUG] Xử lý nhãn đặc biệt: id=26, class_name=Label34
2025-08-04 16:14:00,540 [DEBUG] ['tesseract', 'C:\\Users\\quang\\AppData\\Local\\Temp\\tess_wm_dnmk__input.PNG', 'C:\\Users\\quang\\AppData\\Local\\Temp\\tess_wm_dnmk_', '--oem', '3', '--psm', '7', '-l', 'eng', 'txt']
2025-08-04 16:14:00,728 [DEBUG] Kết quả nhãn đặc biệt: class_name=Label76, confidence_ocr=0.8571428571428572
2025-08-04 16:14:00,728 [DEBUG] Kết quả _handle_special_labels: class_name=Label76, confidence_ocr=0.8571428571428572
2025-08-04 16:14:00,729 [INFO] Đã gán pallet_detected: C
2025-08-04 16:14:00,730 [INFO] Kết quả trả về UI: {'label_detected': 'Label76', 'pallet_detected': 'C', 'confidence': 0.8571428571428572, 'confidence_detect': 0.9707148671150208, 'confidence_classify': 0.9998071789741516, 'confidence_ocr': 0.8571428571428572, 'origin_image': array([[[88, 88, 88],
        [91, 91, 91],
        [91, 91, 91],
        ...,
        [78, 78, 78],
        [78, 78, 78],
        [83, 83, 83]],

       [[88, 88, 88],
        [89, 89, 89],
        [89, 89, 89],
        ...,
        [80, 80, 80],
        [81, 81, 81],
        [78, 78, 78]],

       [[87, 87, 87],
        [88, 88, 88],
        [88, 88, 88],
        ...,
        [77, 77, 77],
        [77, 77, 77],
        [75, 75, 75]],

       ...,

       [[83, 83, 83],
        [81, 81, 81],
        [82, 82, 82],
        ...,
        [76, 76, 76],
        [77, 77, 77],
        [79, 79, 79]],

       [[80, 80, 80],
        [80, 80, 80],
        [81, 81, 81],
        ...,
        [77, 77, 77],
        [77, 77, 77],
        [78, 78, 78]],

       [[82, 82, 82],
        [79, 79, 79],
        [80, 80, 80],
        ...,
        [79, 79, 79],
        [79, 79, 79],
        [76, 76, 76]]], dtype=uint8), 'label_image': array([[[122, 122, 122],
        [123, 123, 123],
        [124, 124, 124],
        ...,
        [125, 125, 125],
        [120, 120, 120],
        [115, 115, 115]],

       [[122, 122, 122],
        [124, 124, 124],
        [126, 126, 126],
        ...,
        [128, 128, 128],
        [121, 121, 121],
        [114, 114, 114]],

       [[122, 122, 122],
        [125, 125, 125],
        [127, 127, 127],
        ...,
        [134, 134, 134],
        [124, 124, 124],
        [114, 114, 114]],

       ...,

       [[118, 118, 118],
        [116, 116, 116],
        [115, 115, 115],
        ...,
        [114, 114, 114],
        [113, 113, 113],
        [114, 114, 114]],

       [[117, 117, 117],
        [116, 116, 116],
        [114, 114, 114],
        ...,
        [114, 114, 114],
        [113, 113, 113],
        [113, 113, 113]],

       [[114, 114, 114],
        [114, 114, 114],
        [113, 113, 113],
        ...,
        [113, 113, 113],
        [113, 113, 113],
        [112, 112, 112]]], dtype=uint8)}
2025-08-04 16:15:20,393 [INFO] Nhận pallet_infos: [('Label77', 0.9), ('Label46', 0.5), ('Label76', 0.8), ('', 1.0), ('', 1.0), ('Label76', 0.9)]
2025-08-04 16:15:20,394 [INFO] Bắt đầu phân tích ảnh...
2025-08-04 16:15:21,177 [DEBUG] Kết quả detectLabel: label_image is None? False, rect_label: ((1127, 497), (2611, 1604)), confidence_detect: 0.9693489074707031
2025-08-04 16:15:21,318 [DEBUG] Kết quả classifiLabel: id=33, class_name=Label40, confidence_classify=0.9986950755119324
2025-08-04 16:15:21,320 [INFO] Kết quả trả về UI: {'label_detected': 'Label40', 'pallet_detected': 'F', 'confidence': 0.9986950755119324, 'confidence_detect': 0.9693489074707031, 'confidence_classify': 0.9986950755119324, 'confidence_ocr': 0, 'origin_image': array([[[86, 86, 86],
        [90, 90, 90],
        [88, 88, 88],
        ...,
        [83, 83, 83],
        [84, 84, 84],
        [82, 82, 82]],

       [[90, 90, 90],
        [87, 87, 87],
        [88, 88, 88],
        ...,
        [79, 79, 79],
        [79, 79, 79],
        [83, 83, 83]],

       [[90, 90, 90],
        [83, 83, 83],
        [86, 86, 86],
        ...,
        [78, 78, 78],
        [78, 78, 78],
        [82, 82, 82]],

       ...,

       [[86, 86, 86],
        [83, 83, 83],
        [83, 83, 83],
        ...,
        [76, 76, 76],
        [76, 76, 76],
        [84, 84, 84]],

       [[84, 84, 84],
        [81, 81, 81],
        [81, 81, 81],
        ...,
        [75, 75, 75],
        [73, 73, 73],
        [80, 80, 80]],

       [[86, 86, 86],
        [89, 89, 89],
        [88, 88, 88],
        ...,
        [80, 80, 80],
        [79, 79, 79],
        [77, 77, 77]]], dtype=uint8), 'label_image': array([[[115, 115, 115],
        [117, 117, 117],
        [115, 115, 115],
        ...,
        [113, 113, 113],
        [114, 114, 114],
        [114, 114, 114]],

       [[115, 115, 115],
        [117, 117, 117],
        [116, 116, 116],
        ...,
        [114, 114, 114],
        [113, 113, 113],
        [111, 111, 111]],

       [[116, 116, 116],
        [116, 116, 116],
        [116, 116, 116],
        ...,
        [113, 113, 113],
        [112, 112, 112],
        [111, 111, 111]],

       ...,

       [[119, 119, 119],
        [119, 119, 119],
        [121, 121, 121],
        ...,
        [116, 116, 116],
        [117, 117, 117],
        [118, 118, 118]],

       [[119, 119, 119],
        [119, 119, 119],
        [120, 120, 120],
        ...,
        [115, 115, 115],
        [116, 116, 116],
        [115, 115, 115]],

       [[123, 123, 123],
        [117, 117, 117],
        [116, 116, 116],
        ...,
        [117, 117, 117],
        [117, 117, 117],
        [116, 116, 116]]], dtype=uint8)}
2025-08-04 16:15:48,347 [INFO] Nhận pallet_infos: [('Label77', 0.9), ('Label46', 0.5), ('Label76', 0.8), ('', 0.9), ('', 0.9), ('Label40', 0.9)]
2025-08-04 16:15:48,347 [INFO] Bắt đầu phân tích ảnh...
2025-08-04 16:15:49,215 [DEBUG] Kết quả detectLabel: label_image is None? False, rect_label: ((1182, 499), (2738, 1689)), confidence_detect: 0.968906581401825
2025-08-04 16:15:49,351 [DEBUG] Kết quả classifiLabel: id=47, class_name=Label9, confidence_classify=0.9999315738677979
2025-08-04 16:15:49,358 [INFO] Đã gán pallet_detected: D
2025-08-04 16:15:49,360 [INFO] Kết quả trả về UI: {'label_detected': 'Label9', 'pallet_detected': 'D', 'confidence': 0.9999315738677979, 'confidence_detect': 0.968906581401825, 'confidence_classify': 0.9999315738677979, 'confidence_ocr': 0, 'origin_image': array([[[87, 87, 87],
        [87, 87, 87],
        [85, 85, 85],
        ...,
        [81, 81, 81],
        [83, 83, 83],
        [80, 80, 80]],

       [[91, 91, 91],
        [91, 91, 91],
        [90, 90, 90],
        ...,
        [84, 84, 84],
        [84, 84, 84],
        [84, 84, 84]],

       [[91, 91, 91],
        [92, 92, 92],
        [91, 91, 91],
        ...,
        [84, 84, 84],
        [84, 84, 84],
        [83, 83, 83]],

       ...,

       [[77, 77, 77],
        [76, 76, 76],
        [80, 80, 80],
        ...,
        [80, 80, 80],
        [80, 80, 80],
        [80, 80, 80]],

       [[78, 78, 78],
        [76, 76, 76],
        [77, 77, 77],
        ...,
        [84, 84, 84],
        [82, 82, 82],
        [81, 81, 81]],

       [[87, 87, 87],
        [83, 83, 83],
        [79, 79, 79],
        ...,
        [80, 80, 80],
        [76, 76, 76],
        [82, 82, 82]]], dtype=uint8), 'label_image': array([[[113, 113, 113],
        [114, 114, 114],
        [120, 120, 120],
        ...,
        [115, 115, 115],
        [115, 115, 115],
        [117, 117, 117]],

       [[116, 116, 116],
        [115, 115, 115],
        [120, 120, 120],
        ...,
        [115, 115, 115],
        [115, 115, 115],
        [116, 116, 116]],

       [[121, 121, 121],
        [120, 120, 120],
        [118, 118, 118],
        ...,
        [114, 114, 114],
        [114, 114, 114],
        [113, 113, 113]],

       ...,

       [[117, 117, 117],
        [119, 119, 119],
        [121, 121, 121],
        ...,
        [113, 113, 113],
        [116, 116, 116],
        [112, 112, 112]],

       [[118, 118, 118],
        [120, 120, 120],
        [120, 120, 120],
        ...,
        [116, 116, 116],
        [116, 116, 116],
        [111, 111, 111]],

       [[121, 121, 121],
        [120, 120, 120],
        [120, 120, 120],
        ...,
        [114, 114, 114],
        [112, 112, 112],
        [112, 112, 112]]], dtype=uint8)}
2025-08-04 16:17:26,213 [INFO] Nhận pallet_infos: [('Label77', 0.9), ('Label46', 0.5), ('Label76', 0.8), ('Label9', 0.9), ('', 0.9), ('Label40', 0.9)]
2025-08-04 16:17:26,213 [INFO] Bắt đầu phân tích ảnh...
2025-08-04 16:17:26,991 [DEBUG] Kết quả detectLabel: label_image is None? False, rect_label: ((1132, 402), (2723, 1661)), confidence_detect: 0.9708572030067444
2025-08-04 16:17:27,131 [DEBUG] Kết quả classifiLabel: id=26, class_name=Label34, confidence_classify=0.9998088479042053
2025-08-04 16:17:27,131 [DEBUG] Xử lý nhãn đặc biệt: id=26, class_name=Label34
2025-08-04 16:17:27,279 [DEBUG] ['tesseract', 'C:\\Users\\quang\\AppData\\Local\\Temp\\tess_4bca432a_input.PNG', 'C:\\Users\\quang\\AppData\\Local\\Temp\\tess_4bca432a', '--oem', '3', '--psm', '7', '-l', 'eng', 'txt']
2025-08-04 16:17:27,459 [DEBUG] Kết quả nhãn đặc biệt: class_name=Label77, confidence_ocr=0.7272727272727273
2025-08-04 16:17:27,459 [DEBUG] Kết quả _handle_special_labels: class_name=Label77, confidence_ocr=0.7272727272727273
2025-08-04 16:17:27,460 [DEBUG] So sánh label_detected=Label77 với name=Label77, confidence=0.7272727272727273 >= thresh=0.9
2025-08-04 16:17:27,460 [DEBUG] So sánh label_detected=Label77 với name=Label46, confidence=0.7272727272727273 >= thresh=0.5
2025-08-04 16:17:27,460 [DEBUG] So sánh label_detected=Label77 với name=Label76, confidence=0.7272727272727273 >= thresh=0.8
2025-08-04 16:17:27,460 [DEBUG] So sánh label_detected=Label77 với name=Label9, confidence=0.7272727272727273 >= thresh=0.9
2025-08-04 16:17:27,460 [DEBUG] So sánh label_detected=Label77 với name=, confidence=0.7272727272727273 >= thresh=0.9
2025-08-04 16:17:27,461 [INFO] Kết quả trả về UI: {'label_detected': 'Label77', 'pallet_detected': 'F', 'confidence': 0.7272727272727273, 'confidence_detect': 0.9708572030067444, 'confidence_classify': 0.9998088479042053, 'confidence_ocr': 0.7272727272727273, 'origin_image': array([[[92, 92, 92],
        [86, 86, 86],
        [86, 86, 86],
        ...,
        [82, 82, 82],
        [82, 82, 82],
        [79, 79, 79]],

       [[93, 93, 93],
        [91, 91, 91],
        [92, 92, 92],
        ...,
        [80, 80, 80],
        [79, 79, 79],
        [77, 77, 77]],

       [[94, 94, 94],
        [94, 94, 94],
        [94, 94, 94],
        ...,
        [81, 81, 81],
        [82, 82, 82],
        [76, 76, 76]],

       ...,

       [[83, 83, 83],
        [83, 83, 83],
        [84, 84, 84],
        ...,
        [81, 81, 81],
        [80, 80, 80],
        [76, 76, 76]],

       [[83, 83, 83],
        [84, 84, 84],
        [84, 84, 84],
        ...,
        [77, 77, 77],
        [78, 78, 78],
        [78, 78, 78]],

       [[83, 83, 83],
        [82, 82, 82],
        [80, 80, 80],
        ...,
        [77, 77, 77],
        [75, 75, 75],
        [80, 80, 80]]], dtype=uint8), 'label_image': array([[[111, 111, 111],
        [122, 122, 122],
        [137, 137, 137],
        ...,
        [120, 120, 120],
        [115, 115, 115],
        [110, 110, 110]],

       [[110, 110, 110],
        [122, 122, 122],
        [137, 137, 137],
        ...,
        [122, 122, 122],
        [117, 117, 117],
        [111, 111, 111]],

       [[109, 109, 109],
        [122, 122, 122],
        [138, 138, 138],
        ...,
        [126, 126, 126],
        [119, 119, 119],
        [112, 112, 112]],

       ...,

       [[111, 111, 111],
        [114, 114, 114],
        [114, 114, 114],
        ...,
        [105, 105, 105],
        [104, 104, 104],
        [104, 104, 104]],

       [[113, 113, 113],
        [116, 116, 116],
        [116, 116, 116],
        ...,
        [108, 108, 108],
        [108, 108, 108],
        [107, 107, 107]],

       [[115, 115, 115],
        [117, 117, 117],
        [117, 117, 117],
        ...,
        [109, 109, 109],
        [110, 110, 110],
        [108, 108, 108]]], dtype=uint8)}
2025-08-04 16:19:46,398 [INFO] Đã mở camera.
2025-08-04 16:20:54,442 [INFO] Nhận pallet_infos: [('Label77', 0.7), ('Label46', 0.5), ('Label76', 0.8), ('Label9', 0.9), ('', 0.9), ('Label77', 0.9)]
2025-08-04 16:20:54,442 [INFO] Bắt đầu phân tích ảnh...
2025-08-04 16:20:55,409 [DEBUG] Kết quả detectLabel: label_image is None? False, rect_label: ((1134, 402), (2725, 1662)), confidence_detect: 0.9700628519058228
2025-08-04 16:20:55,660 [DEBUG] Kết quả classifiLabel: id=26, class_name=Label34, confidence_classify=0.9998093247413635
2025-08-04 16:20:55,661 [DEBUG] Xử lý nhãn đặc biệt: id=26, class_name=Label34
2025-08-04 16:20:55,922 [DEBUG] ['tesseract', 'C:\\Users\\quang\\AppData\\Local\\Temp\\tess_7h_5kt79_input.PNG', 'C:\\Users\\quang\\AppData\\Local\\Temp\\tess_7h_5kt79', '--oem', '3', '--psm', '7', '-l', 'eng', 'txt']
2025-08-04 16:20:56,114 [DEBUG] Kết quả nhãn đặc biệt: class_name=Label77, confidence_ocr=0.7272727272727273
2025-08-04 16:20:56,114 [DEBUG] Kết quả _handle_special_labels: class_name=Label77, confidence_ocr=0.7272727272727273
2025-08-04 16:20:56,115 [DEBUG] So sánh label_detected=Label77 với name=Label77, confidence=0.7272727272727273 >= thresh=0.7
2025-08-04 16:20:56,116 [INFO] Đã gán pallet_detected: A
2025-08-04 16:20:56,117 [INFO] Kết quả trả về UI: {'label_detected': 'Label77', 'pallet_detected': 'A', 'confidence': 0.7272727272727273, 'confidence_detect': 0.9700628519058228, 'confidence_classify': 0.9998093247413635, 'confidence_ocr': 0.7272727272727273, 'origin_image': array([[[85, 85, 85],
        [81, 81, 81],
        [83, 83, 83],
        ...,
        [75, 75, 75],
        [78, 78, 78],
        [82, 82, 82]],

       [[91, 91, 91],
        [93, 93, 93],
        [95, 95, 95],
        ...,
        [84, 84, 84],
        [83, 83, 83],
        [82, 82, 82]],

       [[90, 90, 90],
        [93, 93, 93],
        [93, 93, 93],
        ...,
        [86, 86, 86],
        [85, 85, 85],
        [84, 84, 84]],

       ...,

       [[84, 84, 84],
        [89, 89, 89],
        [89, 89, 89],
        ...,
        [81, 81, 81],
        [82, 82, 82],
        [83, 83, 83]],

       [[81, 81, 81],
        [87, 87, 87],
        [87, 87, 87],
        ...,
        [80, 80, 80],
        [81, 81, 81],
        [82, 82, 82]],

       [[85, 85, 85],
        [79, 79, 79],
        [79, 79, 79],
        ...,
        [79, 79, 79],
        [80, 80, 80],
        [78, 78, 78]]], dtype=uint8), 'label_image': array([[[108, 108, 108],
        [112, 112, 112],
        [120, 120, 120],
        ...,
        [115, 115, 115],
        [113, 113, 113],
        [113, 113, 113]],

       [[110, 110, 110],
        [113, 113, 113],
        [122, 122, 122],
        ...,
        [117, 117, 117],
        [114, 114, 114],
        [112, 112, 112]],

       [[111, 111, 111],
        [114, 114, 114],
        [122, 122, 122],
        ...,
        [120, 120, 120],
        [116, 116, 116],
        [114, 114, 114]],

       ...,

       [[112, 112, 112],
        [110, 110, 110],
        [112, 112, 112],
        ...,
        [104, 104, 104],
        [101, 101, 101],
        [106, 106, 106]],

       [[112, 112, 112],
        [111, 111, 111],
        [116, 116, 116],
        ...,
        [107, 107, 107],
        [106, 106, 106],
        [110, 110, 110]],

       [[119, 119, 119],
        [118, 118, 118],
        [121, 121, 121],
        ...,
        [113, 113, 113],
        [111, 111, 111],
        [110, 110, 110]]], dtype=uint8)}
2025-08-04 16:50:13,381 [INFO] Đã mở camera.
2025-08-04 16:50:20,143 [INFO] Nhận pallet_infos: [('', 0.9), ('', 0.9), ('', 0.9), ('', 0.9), ('', 0.9), ('Other label', 0.9)]
2025-08-04 16:50:20,144 [INFO] Bắt đầu phân tích ảnh...
2025-08-04 16:50:20,998 [DEBUG] Kết quả detectLabel: label_image is None? False, rect_label: ((1132, 401), (2725, 1661)), confidence_detect: 0.9709948301315308
2025-08-04 16:50:21,195 [DEBUG] Kết quả classifiLabel: id=26, class_name=Label34, confidence_classify=0.9997965693473816
2025-08-04 16:50:21,195 [DEBUG] Xử lý nhãn đặc biệt: id=26, class_name=Label34
2025-08-04 16:50:21,407 [DEBUG] ['tesseract', 'C:\\Users\\quang\\AppData\\Local\\Temp\\tess_x3jb9m5e_input.PNG', 'C:\\Users\\quang\\AppData\\Local\\Temp\\tess_x3jb9m5e', '--oem', '3', '--psm', '7', '-l', 'eng', 'txt']
2025-08-04 16:50:21,621 [DEBUG] Kết quả nhãn đặc biệt: class_name=Label77, confidence_ocr=0.7272727272727273
2025-08-04 16:50:21,621 [DEBUG] Kết quả _handle_special_labels: class_name=Label77, confidence_ocr=0.7272727272727273
2025-08-04 16:50:21,622 [INFO] Kết quả trả về UI: {'label_detected': 'Label77', 'pallet_detected': 'F', 'confidence': 0.7272727272727273, 'confidence_detect': 0.9709948301315308, 'confidence_classify': 0.9997965693473816, 'confidence_ocr': 0.7272727272727273, 'origin_image': array([[[94, 94, 94],
        [89, 89, 89],
        [88, 88, 88],
        ...,
        [79, 79, 79],
        [81, 81, 81],
        [83, 83, 83]],

       [[87, 87, 87],
        [88, 88, 88],
        [88, 88, 88],
        ...,
        [81, 81, 81],
        [81, 81, 81],
        [79, 79, 79]],

       [[84, 84, 84],
        [89, 89, 89],
        [88, 88, 88],
        ...,
        [81, 81, 81],
        [80, 80, 80],
        [77, 77, 77]],

       ...,

       [[82, 82, 82],
        [83, 83, 83],
        [82, 82, 82],
        ...,
        [74, 74, 74],
        [74, 74, 74],
        [82, 82, 82]],

       [[82, 82, 82],
        [82, 82, 82],
        [83, 83, 83],
        ...,
        [73, 73, 73],
        [75, 75, 75],
        [81, 81, 81]],

       [[84, 84, 84],
        [83, 83, 83],
        [86, 86, 86],
        ...,
        [78, 78, 78],
        [78, 78, 78],
        [77, 77, 77]]], dtype=uint8), 'label_image': array([[[109, 109, 109],
        [115, 115, 115],
        [128, 128, 128],
        ...,
        [121, 121, 121],
        [112, 112, 112],
        [108, 108, 108]],

       [[107, 107, 107],
        [115, 115, 115],
        [129, 129, 129],
        ...,
        [128, 128, 128],
        [119, 119, 119],
        [111, 111, 111]],

       [[102, 102, 102],
        [113, 113, 113],
        [130, 130, 130],
        ...,
        [130, 130, 130],
        [121, 121, 121],
        [112, 112, 112]],

       ...,

       [[113, 113, 113],
        [109, 109, 109],
        [110, 110, 110],
        ...,
        [104, 104, 104],
        [103, 103, 103],
        [102, 102, 102]],

       [[117, 117, 117],
        [117, 117, 117],
        [115, 115, 115],
        ...,
        [103, 103, 103],
        [102, 102, 102],
        [101, 101, 101]],

       [[116, 116, 116],
        [115, 115, 115],
        [113, 113, 113],
        ...,
        [103, 103, 103],
        [103, 103, 103],
        [104, 104, 104]]], dtype=uint8)}
2025-08-04 16:51:53,412 [INFO] Nhận pallet_infos: [('', 0.9), ('', 0.9), ('', 0.9), ('', 0.9), ('', 0.9), ('Other label', 0.9)]
2025-08-04 16:51:53,413 [INFO] Bắt đầu phân tích ảnh...
2025-08-04 16:51:54,113 [DEBUG] Kết quả detectLabel: label_image is None? False, rect_label: ((1134, 401), (2725, 1660)), confidence_detect: 0.970788300037384
2025-08-04 16:51:54,219 [DEBUG] Kết quả classifiLabel: id=26, class_name=Label34, confidence_classify=0.9998155236244202
2025-08-04 16:51:54,219 [DEBUG] Xử lý nhãn đặc biệt: id=26, class_name=Label34
2025-08-04 16:51:54,340 [DEBUG] ['tesseract', 'C:\\Users\\quang\\AppData\\Local\\Temp\\tess_ehi26gij_input.PNG', 'C:\\Users\\quang\\AppData\\Local\\Temp\\tess_ehi26gij', '--oem', '3', '--psm', '7', '-l', 'eng', 'txt']
2025-08-04 16:51:54,515 [DEBUG] Kết quả nhãn đặc biệt: class_name=Label77, confidence_ocr=0.7272727272727273
2025-08-04 16:51:54,516 [DEBUG] Kết quả _handle_special_labels: class_name=Label77, confidence_ocr=0.7272727272727273
2025-08-04 16:51:54,517 [INFO] Kết quả trả về UI: {'label_detected': 'Label77', 'pallet_detected': 'F', 'confidence': 0.7272727272727273, 'confidence_detect': 0.970788300037384, 'confidence_classify': 0.9998155236244202, 'confidence_ocr': 0.7272727272727273, 'origin_image': array([[[89, 89, 89],
        [80, 80, 80],
        [82, 82, 82],
        ...,
        [78, 78, 78],
        [76, 76, 76],
        [74, 74, 74]],

       [[81, 81, 81],
        [87, 87, 87],
        [90, 90, 90],
        ...,
        [82, 82, 82],
        [80, 80, 80],
        [75, 75, 75]],

       [[83, 83, 83],
        [91, 91, 91],
        [90, 90, 90],
        ...,
        [82, 82, 82],
        [80, 80, 80],
        [74, 74, 74]],

       ...,

       [[84, 84, 84],
        [81, 81, 81],
        [82, 82, 82],
        ...,
        [80, 80, 80],
        [80, 80, 80],
        [81, 81, 81]],

       [[80, 80, 80],
        [79, 79, 79],
        [81, 81, 81],
        ...,
        [78, 78, 78],
        [80, 80, 80],
        [78, 78, 78]],

       [[78, 78, 78],
        [81, 81, 81],
        [81, 81, 81],
        ...,
        [80, 80, 80],
        [81, 81, 81],
        [76, 76, 76]]], dtype=uint8), 'label_image': array([[[107, 107, 107],
        [117, 117, 117],
        [131, 131, 131],
        ...,
        [128, 128, 128],
        [122, 122, 122],
        [115, 115, 115]],

       [[106, 106, 106],
        [117, 117, 117],
        [132, 132, 132],
        ...,
        [135, 135, 135],
        [125, 125, 125],
        [116, 116, 116]],

       [[110, 110, 110],
        [120, 120, 120],
        [133, 133, 133],
        ...,
        [138, 138, 138],
        [127, 127, 127],
        [117, 117, 117]],

       ...,

       [[113, 113, 113],
        [112, 112, 112],
        [114, 114, 114],
        ...,
        [104, 104, 104],
        [103, 103, 103],
        [104, 104, 104]],

       [[117, 117, 117],
        [119, 119, 119],
        [119, 119, 119],
        ...,
        [104, 104, 104],
        [102, 102, 102],
        [103, 103, 103]],

       [[117, 117, 117],
        [118, 118, 118],
        [119, 119, 119],
        ...,
        [105, 105, 105],
        [102, 102, 102],
        [104, 104, 104]]], dtype=uint8)}
2025-08-04 16:54:06,016 [INFO] Nhận pallet_infos: [('', 0.9), ('', 0.9), ('', 0.9), ('', 0.9), ('', 0.9), ('Other label', 0.9)]
2025-08-04 16:54:06,017 [INFO] Bắt đầu phân tích ảnh...
2025-08-04 16:54:06,714 [DEBUG] Kết quả detectLabel: label_image is None? False, rect_label: ((1132, 402), (2725, 1660)), confidence_detect: 0.9707076549530029
2025-08-04 16:54:06,810 [DEBUG] Kết quả classifiLabel: id=26, class_name=Label34, confidence_classify=0.9998254179954529
2025-08-04 16:54:06,810 [DEBUG] Xử lý nhãn đặc biệt: id=26, class_name=Label34
2025-08-04 16:54:06,927 [DEBUG] ['tesseract', 'C:\\Users\\quang\\AppData\\Local\\Temp\\tess_pzg_kisa_input.PNG', 'C:\\Users\\quang\\AppData\\Local\\Temp\\tess_pzg_kisa', '--oem', '3', '--psm', '7', '-l', 'eng', 'txt']
2025-08-04 16:54:07,079 [DEBUG] Kết quả nhãn đặc biệt: class_name=Label77, confidence_ocr=0.7272727272727273
2025-08-04 16:54:07,079 [DEBUG] Kết quả _handle_special_labels: class_name=Label77, confidence_ocr=0.7272727272727273
2025-08-04 16:54:07,081 [INFO] Kết quả trả về UI: {'label_detected': 'Label77', 'pallet_detected': 'F', 'confidence': 0.7272727272727273, 'confidence_detect': 0.9707076549530029, 'confidence_classify': 0.9998254179954529, 'confidence_ocr': 0.7272727272727273, 'origin_image': array([[[86, 86, 86],
        [87, 87, 87],
        [86, 86, 86],
        ...,
        [71, 71, 71],
        [72, 72, 72],
        [77, 77, 77]],

       [[87, 87, 87],
        [88, 88, 88],
        [91, 91, 91],
        ...,
        [76, 76, 76],
        [77, 77, 77],
        [78, 78, 78]],

       [[90, 90, 90],
        [89, 89, 89],
        [91, 91, 91],
        ...,
        [77, 77, 77],
        [75, 75, 75],
        [75, 75, 75]],

       ...,

       [[82, 82, 82],
        [81, 81, 81],
        [82, 82, 82],
        ...,
        [77, 77, 77],
        [77, 77, 77],
        [79, 79, 79]],

       [[81, 81, 81],
        [81, 81, 81],
        [82, 82, 82],
        ...,
        [78, 78, 78],
        [78, 78, 78],
        [78, 78, 78]],

       [[83, 83, 83],
        [83, 83, 83],
        [85, 85, 85],
        ...,
        [69, 69, 69],
        [69, 69, 69],
        [80, 80, 80]]], dtype=uint8), 'label_image': array([[[111, 111, 111],
        [117, 117, 117],
        [136, 136, 136],
        ...,
        [127, 127, 127],
        [122, 122, 122],
        [113, 113, 113]],

       [[112, 112, 112],
        [119, 119, 119],
        [136, 136, 136],
        ...,
        [129, 129, 129],
        [124, 124, 124],
        [112, 112, 112]],

       [[110, 110, 110],
        [120, 120, 120],
        [134, 134, 134],
        ...,
        [132, 132, 132],
        [126, 126, 126],
        [112, 112, 112]],

       ...,

       [[109, 109, 109],
        [111, 111, 111],
        [113, 113, 113],
        ...,
        [105, 105, 105],
        [104, 104, 104],
        [105, 105, 105]],

       [[112, 112, 112],
        [113, 113, 113],
        [115, 115, 115],
        ...,
        [105, 105, 105],
        [105, 105, 105],
        [107, 107, 107]],

       [[115, 115, 115],
        [115, 115, 115],
        [117, 117, 117],
        ...,
        [107, 107, 107],
        [104, 104, 104],
        [106, 106, 106]]], dtype=uint8)}
2025-08-04 16:54:34,054 [INFO] Nhận pallet_infos: [('', 0.9), ('', 0.9), ('', 0.9), ('', 0.9), ('', 0.9), ('Other label', 0.9)]
2025-08-04 16:54:34,054 [INFO] Bắt đầu phân tích ảnh...
2025-08-04 16:54:34,753 [DEBUG] Kết quả detectLabel: label_image is None? False, rect_label: ((1133, 401), (2725, 1661)), confidence_detect: 0.9709842801094055
2025-08-04 16:54:34,850 [DEBUG] Kết quả classifiLabel: id=26, class_name=Label34, confidence_classify=0.9997896552085876
2025-08-04 16:54:34,851 [DEBUG] Xử lý nhãn đặc biệt: id=26, class_name=Label34
2025-08-04 16:54:34,965 [DEBUG] ['tesseract', 'C:\\Users\\quang\\AppData\\Local\\Temp\\tess_7bak8am0_input.PNG', 'C:\\Users\\quang\\AppData\\Local\\Temp\\tess_7bak8am0', '--oem', '3', '--psm', '7', '-l', 'eng', 'txt']
2025-08-04 16:54:35,118 [DEBUG] Kết quả nhãn đặc biệt: class_name=Label77, confidence_ocr=0.7272727272727273
2025-08-04 16:54:35,119 [DEBUG] Kết quả _handle_special_labels: class_name=Label77, confidence_ocr=0.7272727272727273
2025-08-04 16:54:35,120 [INFO] Kết quả trả về UI: {'label_detected': 'Label77', 'pallet_detected': 'F', 'confidence': 0.7272727272727273, 'confidence_detect': 0.9709842801094055, 'confidence_classify': 0.9997896552085876, 'confidence_ocr': 0.7272727272727273, 'origin_image': array([[[88, 88, 88],
        [91, 91, 91],
        [90, 90, 90],
        ...,
        [77, 77, 77],
        [75, 75, 75],
        [83, 83, 83]],

       [[92, 92, 92],
        [84, 84, 84],
        [84, 84, 84],
        ...,
        [80, 80, 80],
        [78, 78, 78],
        [82, 82, 82]],

       [[91, 91, 91],
        [83, 83, 83],
        [82, 82, 82],
        ...,
        [80, 80, 80],
        [79, 79, 79],
        [81, 81, 81]],

       ...,

       [[80, 80, 80],
        [81, 81, 81],
        [81, 81, 81],
        ...,
        [81, 81, 81],
        [83, 83, 83],
        [73, 73, 73]],

       [[82, 82, 82],
        [81, 81, 81],
        [80, 80, 80],
        ...,
        [82, 82, 82],
        [83, 83, 83],
        [73, 73, 73]],

       [[85, 85, 85],
        [84, 84, 84],
        [84, 84, 84],
        ...,
        [80, 80, 80],
        [79, 79, 79],
        [74, 74, 74]]], dtype=uint8), 'label_image': array([[[113, 113, 113],
        [123, 123, 123],
        [139, 139, 139],
        ...,
        [125, 125, 125],
        [122, 122, 122],
        [108, 108, 108]],

       [[111, 111, 111],
        [121, 121, 121],
        [136, 136, 136],
        ...,
        [128, 128, 128],
        [122, 122, 122],
        [111, 111, 111]],

       [[109, 109, 109],
        [120, 120, 120],
        [133, 133, 133],
        ...,
        [130, 130, 130],
        [124, 124, 124],
        [117, 117, 117]],

       ...,

       [[110, 110, 110],
        [114, 114, 114],
        [114, 114, 114],
        ...,
        [108, 108, 108],
        [105, 105, 105],
        [104, 104, 104]],

       [[116, 116, 116],
        [117, 117, 117],
        [116, 116, 116],
        ...,
        [110, 110, 110],
        [106, 106, 106],
        [104, 104, 104]],

       [[115, 115, 115],
        [117, 117, 117],
        [118, 118, 118],
        ...,
        [110, 110, 110],
        [103, 103, 103],
        [102, 102, 102]]], dtype=uint8)}
2025-08-04 16:55:12,375 [INFO] Nhận pallet_infos: [('', 0.9), ('', 0.9), ('', 0.9), ('', 0.9), ('', 0.9), ('Other label', 0.9)]
2025-08-04 16:55:12,375 [INFO] Bắt đầu phân tích ảnh...
2025-08-04 16:55:13,073 [DEBUG] Kết quả detectLabel: label_image is None? False, rect_label: ((1133, 401), (2725, 1660)), confidence_detect: 0.9707092046737671
2025-08-04 16:55:13,170 [DEBUG] Kết quả classifiLabel: id=26, class_name=Label34, confidence_classify=0.9997788071632385
2025-08-04 16:55:13,171 [DEBUG] Xử lý nhãn đặc biệt: id=26, class_name=Label34
2025-08-04 16:55:13,288 [DEBUG] ['tesseract', 'C:\\Users\\quang\\AppData\\Local\\Temp\\tess_cwr81br1_input.PNG', 'C:\\Users\\quang\\AppData\\Local\\Temp\\tess_cwr81br1', '--oem', '3', '--psm', '7', '-l', 'eng', 'txt']
2025-08-04 16:55:13,448 [DEBUG] Kết quả nhãn đặc biệt: class_name=Label77, confidence_ocr=0.7272727272727273
2025-08-04 16:55:13,448 [DEBUG] Kết quả _handle_special_labels: class_name=Label77, confidence_ocr=0.7272727272727273
2025-08-04 16:55:13,450 [INFO] Kết quả trả về UI: {'label_detected': 'Label77', 'pallet_detected': 'F', 'confidence': 0.7272727272727273, 'confidence_detect': 0.9707092046737671, 'confidence_classify': 0.9997788071632385, 'confidence_ocr': 0.7272727272727273, 'origin_image': array([[[89, 89, 89],
        [87, 87, 87],
        [91, 91, 91],
        ...,
        [83, 83, 83],
        [85, 85, 85],
        [75, 75, 75]],

       [[88, 88, 88],
        [88, 88, 88],
        [84, 84, 84],
        ...,
        [83, 83, 83],
        [82, 82, 82],
        [85, 85, 85]],

       [[89, 89, 89],
        [89, 89, 89],
        [86, 86, 86],
        ...,
        [83, 83, 83],
        [81, 81, 81],
        [78, 78, 78]],

       ...,

       [[86, 86, 86],
        [87, 87, 87],
        [89, 89, 89],
        ...,
        [78, 78, 78],
        [76, 76, 76],
        [73, 73, 73]],

       [[84, 84, 84],
        [84, 84, 84],
        [86, 86, 86],
        ...,
        [78, 78, 78],
        [76, 76, 76],
        [73, 73, 73]],

       [[82, 82, 82],
        [85, 85, 85],
        [84, 84, 84],
        ...,
        [82, 82, 82],
        [80, 80, 80],
        [76, 76, 76]]], dtype=uint8), 'label_image': array([[[106, 106, 106],
        [110, 110, 110],
        [121, 121, 121],
        ...,
        [124, 124, 124],
        [120, 120, 120],
        [111, 111, 111]],

       [[105, 105, 105],
        [109, 109, 109],
        [122, 122, 122],
        ...,
        [125, 125, 125],
        [121, 121, 121],
        [111, 111, 111]],

       [[104, 104, 104],
        [108, 108, 108],
        [123, 123, 123],
        ...,
        [127, 127, 127],
        [123, 123, 123],
        [111, 111, 111]],

       ...,

       [[114, 114, 114],
        [116, 116, 116],
        [115, 115, 115],
        ...,
        [101, 101, 101],
        [100, 100, 100],
        [106, 106, 106]],

       [[118, 118, 118],
        [118, 118, 118],
        [116, 116, 116],
        ...,
        [102, 102, 102],
        [101, 101, 101],
        [107, 107, 107]],

       [[121, 121, 121],
        [120, 120, 120],
        [117, 117, 117],
        ...,
        [103, 103, 103],
        [103, 103, 103],
        [107, 107, 107]]], dtype=uint8)}
2025-08-04 16:56:08,150 [INFO] Nhận pallet_infos: [('', 0.9), ('', 0.9), ('', 0.9), ('', 0.9), ('', 0.9), ('Other label', 0.9)]
2025-08-04 16:56:08,150 [INFO] Bắt đầu phân tích ảnh...
2025-08-04 16:56:08,870 [DEBUG] Kết quả detectLabel: label_image is None? False, rect_label: ((1133, 402), (2725, 1660)), confidence_detect: 0.970876157283783
2025-08-04 16:56:08,968 [DEBUG] Kết quả classifiLabel: id=26, class_name=Label34, confidence_classify=0.9997718930244446
2025-08-04 16:56:08,968 [DEBUG] Xử lý nhãn đặc biệt: id=26, class_name=Label34
2025-08-04 16:56:09,088 [DEBUG] ['tesseract', 'C:\\Users\\quang\\AppData\\Local\\Temp\\tess_55sc6u9s_input.PNG', 'C:\\Users\\quang\\AppData\\Local\\Temp\\tess_55sc6u9s', '--oem', '3', '--psm', '7', '-l', 'eng', 'txt']
2025-08-04 16:56:09,253 [DEBUG] Kết quả nhãn đặc biệt: class_name=Label77, confidence_ocr=0.7272727272727273
2025-08-04 16:56:09,253 [DEBUG] Kết quả _handle_special_labels: class_name=Label77, confidence_ocr=0.7272727272727273
2025-08-04 16:56:09,255 [INFO] Kết quả trả về UI: {'label_detected': 'Label77', 'pallet_detected': 'F', 'confidence': 0.7272727272727273, 'confidence_detect': 0.970876157283783, 'confidence_classify': 0.9997718930244446, 'confidence_ocr': 0.7272727272727273, 'origin_image': array([[[93, 93, 93],
        [82, 82, 82],
        [82, 82, 82],
        ...,
        [78, 78, 78],
        [77, 77, 77],
        [77, 77, 77]],

       [[82, 82, 82],
        [88, 88, 88],
        [90, 90, 90],
        ...,
        [80, 80, 80],
        [77, 77, 77],
        [71, 71, 71]],

       [[80, 80, 80],
        [89, 89, 89],
        [90, 90, 90],
        ...,
        [79, 79, 79],
        [78, 78, 78],
        [72, 72, 72]],

       ...,

       [[79, 79, 79],
        [86, 86, 86],
        [87, 87, 87],
        ...,
        [76, 76, 76],
        [77, 77, 77],
        [80, 80, 80]],

       [[78, 78, 78],
        [83, 83, 83],
        [83, 83, 83],
        ...,
        [76, 76, 76],
        [76, 76, 76],
        [77, 77, 77]],

       [[83, 83, 83],
        [76, 76, 76],
        [77, 77, 77],
        ...,
        [77, 77, 77],
        [78, 78, 78],
        [79, 79, 79]]], dtype=uint8), 'label_image': array([[[111, 111, 111],
        [123, 123, 123],
        [138, 138, 138],
        ...,
        [126, 126, 126],
        [122, 122, 122],
        [111, 111, 111]],

       [[110, 110, 110],
        [123, 123, 123],
        [138, 138, 138],
        ...,
        [128, 128, 128],
        [123, 123, 123],
        [111, 111, 111]],

       [[109, 109, 109],
        [122, 122, 122],
        [136, 136, 136],
        ...,
        [131, 131, 131],
        [124, 124, 124],
        [111, 111, 111]],

       ...,

       [[115, 115, 115],
        [116, 116, 116],
        [116, 116, 116],
        ...,
        [101, 101, 101],
        [ 98,  98,  98],
        [103, 103, 103]],

       [[118, 118, 118],
        [118, 118, 118],
        [117, 117, 117],
        ...,
        [101, 101, 101],
        [101, 101, 101],
        [104, 104, 104]],

       [[118, 118, 118],
        [119, 119, 119],
        [121, 121, 121],
        ...,
        [103, 103, 103],
        [105, 105, 105],
        [104, 104, 104]]], dtype=uint8)}
2025-08-04 17:02:45,950 [INFO] Nhận pallet_infos: [('', 0.7), ('', 0.9), ('', 0.9), ('', 0.9), ('', 0.9), ('Label77', 0.9)]
2025-08-04 17:02:45,951 [INFO] Bắt đầu phân tích ảnh...
2025-08-04 17:02:46,756 [DEBUG] Kết quả detectLabel: label_image is None? False, rect_label: ((1132, 401), (2726, 1660)), confidence_detect: 0.9709188938140869
2025-08-04 17:02:46,889 [DEBUG] Kết quả classifiLabel: id=26, class_name=Label34, confidence_classify=0.9998098015785217
2025-08-04 17:02:46,889 [DEBUG] Xử lý nhãn đặc biệt: id=26, class_name=Label34
2025-08-04 17:02:47,039 [DEBUG] ['tesseract', 'C:\\Users\\quang\\AppData\\Local\\Temp\\tess_cun8qpck_input.PNG', 'C:\\Users\\quang\\AppData\\Local\\Temp\\tess_cun8qpck', '--oem', '3', '--psm', '7', '-l', 'eng', 'txt']
2025-08-04 17:02:47,244 [DEBUG] Kết quả nhãn đặc biệt: class_name=Label77, confidence_ocr=0.7272727272727273
2025-08-04 17:02:47,247 [DEBUG] Kết quả _handle_special_labels: class_name=Label77, confidence_ocr=0.7272727272727273
2025-08-04 17:02:47,249 [INFO] Đã gán pallet_detected: A
2025-08-04 17:02:47,250 [INFO] Kết quả trả về UI: {'label_detected': 'Label77', 'pallet_detected': 'A', 'confidence': 0.7272727272727273, 'confidence_detect': 0.9709188938140869, 'confidence_classify': 0.9998098015785217, 'confidence_ocr': 0.7272727272727273, 'origin_image': array([[[97, 97, 97],
        [85, 85, 85],
        [86, 86, 86],
        ...,
        [77, 77, 77],
        [77, 77, 77],
        [77, 77, 77]],

       [[93, 93, 93],
        [86, 86, 86],
        [86, 86, 86],
        ...,
        [81, 81, 81],
        [78, 78, 78],
        [82, 82, 82]],

       [[92, 92, 92],
        [85, 85, 85],
        [84, 84, 84],
        ...,
        [82, 82, 82],
        [79, 79, 79],
        [71, 71, 71]],

       ...,

       [[86, 86, 86],
        [85, 85, 85],
        [85, 85, 85],
        ...,
        [76, 76, 76],
        [76, 76, 76],
        [77, 77, 77]],

       [[84, 84, 84],
        [83, 83, 83],
        [84, 84, 84],
        ...,
        [75, 75, 75],
        [74, 74, 74],
        [75, 75, 75]],

       [[87, 87, 87],
        [84, 84, 84],
        [85, 85, 85],
        ...,
        [76, 76, 76],
        [73, 73, 73],
        [73, 73, 73]]], dtype=uint8), 'label_image': array([[[107, 107, 107],
        [110, 110, 110],
        [128, 128, 128],
        ...,
        [126, 126, 126],
        [119, 119, 119],
        [109, 109, 109]],

       [[109, 109, 109],
        [112, 112, 112],
        [128, 128, 128],
        ...,
        [131, 131, 131],
        [124, 124, 124],
        [113, 113, 113]],

       [[107, 107, 107],
        [111, 111, 111],
        [126, 126, 126],
        ...,
        [134, 134, 134],
        [124, 124, 124],
        [113, 113, 113]],

       ...,

       [[111, 111, 111],
        [109, 109, 109],
        [110, 110, 110],
        ...,
        [103, 103, 103],
        [102, 102, 102],
        [103, 103, 103]],

       [[113, 113, 113],
        [112, 112, 112],
        [112, 112, 112],
        ...,
        [108, 108, 108],
        [105, 105, 105],
        [105, 105, 105]],

       [[116, 116, 116],
        [115, 115, 115],
        [115, 115, 115],
        ...,
        [110, 110, 110],
        [108, 108, 108],
        [107, 107, 107]]], dtype=uint8)}
2025-08-04 17:07:41,974 [INFO] Nhận pallet_infos: [('Label77', 0.7), ('', 0.9), ('', 0.9), ('', 0.9), ('', 0.9), ('Label77', 0.9)]
2025-08-04 17:07:41,976 [INFO] Bắt đầu phân tích ảnh...
2025-08-04 17:07:42,767 [DEBUG] Kết quả detectLabel: label_image is None? False, rect_label: ((1132, 402), (2725, 1660)), confidence_detect: 0.9707627892494202
2025-08-04 17:07:42,888 [DEBUG] Kết quả classifiLabel: id=26, class_name=Label34, confidence_classify=0.9998353719711304
2025-08-04 17:07:42,888 [DEBUG] Xử lý nhãn đặc biệt: id=26, class_name=Label34
2025-08-04 17:07:43,070 [DEBUG] ['tesseract', 'C:\\Users\\quang\\AppData\\Local\\Temp\\tess_z_ota711_input.PNG', 'C:\\Users\\quang\\AppData\\Local\\Temp\\tess_z_ota711', '--oem', '3', '--psm', '7', '-l', 'eng', 'txt']
2025-08-04 17:07:43,302 [DEBUG] Kết quả nhãn đặc biệt: class_name=Label77, confidence_ocr=0.7272727272727273
2025-08-04 17:07:43,302 [DEBUG] Kết quả _handle_special_labels: class_name=Label77, confidence_ocr=0.7272727272727273
2025-08-04 17:07:43,303 [DEBUG] So sánh label_detected=Label77 với name=Label77, confidence=0.7272727272727273 >= thresh=0.7
2025-08-04 17:07:43,303 [INFO] Đã gán pallet_detected: A
2025-08-04 17:07:43,304 [INFO] Kết quả trả về UI: {'label_detected': 'Label77', 'pallet_detected': 'A', 'confidence': 0.7272727272727273, 'confidence_detect': 0.9707627892494202, 'confidence_classify': 0.9998353719711304, 'confidence_ocr': 0.7272727272727273, 'origin_image': array([[[89, 89, 89],
        [87, 87, 87],
        [85, 85, 85],
        ...,
        [81, 81, 81],
        [82, 82, 82],
        [79, 79, 79]],

       [[90, 90, 90],
        [83, 83, 83],
        [83, 83, 83],
        ...,
        [81, 81, 81],
        [82, 82, 82],
        [78, 78, 78]],

       [[87, 87, 87],
        [81, 81, 81],
        [83, 83, 83],
        ...,
        [80, 80, 80],
        [80, 80, 80],
        [77, 77, 77]],

       ...,

       [[82, 82, 82],
        [86, 86, 86],
        [85, 85, 85],
        ...,
        [78, 78, 78],
        [79, 79, 79],
        [82, 82, 82]],

       [[81, 81, 81],
        [86, 86, 86],
        [86, 86, 86],
        ...,
        [77, 77, 77],
        [77, 77, 77],
        [85, 85, 85]],

       [[84, 84, 84],
        [85, 85, 85],
        [86, 86, 86],
        ...,
        [77, 77, 77],
        [75, 75, 75],
        [78, 78, 78]]], dtype=uint8), 'label_image': array([[[105, 105, 105],
        [112, 112, 112],
        [125, 125, 125],
        ...,
        [124, 124, 124],
        [115, 115, 115],
        [108, 108, 108]],

       [[106, 106, 106],
        [113, 113, 113],
        [127, 127, 127],
        ...,
        [126, 126, 126],
        [117, 117, 117],
        [110, 110, 110]],

       [[106, 106, 106],
        [112, 112, 112],
        [129, 129, 129],
        ...,
        [130, 130, 130],
        [121, 121, 121],
        [113, 113, 113]],

       ...,

       [[111, 111, 111],
        [112, 112, 112],
        [113, 113, 113],
        ...,
        [104, 104, 104],
        [102, 102, 102],
        [100, 100, 100]],

       [[115, 115, 115],
        [115, 115, 115],
        [115, 115, 115],
        ...,
        [104, 104, 104],
        [103, 103, 103],
        [101, 101, 101]],

       [[118, 118, 118],
        [116, 116, 116],
        [117, 117, 117],
        ...,
        [104, 104, 104],
        [103, 103, 103],
        [103, 103, 103]]], dtype=uint8)}
2025-08-04 17:08:11,893 [INFO] Nhận pallet_infos: [('Label77', 0.7), ('', 0.9), ('', 0.9), ('', 0.9), ('', 0.9), ('Label77', 0.9)]
2025-08-04 17:08:11,893 [INFO] Bắt đầu phân tích ảnh...
2025-08-04 17:08:12,828 [DEBUG] Kết quả detectLabel: label_image is None? False, rect_label: ((1132, 401), (2726, 1660)), confidence_detect: 0.9708132743835449
2025-08-04 17:08:12,966 [DEBUG] Kết quả classifiLabel: id=26, class_name=Label34, confidence_classify=0.999799907207489
2025-08-04 17:08:12,966 [DEBUG] Xử lý nhãn đặc biệt: id=26, class_name=Label34
2025-08-04 17:08:13,127 [DEBUG] ['tesseract', 'C:\\Users\\quang\\AppData\\Local\\Temp\\tess_fnqfws2v_input.PNG', 'C:\\Users\\quang\\AppData\\Local\\Temp\\tess_fnqfws2v', '--oem', '3', '--psm', '7', '-l', 'eng', 'txt']
2025-08-04 17:08:13,325 [DEBUG] Kết quả nhãn đặc biệt: class_name=Label77, confidence_ocr=0.7272727272727273
2025-08-04 17:08:13,326 [DEBUG] Kết quả _handle_special_labels: class_name=Label77, confidence_ocr=0.7272727272727273
2025-08-04 17:08:13,327 [DEBUG] So sánh label_detected=Label77 với name=Label77, confidence=0.7272727272727273 >= thresh=0.7
2025-08-04 17:08:13,327 [INFO] Đã gán pallet_detected: A
2025-08-04 17:08:13,328 [INFO] Kết quả trả về UI: {'label_detected': 'Label77', 'pallet_detected': 'A', 'confidence': 0.7272727272727273, 'confidence_detect': 0.9708132743835449, 'confidence_classify': 0.999799907207489, 'confidence_ocr': 0.7272727272727273, 'origin_image': array([[[80, 80, 80],
        [88, 88, 88],
        [88, 88, 88],
        ...,
        [79, 79, 79],
        [78, 78, 78],
        [83, 83, 83]],

       [[89, 89, 89],
        [89, 89, 89],
        [89, 89, 89],
        ...,
        [79, 79, 79],
        [78, 78, 78],
        [73, 73, 73]],

       [[90, 90, 90],
        [88, 88, 88],
        [91, 91, 91],
        ...,
        [77, 77, 77],
        [76, 76, 76],
        [74, 74, 74]],

       ...,

       [[84, 84, 84],
        [78, 78, 78],
        [78, 78, 78],
        ...,
        [80, 80, 80],
        [80, 80, 80],
        [82, 82, 82]],

       [[83, 83, 83],
        [75, 75, 75],
        [75, 75, 75],
        ...,
        [79, 79, 79],
        [80, 80, 80],
        [82, 82, 82]],

       [[85, 85, 85],
        [79, 79, 79],
        [79, 79, 79],
        ...,
        [79, 79, 79],
        [78, 78, 78],
        [77, 77, 77]]], dtype=uint8), 'label_image': array([[[107, 107, 107],
        [113, 113, 113],
        [127, 127, 127],
        ...,
        [126, 126, 126],
        [118, 118, 118],
        [114, 114, 114]],

       [[107, 107, 107],
        [113, 113, 113],
        [126, 126, 126],
        ...,
        [127, 127, 127],
        [119, 119, 119],
        [115, 115, 115]],

       [[107, 107, 107],
        [114, 114, 114],
        [126, 126, 126],
        ...,
        [130, 130, 130],
        [121, 121, 121],
        [113, 113, 113]],

       ...,

       [[115, 115, 115],
        [113, 113, 113],
        [110, 110, 110],
        ...,
        [104, 104, 104],
        [105, 105, 105],
        [106, 106, 106]],

       [[120, 120, 120],
        [119, 119, 119],
        [117, 117, 117],
        ...,
        [106, 106, 106],
        [106, 106, 106],
        [106, 106, 106]],

       [[119, 119, 119],
        [118, 118, 118],
        [117, 117, 117],
        ...,
        [106, 106, 106],
        [106, 106, 106],
        [107, 107, 107]]], dtype=uint8)}
2025-08-04 17:09:55,463 [INFO] Nhận pallet_infos: [('Label77', 0.7), ('', 0.9), ('', 0.9), ('', 0.9), ('', 0.9), ('Label77', 0.9)]
2025-08-04 17:09:55,463 [INFO] Bắt đầu phân tích ảnh...
2025-08-04 17:09:56,226 [DEBUG] Kết quả detectLabel: label_image is None? False, rect_label: ((1132, 402), (2726, 1660)), confidence_detect: 0.9708678722381592
2025-08-04 17:09:56,356 [DEBUG] Kết quả classifiLabel: id=26, class_name=Label34, confidence_classify=0.9998064637184143
2025-08-04 17:09:56,356 [DEBUG] Xử lý nhãn đặc biệt: id=26, class_name=Label34
2025-08-04 17:09:56,507 [DEBUG] ['tesseract', 'C:\\Users\\quang\\AppData\\Local\\Temp\\tess_cwzsje96_input.PNG', 'C:\\Users\\quang\\AppData\\Local\\Temp\\tess_cwzsje96', '--oem', '3', '--psm', '7', '-l', 'eng', 'txt']
2025-08-04 17:09:56,706 [DEBUG] Kết quả nhãn đặc biệt: class_name=Label77, confidence_ocr=0.7272727272727273
2025-08-04 17:09:56,706 [DEBUG] Kết quả _handle_special_labels: class_name=Label77, confidence_ocr=0.7272727272727273
2025-08-04 17:09:56,707 [DEBUG] So sánh label_detected=Label77 với name=Label77, confidence=0.7272727272727273 >= thresh=0.7
2025-08-04 17:09:56,707 [INFO] Đã gán pallet_detected: A
2025-08-04 17:09:56,708 [INFO] Kết quả trả về UI: {'label_detected': 'Label77', 'pallet_detected': 'A', 'confidence': 0.7272727272727273, 'confidence_detect': 0.9708678722381592, 'confidence_classify': 0.9998064637184143, 'confidence_ocr': 0.7272727272727273, 'origin_image': array([[[91, 91, 91],
        [89, 89, 89],
        [90, 90, 90],
        ...,
        [86, 86, 86],
        [86, 86, 86],
        [73, 73, 73]],

       [[87, 87, 87],
        [88, 88, 88],
        [87, 87, 87],
        ...,
        [81, 81, 81],
        [81, 81, 81],
        [84, 84, 84]],

       [[86, 86, 86],
        [85, 85, 85],
        [86, 86, 86],
        ...,
        [78, 78, 78],
        [79, 79, 79],
        [83, 83, 83]],

       ...,

       [[83, 83, 83],
        [82, 82, 82],
        [81, 81, 81],
        ...,
        [78, 78, 78],
        [77, 77, 77],
        [83, 83, 83]],

       [[83, 83, 83],
        [81, 81, 81],
        [81, 81, 81],
        ...,
        [75, 75, 75],
        [75, 75, 75],
        [79, 79, 79]],

       [[90, 90, 90],
        [85, 85, 85],
        [86, 86, 86],
        ...,
        [77, 77, 77],
        [77, 77, 77],
        [81, 81, 81]]], dtype=uint8), 'label_image': array([[[110, 110, 110],
        [119, 119, 119],
        [134, 134, 134],
        ...,
        [124, 124, 124],
        [116, 116, 116],
        [110, 110, 110]],

       [[108, 108, 108],
        [118, 118, 118],
        [134, 134, 134],
        ...,
        [128, 128, 128],
        [117, 117, 117],
        [109, 109, 109]],

       [[108, 108, 108],
        [118, 118, 118],
        [133, 133, 133],
        ...,
        [130, 130, 130],
        [116, 116, 116],
        [107, 107, 107]],

       ...,

       [[113, 113, 113],
        [111, 111, 111],
        [111, 111, 111],
        ...,
        [105, 105, 105],
        [103, 103, 103],
        [101, 101, 101]],

       [[113, 113, 113],
        [112, 112, 112],
        [113, 113, 113],
        ...,
        [106, 106, 106],
        [104, 104, 104],
        [102, 102, 102]],

       [[113, 113, 113],
        [115, 115, 115],
        [117, 117, 117],
        ...,
        [107, 107, 107],
        [104, 104, 104],
        [104, 104, 104]]], dtype=uint8)}
2025-08-04 17:10:01,627 [INFO] Nhận pallet_infos: [('', 0.9), ('', 0.9), ('', 0.9), ('', 0.9), ('', 0.9), ('Other label', 0.9)]
2025-08-04 17:10:01,627 [INFO] Bắt đầu phân tích ảnh...
2025-08-04 17:10:02,414 [DEBUG] Kết quả detectLabel: label_image is None? False, rect_label: ((1131, 402), (2726, 1660)), confidence_detect: 0.9708043932914734
2025-08-04 17:10:02,550 [DEBUG] Kết quả classifiLabel: id=26, class_name=Label34, confidence_classify=0.9998409748077393
2025-08-04 17:10:02,550 [DEBUG] Xử lý nhãn đặc biệt: id=26, class_name=Label34
2025-08-04 17:10:02,717 [DEBUG] ['tesseract', 'C:\\Users\\quang\\AppData\\Local\\Temp\\tess_oxuv8xy1_input.PNG', 'C:\\Users\\quang\\AppData\\Local\\Temp\\tess_oxuv8xy1', '--oem', '3', '--psm', '7', '-l', 'eng', 'txt']
2025-08-04 17:10:02,952 [DEBUG] Kết quả nhãn đặc biệt: class_name=Label77, confidence_ocr=0.7272727272727273
2025-08-04 17:10:02,952 [DEBUG] Kết quả _handle_special_labels: class_name=Label77, confidence_ocr=0.7272727272727273
2025-08-04 17:10:02,954 [INFO] Kết quả trả về UI: {'label_detected': 'Label77', 'pallet_detected': 'F', 'confidence': 0.7272727272727273, 'confidence_detect': 0.9708043932914734, 'confidence_classify': 0.9998409748077393, 'confidence_ocr': 0.7272727272727273, 'origin_image': array([[[83, 83, 83],
        [84, 84, 84],
        [86, 86, 86],
        ...,
        [75, 75, 75],
        [76, 76, 76],
        [80, 80, 80]],

       [[90, 90, 90],
        [89, 89, 89],
        [91, 91, 91],
        ...,
        [76, 76, 76],
        [76, 76, 76],
        [81, 81, 81]],

       [[92, 92, 92],
        [91, 91, 91],
        [90, 90, 90],
        ...,
        [77, 77, 77],
        [77, 77, 77],
        [84, 84, 84]],

       ...,

       [[84, 84, 84],
        [80, 80, 80],
        [79, 79, 79],
        ...,
        [76, 76, 76],
        [78, 78, 78],
        [79, 79, 79]],

       [[84, 84, 84],
        [79, 79, 79],
        [78, 78, 78],
        ...,
        [75, 75, 75],
        [78, 78, 78],
        [78, 78, 78]],

       [[81, 81, 81],
        [80, 80, 80],
        [81, 81, 81],
        ...,
        [72, 72, 72],
        [73, 73, 73],
        [75, 75, 75]]], dtype=uint8), 'label_image': array([[[110, 110, 110],
        [123, 123, 123],
        [139, 139, 139],
        ...,
        [128, 128, 128],
        [121, 121, 121],
        [113, 113, 113]],

       [[111, 111, 111],
        [124, 124, 124],
        [142, 142, 142],
        ...,
        [130, 130, 130],
        [121, 121, 121],
        [112, 112, 112]],

       [[113, 113, 113],
        [127, 127, 127],
        [143, 143, 143],
        ...,
        [132, 132, 132],
        [123, 123, 123],
        [115, 115, 115]],

       ...,

       [[110, 110, 110],
        [111, 111, 111],
        [110, 110, 110],
        ...,
        [107, 107, 107],
        [104, 104, 104],
        [102, 102, 102]],

       [[117, 117, 117],
        [117, 117, 117],
        [114, 114, 114],
        ...,
        [105, 105, 105],
        [103, 103, 103],
        [101, 101, 101]],

       [[117, 117, 117],
        [117, 117, 117],
        [116, 116, 116],
        ...,
        [104, 104, 104],
        [103, 103, 103],
        [103, 103, 103]]], dtype=uint8)}
2025-08-04 17:10:10,759 [INFO] Nhận pallet_infos: [('', 0.7), ('', 0.9), ('', 0.9), ('', 0.9), ('', 0.9), ('Label77', 0.9)]
2025-08-04 17:10:10,759 [INFO] Bắt đầu phân tích ảnh...
2025-08-04 17:10:11,533 [DEBUG] Kết quả detectLabel: label_image is None? False, rect_label: ((1131, 401), (2726, 1660)), confidence_detect: 0.970790445804596
2025-08-04 17:10:11,661 [DEBUG] Kết quả classifiLabel: id=26, class_name=Label34, confidence_classify=0.9998080134391785
2025-08-04 17:10:11,661 [DEBUG] Xử lý nhãn đặc biệt: id=26, class_name=Label34
2025-08-04 17:10:11,809 [DEBUG] ['tesseract', 'C:\\Users\\quang\\AppData\\Local\\Temp\\tess_yoalq8h2_input.PNG', 'C:\\Users\\quang\\AppData\\Local\\Temp\\tess_yoalq8h2', '--oem', '3', '--psm', '7', '-l', 'eng', 'txt']
2025-08-04 17:10:12,026 [DEBUG] Kết quả nhãn đặc biệt: class_name=Label77, confidence_ocr=0.7272727272727273
2025-08-04 17:10:12,026 [DEBUG] Kết quả _handle_special_labels: class_name=Label77, confidence_ocr=0.7272727272727273
2025-08-04 17:10:12,027 [INFO] Đã gán pallet_detected: A
2025-08-04 17:10:12,027 [INFO] Kết quả trả về UI: {'label_detected': 'Label77', 'pallet_detected': 'A', 'confidence': 0.7272727272727273, 'confidence_detect': 0.970790445804596, 'confidence_classify': 0.9998080134391785, 'confidence_ocr': 0.7272727272727273, 'origin_image': array([[[89, 89, 89],
        [90, 90, 90],
        [89, 89, 89],
        ...,
        [81, 81, 81],
        [78, 78, 78],
        [75, 75, 75]],

       [[90, 90, 90],
        [89, 89, 89],
        [91, 91, 91],
        ...,
        [80, 80, 80],
        [78, 78, 78],
        [79, 79, 79]],

       [[88, 88, 88],
        [87, 87, 87],
        [90, 90, 90],
        ...,
        [79, 79, 79],
        [79, 79, 79],
        [82, 82, 82]],

       ...,

       [[80, 80, 80],
        [87, 87, 87],
        [87, 87, 87],
        ...,
        [78, 78, 78],
        [80, 80, 80],
        [77, 77, 77]],

       [[81, 81, 81],
        [88, 88, 88],
        [87, 87, 87],
        ...,
        [79, 79, 79],
        [80, 80, 80],
        [77, 77, 77]],

       [[86, 86, 86],
        [85, 85, 85],
        [85, 85, 85],
        ...,
        [78, 78, 78],
        [78, 78, 78],
        [76, 76, 76]]], dtype=uint8), 'label_image': array([[[111, 111, 111],
        [122, 122, 122],
        [136, 136, 136],
        ...,
        [129, 129, 129],
        [122, 122, 122],
        [115, 115, 115]],

       [[111, 111, 111],
        [123, 123, 123],
        [137, 137, 137],
        ...,
        [132, 132, 132],
        [124, 124, 124],
        [116, 116, 116]],

       [[111, 111, 111],
        [122, 122, 122],
        [137, 137, 137],
        ...,
        [137, 137, 137],
        [128, 128, 128],
        [118, 118, 118]],

       ...,

       [[113, 113, 113],
        [114, 114, 114],
        [116, 116, 116],
        ...,
        [104, 104, 104],
        [102, 102, 102],
        [101, 101, 101]],

       [[117, 117, 117],
        [118, 118, 118],
        [118, 118, 118],
        ...,
        [104, 104, 104],
        [103, 103, 103],
        [102, 102, 102]],

       [[119, 119, 119],
        [120, 120, 120],
        [119, 119, 119],
        ...,
        [105, 105, 105],
        [104, 104, 104],
        [104, 104, 104]]], dtype=uint8)}
2025-08-04 17:15:07,454 [INFO] Nhận pallet_infos: [('', 0.9), ('', 0.9), ('', 0.9), ('', 0.9), ('', 0.9), ('Other label', 0.9)]
2025-08-04 17:15:07,454 [INFO] Bắt đầu phân tích ảnh...
2025-08-04 17:15:08,409 [DEBUG] Kết quả detectLabel: label_image is None? False, rect_label: ((1132, 401), (2725, 1660)), confidence_detect: 0.9706414937973022
2025-08-04 17:15:08,552 [DEBUG] Kết quả classifiLabel: id=26, class_name=Label34, confidence_classify=0.9998076558113098
2025-08-04 17:15:08,553 [DEBUG] Xử lý nhãn đặc biệt: id=26, class_name=Label34
2025-08-04 17:15:08,709 [DEBUG] ['tesseract', 'C:\\Users\\quang\\AppData\\Local\\Temp\\tess_uek6vr3q_input.PNG', 'C:\\Users\\quang\\AppData\\Local\\Temp\\tess_uek6vr3q', '--oem', '3', '--psm', '7', '-l', 'eng', 'txt']
2025-08-04 17:15:08,926 [DEBUG] Kết quả nhãn đặc biệt: class_name=Label77, confidence_ocr=0.7272727272727273
2025-08-04 17:15:08,926 [DEBUG] Kết quả _handle_special_labels: class_name=Label77, confidence_ocr=0.7272727272727273
2025-08-04 17:15:08,928 [INFO] Kết quả trả về UI: {'label_detected': 'Label77', 'pallet_detected': 'F', 'confidence': 0.7272727272727273, 'confidence_detect': 0.9706414937973022, 'confidence_classify': 0.9998076558113098, 'confidence_ocr': 0.7272727272727273, 'origin_image': array([[[87, 87, 87],
        [84, 84, 84],
        [85, 85, 85],
        ...,
        [79, 79, 79],
        [79, 79, 79],
        [79, 79, 79]],

       [[93, 93, 93],
        [89, 89, 89],
        [91, 91, 91],
        ...,
        [86, 86, 86],
        [86, 86, 86],
        [83, 83, 83]],

       [[95, 95, 95],
        [88, 88, 88],
        [90, 90, 90],
        ...,
        [85, 85, 85],
        [85, 85, 85],
        [81, 81, 81]],

       ...,

       [[89, 89, 89],
        [80, 80, 80],
        [79, 79, 79],
        ...,
        [84, 84, 84],
        [80, 80, 80],
        [78, 78, 78]],

       [[85, 85, 85],
        [79, 79, 79],
        [78, 78, 78],
        ...,
        [84, 84, 84],
        [80, 80, 80],
        [80, 80, 80]],

       [[77, 77, 77],
        [83, 83, 83],
        [87, 87, 87],
        ...,
        [78, 78, 78],
        [79, 79, 79],
        [75, 75, 75]]], dtype=uint8), 'label_image': array([[[117, 117, 117],
        [122, 122, 122],
        [137, 137, 137],
        ...,
        [123, 123, 123],
        [118, 118, 118],
        [113, 113, 113]],

       [[118, 118, 118],
        [123, 123, 123],
        [136, 136, 136],
        ...,
        [127, 127, 127],
        [120, 120, 120],
        [113, 113, 113]],

       [[115, 115, 115],
        [124, 124, 124],
        [135, 135, 135],
        ...,
        [131, 131, 131],
        [123, 123, 123],
        [111, 111, 111]],

       ...,

       [[113, 113, 113],
        [113, 113, 113],
        [114, 114, 114],
        ...,
        [105, 105, 105],
        [103, 103, 103],
        [104, 104, 104]],

       [[116, 116, 116],
        [115, 115, 115],
        [113, 113, 113],
        ...,
        [104, 104, 104],
        [105, 105, 105],
        [105, 105, 105]],

       [[116, 116, 116],
        [116, 116, 116],
        [116, 116, 116],
        ...,
        [103, 103, 103],
        [106, 106, 106],
        [106, 106, 106]]], dtype=uint8)}
2025-08-04 17:19:07,483 [INFO] Nhận pallet_infos: [('', 0.9), ('', 0.9), ('', 0.9), ('', 0.9), ('', 0.9), ('Other label', 0.9)]
2025-08-04 17:19:07,484 [INFO] Bắt đầu phân tích ảnh...
2025-08-04 17:19:08,238 [DEBUG] Kết quả detectLabel: label_image is None? False, rect_label: ((1132, 401), (2726, 1661)), confidence_detect: 0.9709463119506836
2025-08-04 17:19:08,359 [DEBUG] Kết quả classifiLabel: id=26, class_name=Label34, confidence_classify=0.9998090863227844
2025-08-04 17:19:08,359 [DEBUG] Xử lý nhãn đặc biệt: id=26, class_name=Label34
2025-08-04 17:19:08,500 [DEBUG] ['tesseract', 'C:\\Users\\quang\\AppData\\Local\\Temp\\tess_cwxk6ko2_input.PNG', 'C:\\Users\\quang\\AppData\\Local\\Temp\\tess_cwxk6ko2', '--oem', '3', '--psm', '7', '-l', 'eng', 'txt']
2025-08-04 17:19:08,690 [DEBUG] Kết quả nhãn đặc biệt: class_name=Label77, confidence_ocr=0.7272727272727273
2025-08-04 17:19:08,690 [DEBUG] Kết quả _handle_special_labels: class_name=Label77, confidence_ocr=0.7272727272727273
2025-08-04 17:19:08,692 [INFO] Kết quả trả về UI: {'label_detected': 'Label77', 'pallet_detected': 'F', 'confidence': 0.7272727272727273, 'confidence_detect': 0.9709463119506836, 'confidence_classify': 0.9998090863227844, 'confidence_ocr': 0.7272727272727273, 'origin_image': array([[[87, 87, 87],
        [89, 89, 89],
        [85, 85, 85],
        ...,
        [79, 79, 79],
        [80, 80, 80],
        [82, 82, 82]],

       [[88, 88, 88],
        [88, 88, 88],
        [87, 87, 87],
        ...,
        [82, 82, 82],
        [84, 84, 84],
        [82, 82, 82]],

       [[87, 87, 87],
        [89, 89, 89],
        [89, 89, 89],
        ...,
        [80, 80, 80],
        [83, 83, 83],
        [81, 81, 81]],

       ...,

       [[88, 88, 88],
        [83, 83, 83],
        [83, 83, 83],
        ...,
        [84, 84, 84],
        [83, 83, 83],
        [81, 81, 81]],

       [[88, 88, 88],
        [82, 82, 82],
        [81, 81, 81],
        ...,
        [80, 80, 80],
        [81, 81, 81],
        [78, 78, 78]],

       [[87, 87, 87],
        [90, 90, 90],
        [88, 88, 88],
        ...,
        [75, 75, 75],
        [73, 73, 73],
        [78, 78, 78]]], dtype=uint8), 'label_image': array([[[106, 106, 106],
        [113, 113, 113],
        [127, 127, 127],
        ...,
        [118, 118, 118],
        [113, 113, 113],
        [111, 111, 111]],

       [[107, 107, 107],
        [114, 114, 114],
        [128, 128, 128],
        ...,
        [121, 121, 121],
        [113, 113, 113],
        [109, 109, 109]],

       [[110, 110, 110],
        [117, 117, 117],
        [129, 129, 129],
        ...,
        [127, 127, 127],
        [117, 117, 117],
        [109, 109, 109]],

       ...,

       [[113, 113, 113],
        [112, 112, 112],
        [112, 112, 112],
        ...,
        [103, 103, 103],
        [102, 102, 102],
        [104, 104, 104]],

       [[116, 116, 116],
        [115, 115, 115],
        [115, 115, 115],
        ...,
        [104, 104, 104],
        [106, 106, 106],
        [108, 108, 108]],

       [[118, 118, 118],
        [118, 118, 118],
        [117, 117, 117],
        ...,
        [105, 105, 105],
        [108, 108, 108],
        [108, 108, 108]]], dtype=uint8)}
2025-08-04 17:20:00,651 [INFO] Nhận pallet_infos: [('', 0.9), ('', 0.9), ('', 0.9), ('', 0.9), ('', 0.9), ('Other label', 0.9)]
2025-08-04 17:20:00,651 [INFO] Bắt đầu phân tích ảnh...
2025-08-04 17:20:01,525 [DEBUG] Kết quả detectLabel: label_image is None? False, rect_label: ((1133, 401), (2726, 1660)), confidence_detect: 0.9708529114723206
2025-08-04 17:20:01,656 [DEBUG] Kết quả classifiLabel: id=26, class_name=Label34, confidence_classify=0.9998120665550232
2025-08-04 17:20:01,656 [DEBUG] Xử lý nhãn đặc biệt: id=26, class_name=Label34
2025-08-04 17:20:01,818 [DEBUG] ['tesseract', 'C:\\Users\\quang\\AppData\\Local\\Temp\\tess_sf6b6uuo_input.PNG', 'C:\\Users\\quang\\AppData\\Local\\Temp\\tess_sf6b6uuo', '--oem', '3', '--psm', '7', '-l', 'eng', 'txt']
2025-08-04 17:20:02,046 [DEBUG] Kết quả nhãn đặc biệt: class_name=Label77, confidence_ocr=0.7272727272727273
2025-08-04 17:20:02,047 [DEBUG] Kết quả _handle_special_labels: class_name=Label77, confidence_ocr=0.7272727272727273
2025-08-04 17:20:02,049 [INFO] Kết quả trả về UI: {'label_detected': 'Label77', 'pallet_detected': 'F', 'confidence': 0.7272727272727273, 'confidence_detect': 0.9708529114723206, 'confidence_classify': 0.9998120665550232, 'confidence_ocr': 0.7272727272727273, 'origin_image': array([[[86, 86, 86],
        [88, 88, 88],
        [85, 85, 85],
        ...,
        [79, 79, 79],
        [81, 81, 81],
        [82, 82, 82]],

       [[86, 86, 86],
        [86, 86, 86],
        [87, 87, 87],
        ...,
        [85, 85, 85],
        [83, 83, 83],
        [83, 83, 83]],

       [[87, 87, 87],
        [87, 87, 87],
        [87, 87, 87],
        ...,
        [83, 83, 83],
        [81, 81, 81],
        [79, 79, 79]],

       ...,

       [[78, 78, 78],
        [86, 86, 86],
        [86, 86, 86],
        ...,
        [80, 80, 80],
        [79, 79, 79],
        [76, 76, 76]],

       [[77, 77, 77],
        [84, 84, 84],
        [84, 84, 84],
        ...,
        [82, 82, 82],
        [80, 80, 80],
        [76, 76, 76]],

       [[83, 83, 83],
        [83, 83, 83],
        [82, 82, 82],
        ...,
        [80, 80, 80],
        [80, 80, 80],
        [79, 79, 79]]], dtype=uint8), 'label_image': array([[[109, 109, 109],
        [112, 112, 112],
        [127, 127, 127],
        ...,
        [120, 120, 120],
        [116, 116, 116],
        [110, 110, 110]],

       [[108, 108, 108],
        [111, 111, 111],
        [128, 128, 128],
        ...,
        [120, 120, 120],
        [116, 116, 116],
        [110, 110, 110]],

       [[106, 106, 106],
        [110, 110, 110],
        [130, 130, 130],
        ...,
        [123, 123, 123],
        [115, 115, 115],
        [111, 111, 111]],

       ...,

       [[113, 113, 113],
        [110, 110, 110],
        [110, 110, 110],
        ...,
        [102, 102, 102],
        [101, 101, 101],
        [102, 102, 102]],

       [[116, 116, 116],
        [114, 114, 114],
        [113, 113, 113],
        ...,
        [103, 103, 103],
        [103, 103, 103],
        [103, 103, 103]],

       [[117, 117, 117],
        [116, 116, 116],
        [116, 116, 116],
        ...,
        [105, 105, 105],
        [105, 105, 105],
        [103, 103, 103]]], dtype=uint8)}
2025-08-04 17:20:32,383 [INFO] Nhận pallet_infos: [('', 0.7), ('', 0.9), ('', 0.9), ('', 0.9), ('', 0.9), ('Label77', 0.9)]
2025-08-04 17:20:32,383 [INFO] Bắt đầu phân tích ảnh...
2025-08-04 17:20:33,213 [DEBUG] Kết quả detectLabel: label_image is None? False, rect_label: ((1133, 401), (2725, 1660)), confidence_detect: 0.9709575176239014
2025-08-04 17:20:33,338 [DEBUG] Kết quả classifiLabel: id=26, class_name=Label34, confidence_classify=0.9998358488082886
2025-08-04 17:20:33,338 [DEBUG] Xử lý nhãn đặc biệt: id=26, class_name=Label34
2025-08-04 17:20:33,481 [DEBUG] ['tesseract', 'C:\\Users\\quang\\AppData\\Local\\Temp\\tess_sakwd82z_input.PNG', 'C:\\Users\\quang\\AppData\\Local\\Temp\\tess_sakwd82z', '--oem', '3', '--psm', '7', '-l', 'eng', 'txt']
2025-08-04 17:20:33,665 [DEBUG] Kết quả nhãn đặc biệt: class_name=Label77, confidence_ocr=0.7272727272727273
2025-08-04 17:20:33,665 [DEBUG] Kết quả _handle_special_labels: class_name=Label77, confidence_ocr=0.7272727272727273
2025-08-04 17:20:33,665 [INFO] Đã gán pallet_detected: A
2025-08-04 17:20:33,666 [INFO] Kết quả trả về UI: {'label_detected': 'Label77', 'pallet_detected': 'A', 'confidence': 0.7272727272727273, 'confidence_detect': 0.9709575176239014, 'confidence_classify': 0.9998358488082886, 'confidence_ocr': 0.7272727272727273, 'origin_image': array([[[90, 90, 90],
        [89, 89, 89],
        [89, 89, 89],
        ...,
        [85, 85, 85],
        [80, 80, 80],
        [82, 82, 82]],

       [[88, 88, 88],
        [87, 87, 87],
        [88, 88, 88],
        ...,
        [81, 81, 81],
        [79, 79, 79],
        [74, 74, 74]],

       [[86, 86, 86],
        [86, 86, 86],
        [88, 88, 88],
        ...,
        [81, 81, 81],
        [80, 80, 80],
        [75, 75, 75]],

       ...,

       [[78, 78, 78],
        [83, 83, 83],
        [84, 84, 84],
        ...,
        [77, 77, 77],
        [74, 74, 74],
        [75, 75, 75]],

       [[74, 74, 74],
        [80, 80, 80],
        [82, 82, 82],
        ...,
        [76, 76, 76],
        [74, 74, 74],
        [76, 76, 76]],

       [[82, 82, 82],
        [85, 85, 85],
        [87, 87, 87],
        ...,
        [78, 78, 78],
        [78, 78, 78],
        [78, 78, 78]]], dtype=uint8), 'label_image': array([[[112, 112, 112],
        [114, 114, 114],
        [130, 130, 130],
        ...,
        [121, 121, 121],
        [112, 112, 112],
        [106, 106, 106]],

       [[111, 111, 111],
        [114, 114, 114],
        [132, 132, 132],
        ...,
        [124, 124, 124],
        [114, 114, 114],
        [108, 108, 108]],

       [[110, 110, 110],
        [114, 114, 114],
        [132, 132, 132],
        ...,
        [127, 127, 127],
        [117, 117, 117],
        [111, 111, 111]],

       ...,

       [[115, 115, 115],
        [113, 113, 113],
        [114, 114, 114],
        ...,
        [101, 101, 101],
        [ 96,  96,  96],
        [ 99,  99,  99]],

       [[120, 120, 120],
        [115, 115, 115],
        [115, 115, 115],
        ...,
        [105, 105, 105],
        [102, 102, 102],
        [102, 102, 102]],

       [[122, 122, 122],
        [117, 117, 117],
        [116, 116, 116],
        ...,
        [109, 109, 109],
        [107, 107, 107],
        [105, 105, 105]]], dtype=uint8)}
2025-08-04 17:23:48,595 [INFO] Nhận pallet_infos: [('', 0.9), ('', 0.9), ('', 0.9), ('', 0.9), ('', 0.9), ('Other label', 0.9)]
2025-08-04 17:23:48,598 [INFO] Bắt đầu phân tích ảnh...
2025-08-04 17:23:49,450 [DEBUG] Kết quả detectLabel: label_image is None? False, rect_label: ((1133, 402), (2725, 1661)), confidence_detect: 0.9707319140434265
2025-08-04 17:23:49,586 [DEBUG] Kết quả classifiLabel: id=26, class_name=Label34, confidence_classify=0.9998477697372437
2025-08-04 17:23:49,586 [DEBUG] Xử lý nhãn đặc biệt: id=26, class_name=Label34
2025-08-04 17:23:49,734 [DEBUG] ['tesseract', 'C:\\Users\\quang\\AppData\\Local\\Temp\\tess_562lznea_input.PNG', 'C:\\Users\\quang\\AppData\\Local\\Temp\\tess_562lznea', '--oem', '3', '--psm', '7', '-l', 'eng', 'txt']
2025-08-04 17:23:49,928 [DEBUG] Kết quả nhãn đặc biệt: class_name=Label77, confidence_ocr=0.7272727272727273
2025-08-04 17:23:49,928 [DEBUG] Kết quả _handle_special_labels: class_name=Label77, confidence_ocr=0.7272727272727273
2025-08-04 17:23:49,930 [INFO] Kết quả trả về UI: {'label_detected': 'Label77', 'pallet_detected': 'F', 'confidence': 0.7272727272727273, 'confidence_detect': 0.9707319140434265, 'confidence_classify': 0.9998477697372437, 'confidence_ocr': 0.7272727272727273, 'origin_image': array([[[88, 88, 88],
        [85, 85, 85],
        [84, 84, 84],
        ...,
        [79, 79, 79],
        [78, 78, 78],
        [77, 77, 77]],

       [[81, 81, 81],
        [91, 91, 91],
        [91, 91, 91],
        ...,
        [78, 78, 78],
        [77, 77, 77],
        [81, 81, 81]],

       [[80, 80, 80],
        [91, 91, 91],
        [90, 90, 90],
        ...,
        [78, 78, 78],
        [77, 77, 77],
        [80, 80, 80]],

       ...,

       [[82, 82, 82],
        [83, 83, 83],
        [85, 85, 85],
        ...,
        [73, 73, 73],
        [77, 77, 77],
        [66, 66, 66]],

       [[84, 84, 84],
        [81, 81, 81],
        [83, 83, 83],
        ...,
        [75, 75, 75],
        [76, 76, 76],
        [65, 65, 65]],

       [[88, 88, 88],
        [84, 84, 84],
        [86, 86, 86],
        ...,
        [76, 76, 76],
        [77, 77, 77],
        [80, 80, 80]]], dtype=uint8), 'label_image': array([[[111, 111, 111],
        [115, 115, 115],
        [125, 125, 125],
        ...,
        [126, 126, 126],
        [118, 118, 118],
        [113, 113, 113]],

       [[108, 108, 108],
        [114, 114, 114],
        [124, 124, 124],
        ...,
        [134, 134, 134],
        [125, 125, 125],
        [116, 116, 116]],

       [[104, 104, 104],
        [112, 112, 112],
        [124, 124, 124],
        ...,
        [136, 136, 136],
        [127, 127, 127],
        [118, 118, 118]],

       ...,

       [[112, 112, 112],
        [112, 112, 112],
        [113, 113, 113],
        ...,
        [105, 105, 105],
        [100, 100, 100],
        [ 99,  99,  99]],

       [[115, 115, 115],
        [115, 115, 115],
        [116, 116, 116],
        ...,
        [104, 104, 104],
        [101, 101, 101],
        [101, 101, 101]],

       [[116, 116, 116],
        [115, 115, 115],
        [116, 116, 116],
        ...,
        [107, 107, 107],
        [104, 104, 104],
        [104, 104, 104]]], dtype=uint8)}
2025-08-04 17:23:58,343 [INFO] Nhận pallet_infos: [('', 0.7), ('', 0.9), ('', 0.9), ('', 0.9), ('', 0.9), ('Label77', 0.9)]
2025-08-04 17:23:58,344 [INFO] Bắt đầu phân tích ảnh...
2025-08-04 17:23:59,115 [DEBUG] Kết quả detectLabel: label_image is None? False, rect_label: ((1133, 402), (2725, 1660)), confidence_detect: 0.9708427786827087
2025-08-04 17:23:59,235 [DEBUG] Kết quả classifiLabel: id=26, class_name=Label34, confidence_classify=0.9997979998588562
2025-08-04 17:23:59,236 [DEBUG] Xử lý nhãn đặc biệt: id=26, class_name=Label34
2025-08-04 17:23:59,380 [DEBUG] ['tesseract', 'C:\\Users\\quang\\AppData\\Local\\Temp\\tess_3q1nh57c_input.PNG', 'C:\\Users\\quang\\AppData\\Local\\Temp\\tess_3q1nh57c', '--oem', '3', '--psm', '7', '-l', 'eng', 'txt']
2025-08-04 17:23:59,569 [DEBUG] Kết quả nhãn đặc biệt: class_name=Label77, confidence_ocr=0.7272727272727273
2025-08-04 17:23:59,569 [DEBUG] Kết quả _handle_special_labels: class_name=Label77, confidence_ocr=0.7272727272727273
2025-08-04 17:23:59,570 [INFO] Đã gán pallet_detected: A
2025-08-04 17:23:59,571 [INFO] Kết quả trả về UI: {'label_detected': 'Label77', 'pallet_detected': 'A', 'confidence': 0.7272727272727273, 'confidence_detect': 0.9708427786827087, 'confidence_classify': 0.9997979998588562, 'confidence_ocr': 0.7272727272727273, 'origin_image': array([[[90, 90, 90],
        [87, 87, 87],
        [86, 86, 86],
        ...,
        [82, 82, 82],
        [83, 83, 83],
        [82, 82, 82]],

       [[86, 86, 86],
        [90, 90, 90],
        [87, 87, 87],
        ...,
        [77, 77, 77],
        [77, 77, 77],
        [77, 77, 77]],

       [[86, 86, 86],
        [88, 88, 88],
        [86, 86, 86],
        ...,
        [75, 75, 75],
        [74, 74, 74],
        [77, 77, 77]],

       ...,

       [[84, 84, 84],
        [87, 87, 87],
        [86, 86, 86],
        ...,
        [83, 83, 83],
        [84, 84, 84],
        [82, 82, 82]],

       [[84, 84, 84],
        [84, 84, 84],
        [84, 84, 84],
        ...,
        [80, 80, 80],
        [82, 82, 82],
        [82, 82, 82]],

       [[77, 77, 77],
        [88, 88, 88],
        [87, 87, 87],
        ...,
        [77, 77, 77],
        [80, 80, 80],
        [81, 81, 81]]], dtype=uint8), 'label_image': array([[[111, 111, 111],
        [120, 120, 120],
        [131, 131, 131],
        ...,
        [124, 124, 124],
        [120, 120, 120],
        [115, 115, 115]],

       [[110, 110, 110],
        [118, 118, 118],
        [128, 128, 128],
        ...,
        [127, 127, 127],
        [120, 120, 120],
        [114, 114, 114]],

       [[107, 107, 107],
        [115, 115, 115],
        [127, 127, 127],
        ...,
        [128, 128, 128],
        [120, 120, 120],
        [113, 113, 113]],

       ...,

       [[114, 114, 114],
        [113, 113, 113],
        [112, 112, 112],
        ...,
        [104, 104, 104],
        [101, 101, 101],
        [101, 101, 101]],

       [[113, 113, 113],
        [113, 113, 113],
        [113, 113, 113],
        ...,
        [103, 103, 103],
        [101, 101, 101],
        [101, 101, 101]],

       [[114, 114, 114],
        [115, 115, 115],
        [116, 116, 116],
        ...,
        [105, 105, 105],
        [104, 104, 104],
        [104, 104, 104]]], dtype=uint8)}
2025-08-04 17:24:23,126 [INFO] Nhận pallet_infos: [('Label77', 0.7), ('', 0.9), ('', 0.9), ('', 0.9), ('', 0.9), ('Other label', 0.9)]
2025-08-04 17:24:23,126 [INFO] Bắt đầu phân tích ảnh...
2025-08-04 17:24:23,948 [DEBUG] Kết quả detectLabel: label_image is None? False, rect_label: ((1133, 401), (2725, 1660)), confidence_detect: 0.9707386493682861
2025-08-04 17:24:24,124 [DEBUG] Kết quả classifiLabel: id=26, class_name=Label34, confidence_classify=0.9998171925544739
2025-08-04 17:24:24,125 [DEBUG] Xử lý nhãn đặc biệt: id=26, class_name=Label34
2025-08-04 17:24:24,376 [DEBUG] ['tesseract', 'C:\\Users\\quang\\AppData\\Local\\Temp\\tess_3_f807mb_input.PNG', 'C:\\Users\\quang\\AppData\\Local\\Temp\\tess_3_f807mb', '--oem', '3', '--psm', '7', '-l', 'eng', 'txt']
2025-08-04 17:24:24,613 [DEBUG] Kết quả nhãn đặc biệt: class_name=Label77, confidence_ocr=0.7272727272727273
2025-08-04 17:24:24,615 [DEBUG] Kết quả _handle_special_labels: class_name=Label77, confidence_ocr=0.7272727272727273
2025-08-04 17:24:24,616 [DEBUG] So sánh label_detected=Label77 với name=Label77, confidence=0.7272727272727273 >= thresh=0.7
2025-08-04 17:24:24,617 [INFO] Đã gán pallet_detected: A
2025-08-04 17:24:24,619 [INFO] Kết quả trả về UI: {'label_detected': 'Label77', 'pallet_detected': 'A', 'confidence': 0.7272727272727273, 'confidence_detect': 0.9707386493682861, 'confidence_classify': 0.9998171925544739, 'confidence_ocr': 0.7272727272727273, 'origin_image': array([[[91, 91, 91],
        [91, 91, 91],
        [94, 94, 94],
        ...,
        [82, 82, 82],
        [81, 81, 81],
        [79, 79, 79]],

       [[89, 89, 89],
        [84, 84, 84],
        [84, 84, 84],
        ...,
        [80, 80, 80],
        [80, 80, 80],
        [86, 86, 86]],

       [[87, 87, 87],
        [84, 84, 84],
        [83, 83, 83],
        ...,
        [80, 80, 80],
        [79, 79, 79],
        [84, 84, 84]],

       ...,

       [[82, 82, 82],
        [80, 80, 80],
        [78, 78, 78],
        ...,
        [81, 81, 81],
        [80, 80, 80],
        [75, 75, 75]],

       [[81, 81, 81],
        [80, 80, 80],
        [79, 79, 79],
        ...,
        [79, 79, 79],
        [78, 78, 78],
        [77, 77, 77]],

       [[83, 83, 83],
        [82, 82, 82],
        [83, 83, 83],
        ...,
        [76, 76, 76],
        [74, 74, 74],
        [78, 78, 78]]], dtype=uint8), 'label_image': array([[[106, 106, 106],
        [115, 115, 115],
        [127, 127, 127],
        ...,
        [124, 124, 124],
        [119, 119, 119],
        [114, 114, 114]],

       [[108, 108, 108],
        [116, 116, 116],
        [126, 126, 126],
        ...,
        [129, 129, 129],
        [121, 121, 121],
        [116, 116, 116]],

       [[108, 108, 108],
        [115, 115, 115],
        [126, 126, 126],
        ...,
        [132, 132, 132],
        [124, 124, 124],
        [118, 118, 118]],

       ...,

       [[115, 115, 115],
        [115, 115, 115],
        [117, 117, 117],
        ...,
        [104, 104, 104],
        [105, 105, 105],
        [104, 104, 104]],

       [[116, 116, 116],
        [116, 116, 116],
        [119, 119, 119],
        ...,
        [107, 107, 107],
        [108, 108, 108],
        [106, 106, 106]],

       [[118, 118, 118],
        [119, 119, 119],
        [121, 121, 121],
        ...,
        [107, 107, 107],
        [108, 108, 108],
        [107, 107, 107]]], dtype=uint8)}
2025-08-04 17:25:05,531 [INFO] Nhận pallet_infos: [('', 0.9), ('', 0.9), ('', 0.9), ('', 0.9), ('', 0.9), ('Other label', 0.9)]
2025-08-04 17:25:05,547 [INFO] Bắt đầu phân tích ảnh...
2025-08-04 17:25:06,470 [DEBUG] Kết quả detectLabel: label_image is None? False, rect_label: ((1134, 401), (2726, 1661)), confidence_detect: 0.9705876111984253
2025-08-04 17:25:06,659 [DEBUG] Kết quả classifiLabel: id=26, class_name=Label34, confidence_classify=0.9998094439506531
2025-08-04 17:25:06,659 [DEBUG] Xử lý nhãn đặc biệt: id=26, class_name=Label34
2025-08-04 17:25:06,852 [DEBUG] ['tesseract', 'C:\\Users\\quang\\AppData\\Local\\Temp\\tess_5n2r8mv0_input.PNG', 'C:\\Users\\quang\\AppData\\Local\\Temp\\tess_5n2r8mv0', '--oem', '3', '--psm', '7', '-l', 'eng', 'txt']
2025-08-04 17:25:07,190 [DEBUG] Kết quả nhãn đặc biệt: class_name=Label77, confidence_ocr=0.7272727272727273
2025-08-04 17:25:07,190 [DEBUG] Kết quả _handle_special_labels: class_name=Label77, confidence_ocr=0.7272727272727273
2025-08-04 17:25:07,192 [INFO] Kết quả trả về UI: {'label_detected': 'Label77', 'pallet_detected': 'F', 'confidence': 0.7272727272727273, 'confidence_detect': 0.9705876111984253, 'confidence_classify': 0.9998094439506531, 'confidence_ocr': 0.7272727272727273, 'origin_image': array([[[88, 88, 88],
        [88, 88, 88],
        [90, 90, 90],
        ...,
        [80, 80, 80],
        [78, 78, 78],
        [81, 81, 81]],

       [[90, 90, 90],
        [87, 87, 87],
        [89, 89, 89],
        ...,
        [80, 80, 80],
        [81, 81, 81],
        [76, 76, 76]],

       [[88, 88, 88],
        [87, 87, 87],
        [89, 89, 89],
        ...,
        [80, 80, 80],
        [80, 80, 80],
        [75, 75, 75]],

       ...,

       [[78, 78, 78],
        [85, 85, 85],
        [82, 82, 82],
        ...,
        [75, 75, 75],
        [76, 76, 76],
        [76, 76, 76]],

       [[78, 78, 78],
        [81, 81, 81],
        [78, 78, 78],
        ...,
        [75, 75, 75],
        [76, 76, 76],
        [75, 75, 75]],

       [[76, 76, 76],
        [84, 84, 84],
        [80, 80, 80],
        ...,
        [78, 78, 78],
        [77, 77, 77],
        [76, 76, 76]]], dtype=uint8), 'label_image': array([[[105, 105, 105],
        [115, 115, 115],
        [123, 123, 123],
        ...,
        [120, 120, 120],
        [117, 117, 117],
        [114, 114, 114]],

       [[107, 107, 107],
        [117, 117, 117],
        [124, 124, 124],
        ...,
        [124, 124, 124],
        [118, 118, 118],
        [114, 114, 114]],

       [[109, 109, 109],
        [118, 118, 118],
        [125, 125, 125],
        ...,
        [130, 130, 130],
        [119, 119, 119],
        [114, 114, 114]],

       ...,

       [[115, 115, 115],
        [112, 112, 112],
        [112, 112, 112],
        ...,
        [105, 105, 105],
        [104, 104, 104],
        [104, 104, 104]],

       [[116, 116, 116],
        [115, 115, 115],
        [113, 113, 113],
        ...,
        [104, 104, 104],
        [105, 105, 105],
        [105, 105, 105]],

       [[118, 118, 118],
        [117, 117, 117],
        [115, 115, 115],
        ...,
        [105, 105, 105],
        [106, 106, 106],
        [107, 107, 107]]], dtype=uint8)}
2025-08-04 17:25:11,374 [INFO] Nhận pallet_infos: [('', 0.9), ('', 0.9), ('', 0.9), ('', 0.9), ('', 0.9), ('Label77', 0.9)]
2025-08-04 17:25:11,374 [INFO] Bắt đầu phân tích ảnh...
2025-08-04 17:25:12,242 [DEBUG] Kết quả detectLabel: label_image is None? False, rect_label: ((1133, 401), (2725, 1660)), confidence_detect: 0.9710214734077454
2025-08-04 17:25:12,410 [DEBUG] Kết quả classifiLabel: id=26, class_name=Label34, confidence_classify=0.9998173117637634
2025-08-04 17:25:12,410 [DEBUG] Xử lý nhãn đặc biệt: id=26, class_name=Label34
2025-08-04 17:25:12,591 [DEBUG] ['tesseract', 'C:\\Users\\quang\\AppData\\Local\\Temp\\tess_88u1ppkd_input.PNG', 'C:\\Users\\quang\\AppData\\Local\\Temp\\tess_88u1ppkd', '--oem', '3', '--psm', '7', '-l', 'eng', 'txt']
2025-08-04 17:25:12,806 [DEBUG] Kết quả nhãn đặc biệt: class_name=Label77, confidence_ocr=0.7272727272727273
2025-08-04 17:25:12,807 [DEBUG] Kết quả _handle_special_labels: class_name=Label77, confidence_ocr=0.7272727272727273
2025-08-04 17:25:12,808 [INFO] Kết quả trả về UI: {'label_detected': 'Label77', 'pallet_detected': 'F', 'confidence': 0.7272727272727273, 'confidence_detect': 0.9710214734077454, 'confidence_classify': 0.9998173117637634, 'confidence_ocr': 0.7272727272727273, 'origin_image': array([[[86, 86, 86],
        [89, 89, 89],
        [89, 89, 89],
        ...,
        [79, 79, 79],
        [77, 77, 77],
        [76, 76, 76]],

       [[89, 89, 89],
        [90, 90, 90],
        [89, 89, 89],
        ...,
        [83, 83, 83],
        [82, 82, 82],
        [85, 85, 85]],

       [[89, 89, 89],
        [89, 89, 89],
        [89, 89, 89],
        ...,
        [81, 81, 81],
        [81, 81, 81],
        [86, 86, 86]],

       ...,

       [[82, 82, 82],
        [79, 79, 79],
        [79, 79, 79],
        ...,
        [77, 77, 77],
        [76, 76, 76],
        [76, 76, 76]],

       [[81, 81, 81],
        [78, 78, 78],
        [78, 78, 78],
        ...,
        [78, 78, 78],
        [77, 77, 77],
        [74, 74, 74]],

       [[83, 83, 83],
        [82, 82, 82],
        [82, 82, 82],
        ...,
        [74, 74, 74],
        [72, 72, 72],
        [75, 75, 75]]], dtype=uint8), 'label_image': array([[[114, 114, 114],
        [125, 125, 125],
        [138, 138, 138],
        ...,
        [124, 124, 124],
        [120, 120, 120],
        [115, 115, 115]],

       [[111, 111, 111],
        [123, 123, 123],
        [136, 136, 136],
        ...,
        [126, 126, 126],
        [119, 119, 119],
        [113, 113, 113]],

       [[111, 111, 111],
        [121, 121, 121],
        [135, 135, 135],
        ...,
        [129, 129, 129],
        [122, 122, 122],
        [115, 115, 115]],

       ...,

       [[117, 117, 117],
        [117, 117, 117],
        [114, 114, 114],
        ...,
        [106, 106, 106],
        [105, 105, 105],
        [104, 104, 104]],

       [[117, 117, 117],
        [117, 117, 117],
        [114, 114, 114],
        ...,
        [106, 106, 106],
        [106, 106, 106],
        [105, 105, 105]],

       [[117, 117, 117],
        [117, 117, 117],
        [115, 115, 115],
        ...,
        [106, 106, 106],
        [106, 106, 106],
        [106, 106, 106]]], dtype=uint8)}
2025-08-04 17:25:44,121 [INFO] Nhận pallet_infos: [('', 0.7), ('', 0.9), ('', 0.9), ('', 0.9), ('', 0.9), ('Label77', 0.9)]
2025-08-04 17:25:44,122 [INFO] Bắt đầu phân tích ảnh...
2025-08-04 17:25:44,918 [DEBUG] Kết quả detectLabel: label_image is None? False, rect_label: ((1133, 401), (2725, 1659)), confidence_detect: 0.9706931710243225
2025-08-04 17:25:45,043 [DEBUG] Kết quả classifiLabel: id=26, class_name=Label34, confidence_classify=0.999826967716217
2025-08-04 17:25:45,043 [DEBUG] Xử lý nhãn đặc biệt: id=26, class_name=Label34
2025-08-04 17:25:45,196 [DEBUG] ['tesseract', 'C:\\Users\\quang\\AppData\\Local\\Temp\\tess_0_nnj6b6_input.PNG', 'C:\\Users\\quang\\AppData\\Local\\Temp\\tess_0_nnj6b6', '--oem', '3', '--psm', '7', '-l', 'eng', 'txt']
2025-08-04 17:25:45,387 [DEBUG] Kết quả nhãn đặc biệt: class_name=Label77, confidence_ocr=0.7272727272727273
2025-08-04 17:25:45,388 [DEBUG] Kết quả _handle_special_labels: class_name=Label77, confidence_ocr=0.7272727272727273
2025-08-04 17:25:45,389 [INFO] Đã gán pallet_detected: A
2025-08-04 17:25:45,390 [INFO] Kết quả trả về UI: {'label_detected': 'Label77', 'pallet_detected': 'A', 'confidence': 0.7272727272727273, 'confidence_detect': 0.9706931710243225, 'confidence_classify': 0.999826967716217, 'confidence_ocr': 0.7272727272727273, 'origin_image': array([[[90, 90, 90],
        [87, 87, 87],
        [88, 88, 88],
        ...,
        [79, 79, 79],
        [78, 78, 78],
        [78, 78, 78]],

       [[93, 93, 93],
        [87, 87, 87],
        [89, 89, 89],
        ...,
        [75, 75, 75],
        [79, 79, 79],
        [80, 80, 80]],

       [[91, 91, 91],
        [88, 88, 88],
        [89, 89, 89],
        ...,
        [76, 76, 76],
        [77, 77, 77],
        [80, 80, 80]],

       ...,

       [[81, 81, 81],
        [84, 84, 84],
        [83, 83, 83],
        ...,
        [83, 83, 83],
        [83, 83, 83],
        [80, 80, 80]],

       [[80, 80, 80],
        [81, 81, 81],
        [82, 82, 82],
        ...,
        [82, 82, 82],
        [80, 80, 80],
        [81, 81, 81]],

       [[84, 84, 84],
        [81, 81, 81],
        [81, 81, 81],
        ...,
        [73, 73, 73],
        [73, 73, 73],
        [79, 79, 79]]], dtype=uint8), 'label_image': array([[[108, 108, 108],
        [113, 113, 113],
        [126, 126, 126],
        ...,
        [126, 126, 126],
        [125, 125, 125],
        [113, 113, 113]],

       [[110, 110, 110],
        [114, 114, 114],
        [122, 122, 122],
        ...,
        [127, 127, 127],
        [122, 122, 122],
        [112, 112, 112]],

       [[109, 109, 109],
        [113, 113, 113],
        [121, 121, 121],
        ...,
        [130, 130, 130],
        [122, 122, 122],
        [114, 114, 114]],

       ...,

       [[111, 111, 111],
        [110, 110, 110],
        [110, 110, 110],
        ...,
        [104, 104, 104],
        [100, 100, 100],
        [100, 100, 100]],

       [[115, 115, 115],
        [113, 113, 113],
        [112, 112, 112],
        ...,
        [104, 104, 104],
        [101, 101, 101],
        [101, 101, 101]],

       [[116, 116, 116],
        [115, 115, 115],
        [118, 118, 118],
        ...,
        [109, 109, 109],
        [106, 106, 106],
        [105, 105, 105]]], dtype=uint8)}
2025-08-04 17:25:48,785 [INFO] Nhận pallet_infos: [('Label77', 0.7), ('', 0.9), ('', 0.9), ('', 0.9), ('', 0.9), ('Other label', 0.9)]
2025-08-04 17:25:48,785 [INFO] Bắt đầu phân tích ảnh...
2025-08-04 17:25:49,545 [DEBUG] Kết quả detectLabel: label_image is None? False, rect_label: ((1133, 402), (2725, 1659)), confidence_detect: 0.9708741307258606
2025-08-04 17:25:49,664 [DEBUG] Kết quả classifiLabel: id=26, class_name=Label34, confidence_classify=0.9998063445091248
2025-08-04 17:25:49,664 [DEBUG] Xử lý nhãn đặc biệt: id=26, class_name=Label34
2025-08-04 17:25:49,806 [DEBUG] ['tesseract', 'C:\\Users\\quang\\AppData\\Local\\Temp\\tess_jeypssx__input.PNG', 'C:\\Users\\quang\\AppData\\Local\\Temp\\tess_jeypssx_', '--oem', '3', '--psm', '7', '-l', 'eng', 'txt']
2025-08-04 17:25:50,000 [DEBUG] Kết quả nhãn đặc biệt: class_name=Label77, confidence_ocr=0.7272727272727273
2025-08-04 17:25:50,000 [DEBUG] Kết quả _handle_special_labels: class_name=Label77, confidence_ocr=0.7272727272727273
2025-08-04 17:25:50,001 [DEBUG] So sánh label_detected=Label77 với name=Label77, confidence=0.7272727272727273 >= thresh=0.7
2025-08-04 17:25:50,001 [INFO] Đã gán pallet_detected: A
2025-08-04 17:25:50,002 [INFO] Kết quả trả về UI: {'label_detected': 'Label77', 'pallet_detected': 'A', 'confidence': 0.7272727272727273, 'confidence_detect': 0.9708741307258606, 'confidence_classify': 0.9998063445091248, 'confidence_ocr': 0.7272727272727273, 'origin_image': array([[[86, 86, 86],
        [87, 87, 87],
        [85, 85, 85],
        ...,
        [79, 79, 79],
        [80, 80, 80],
        [77, 77, 77]],

       [[89, 89, 89],
        [87, 87, 87],
        [87, 87, 87],
        ...,
        [82, 82, 82],
        [81, 81, 81],
        [84, 84, 84]],

       [[90, 90, 90],
        [86, 86, 86],
        [88, 88, 88],
        ...,
        [82, 82, 82],
        [80, 80, 80],
        [84, 84, 84]],

       ...,

       [[79, 79, 79],
        [84, 84, 84],
        [82, 82, 82],
        ...,
        [81, 81, 81],
        [79, 79, 79],
        [78, 78, 78]],

       [[77, 77, 77],
        [80, 80, 80],
        [78, 78, 78],
        ...,
        [76, 76, 76],
        [65, 65, 65],
        [74, 74, 74]],

       [[86, 86, 86],
        [83, 83, 83],
        [81, 81, 81],
        ...,
        [77, 77, 77],
        [71, 71, 71],
        [77, 77, 77]]], dtype=uint8), 'label_image': array([[[104, 104, 104],
        [120, 120, 120],
        [131, 131, 131],
        ...,
        [122, 122, 122],
        [118, 118, 118],
        [112, 112, 112]],

       [[105, 105, 105],
        [120, 120, 120],
        [131, 131, 131],
        ...,
        [124, 124, 124],
        [118, 118, 118],
        [112, 112, 112]],

       [[107, 107, 107],
        [119, 119, 119],
        [131, 131, 131],
        ...,
        [129, 129, 129],
        [119, 119, 119],
        [112, 112, 112]],

       ...,

       [[112, 112, 112],
        [112, 112, 112],
        [113, 113, 113],
        ...,
        [101, 101, 101],
        [102, 102, 102],
        [101, 101, 101]],

       [[114, 114, 114],
        [116, 116, 116],
        [117, 117, 117],
        ...,
        [102, 102, 102],
        [102, 102, 102],
        [103, 103, 103]],

       [[118, 118, 118],
        [119, 119, 119],
        [120, 120, 120],
        ...,
        [105, 105, 105],
        [106, 106, 106],
        [105, 105, 105]]], dtype=uint8)}
2025-08-04 17:27:04,959 [INFO] Nhận pallet_infos: [('', 0.9), ('', 0.9), ('', 0.9), ('', 0.9), ('', 0.9), ('Other label', 0.9)]
2025-08-04 17:27:04,959 [INFO] Bắt đầu phân tích ảnh...
2025-08-04 17:27:05,783 [DEBUG] Kết quả detectLabel: label_image is None? False, rect_label: ((1134, 401), (2725, 1659)), confidence_detect: 0.9704661965370178
2025-08-04 17:27:05,919 [DEBUG] Kết quả classifiLabel: id=26, class_name=Label34, confidence_classify=0.9997997879981995
2025-08-04 17:27:05,919 [DEBUG] Xử lý nhãn đặc biệt: id=26, class_name=Label34
2025-08-04 17:27:06,084 [DEBUG] ['tesseract', 'C:\\Users\\quang\\AppData\\Local\\Temp\\tess_ufymhsvw_input.PNG', 'C:\\Users\\quang\\AppData\\Local\\Temp\\tess_ufymhsvw', '--oem', '3', '--psm', '7', '-l', 'eng', 'txt']
2025-08-04 17:27:06,288 [DEBUG] Kết quả nhãn đặc biệt: class_name=Label77, confidence_ocr=0.7272727272727273
2025-08-04 17:27:06,288 [DEBUG] Kết quả _handle_special_labels: class_name=Label77, confidence_ocr=0.7272727272727273
2025-08-04 17:27:06,289 [INFO] Kết quả trả về UI: {'label_detected': 'Label77', 'pallet_detected': 'F', 'confidence': 0.7272727272727273, 'confidence_detect': 0.9704661965370178, 'confidence_classify': 0.9997997879981995, 'confidence_ocr': 0.7272727272727273, 'origin_image': array([[[87, 87, 87],
        [92, 92, 92],
        [92, 92, 92],
        ...,
        [81, 81, 81],
        [78, 78, 78],
        [75, 75, 75]],

       [[87, 87, 87],
        [89, 89, 89],
        [89, 89, 89],
        ...,
        [82, 82, 82],
        [78, 78, 78],
        [76, 76, 76]],

       [[85, 85, 85],
        [89, 89, 89],
        [89, 89, 89],
        ...,
        [81, 81, 81],
        [79, 79, 79],
        [77, 77, 77]],

       ...,

       [[83, 83, 83],
        [87, 87, 87],
        [88, 88, 88],
        ...,
        [76, 76, 76],
        [74, 74, 74],
        [81, 81, 81]],

       [[83, 83, 83],
        [84, 84, 84],
        [88, 88, 88],
        ...,
        [76, 76, 76],
        [76, 76, 76],
        [80, 80, 80]],

       [[84, 84, 84],
        [85, 85, 85],
        [84, 84, 84],
        ...,
        [77, 77, 77],
        [76, 76, 76],
        [81, 81, 81]]], dtype=uint8), 'label_image': array([[[105, 105, 105],
        [110, 110, 110],
        [120, 120, 120],
        ...,
        [127, 127, 127],
        [122, 122, 122],
        [118, 118, 118]],

       [[105, 105, 105],
        [110, 110, 110],
        [120, 120, 120],
        ...,
        [128, 128, 128],
        [121, 121, 121],
        [116, 116, 116]],

       [[106, 106, 106],
        [111, 111, 111],
        [121, 121, 121],
        ...,
        [131, 131, 131],
        [122, 122, 122],
        [115, 115, 115]],

       ...,

       [[117, 117, 117],
        [116, 116, 116],
        [114, 114, 114],
        ...,
        [104, 104, 104],
        [104, 104, 104],
        [102, 102, 102]],

       [[119, 119, 119],
        [119, 119, 119],
        [117, 117, 117],
        ...,
        [103, 103, 103],
        [105, 105, 105],
        [105, 105, 105]],

       [[120, 120, 120],
        [121, 121, 121],
        [119, 119, 119],
        ...,
        [103, 103, 103],
        [105, 105, 105],
        [106, 106, 106]]], dtype=uint8)}
2025-08-04 17:27:21,131 [INFO] Nhận pallet_infos: [('', 0.9), ('', 0.9), ('', 0.9), ('', 0.9), ('', 0.9), ('Label77', 0.9)]
2025-08-04 17:27:21,131 [INFO] Bắt đầu phân tích ảnh...
2025-08-04 17:27:21,917 [DEBUG] Kết quả detectLabel: label_image is None? False, rect_label: ((1134, 402), (2725, 1659)), confidence_detect: 0.9705480337142944
2025-08-04 17:27:22,043 [DEBUG] Kết quả classifiLabel: id=26, class_name=Label34, confidence_classify=0.9998468160629272
2025-08-04 17:27:22,043 [DEBUG] Xử lý nhãn đặc biệt: id=26, class_name=Label34
2025-08-04 17:27:22,198 [DEBUG] ['tesseract', 'C:\\Users\\quang\\AppData\\Local\\Temp\\tess_k_ahimmw_input.PNG', 'C:\\Users\\quang\\AppData\\Local\\Temp\\tess_k_ahimmw', '--oem', '3', '--psm', '7', '-l', 'eng', 'txt']
2025-08-04 17:27:22,394 [DEBUG] Kết quả nhãn đặc biệt: class_name=Label77, confidence_ocr=0.7272727272727273
2025-08-04 17:27:22,394 [DEBUG] Kết quả _handle_special_labels: class_name=Label77, confidence_ocr=0.7272727272727273
2025-08-04 17:27:22,396 [INFO] Kết quả trả về UI: {'label_detected': 'Label77', 'pallet_detected': 'F', 'confidence': 0.7272727272727273, 'confidence_detect': 0.9705480337142944, 'confidence_classify': 0.9998468160629272, 'confidence_ocr': 0.7272727272727273, 'origin_image': array([[[84, 84, 84],
        [88, 88, 88],
        [87, 87, 87],
        ...,
        [85, 85, 85],
        [83, 83, 83],
        [78, 78, 78]],

       [[92, 92, 92],
        [85, 85, 85],
        [85, 85, 85],
        ...,
        [78, 78, 78],
        [78, 78, 78],
        [80, 80, 80]],

       [[91, 91, 91],
        [84, 84, 84],
        [84, 84, 84],
        ...,
        [78, 78, 78],
        [78, 78, 78],
        [80, 80, 80]],

       ...,

       [[81, 81, 81],
        [83, 83, 83],
        [83, 83, 83],
        ...,
        [76, 76, 76],
        [76, 76, 76],
        [80, 80, 80]],

       [[79, 79, 79],
        [83, 83, 83],
        [84, 84, 84],
        ...,
        [77, 77, 77],
        [78, 78, 78],
        [82, 82, 82]],

       [[83, 83, 83],
        [85, 85, 85],
        [86, 86, 86],
        ...,
        [82, 82, 82],
        [81, 81, 81],
        [78, 78, 78]]], dtype=uint8), 'label_image': array([[[108, 108, 108],
        [114, 114, 114],
        [125, 125, 125],
        ...,
        [127, 127, 127],
        [120, 120, 120],
        [114, 114, 114]],

       [[109, 109, 109],
        [117, 117, 117],
        [126, 126, 126],
        ...,
        [132, 132, 132],
        [124, 124, 124],
        [117, 117, 117]],

       [[111, 111, 111],
        [118, 118, 118],
        [127, 127, 127],
        ...,
        [134, 134, 134],
        [124, 124, 124],
        [116, 116, 116]],

       ...,

       [[118, 118, 118],
        [115, 115, 115],
        [113, 113, 113],
        ...,
        [101, 101, 101],
        [105, 105, 105],
        [108, 108, 108]],

       [[118, 118, 118],
        [116, 116, 116],
        [114, 114, 114],
        ...,
        [103, 103, 103],
        [107, 107, 107],
        [110, 110, 110]],

       [[118, 118, 118],
        [119, 119, 119],
        [120, 120, 120],
        ...,
        [107, 107, 107],
        [105, 105, 105],
        [104, 104, 104]]], dtype=uint8)}
2025-08-04 17:27:51,340 [INFO] Nhận pallet_infos: [('', 0.7), ('', 0.9), ('', 0.9), ('', 0.9), ('', 0.9), ('Label77', 0.9)]
2025-08-04 17:27:51,341 [INFO] Bắt đầu phân tích ảnh...
2025-08-04 17:27:52,163 [DEBUG] Kết quả detectLabel: label_image is None? False, rect_label: ((1133, 401), (2725, 1660)), confidence_detect: 0.9708179831504822
2025-08-04 17:27:52,287 [DEBUG] Kết quả classifiLabel: id=26, class_name=Label34, confidence_classify=0.9998360872268677
2025-08-04 17:27:52,287 [DEBUG] Xử lý nhãn đặc biệt: id=26, class_name=Label34
2025-08-04 17:27:52,431 [DEBUG] ['tesseract', 'C:\\Users\\quang\\AppData\\Local\\Temp\\tess_a4uq6qox_input.PNG', 'C:\\Users\\quang\\AppData\\Local\\Temp\\tess_a4uq6qox', '--oem', '3', '--psm', '7', '-l', 'eng', 'txt']
2025-08-04 17:27:52,617 [DEBUG] Kết quả nhãn đặc biệt: class_name=Label77, confidence_ocr=0.7272727272727273
2025-08-04 17:27:52,618 [DEBUG] Kết quả _handle_special_labels: class_name=Label77, confidence_ocr=0.7272727272727273
2025-08-04 17:27:52,618 [INFO] Đã gán pallet_detected: A
2025-08-04 17:27:52,620 [INFO] Kết quả trả về UI: {'label_detected': 'Label77', 'pallet_detected': 'A', 'confidence': 0.7272727272727273, 'confidence_detect': 0.9708179831504822, 'confidence_classify': 0.9998360872268677, 'confidence_ocr': 0.7272727272727273, 'origin_image': array([[[85, 85, 85],
        [85, 85, 85],
        [83, 83, 83],
        ...,
        [77, 77, 77],
        [77, 77, 77],
        [76, 76, 76]],

       [[87, 87, 87],
        [86, 86, 86],
        [85, 85, 85],
        ...,
        [84, 84, 84],
        [84, 84, 84],
        [85, 85, 85]],

       [[88, 88, 88],
        [87, 87, 87],
        [86, 86, 86],
        ...,
        [84, 84, 84],
        [84, 84, 84],
        [87, 87, 87]],

       ...,

       [[87, 87, 87],
        [82, 82, 82],
        [83, 83, 83],
        ...,
        [77, 77, 77],
        [78, 78, 78],
        [81, 81, 81]],

       [[89, 89, 89],
        [81, 81, 81],
        [83, 83, 83],
        ...,
        [76, 76, 76],
        [77, 77, 77],
        [80, 80, 80]],

       [[85, 85, 85],
        [81, 81, 81],
        [82, 82, 82],
        ...,
        [77, 77, 77],
        [79, 79, 79],
        [76, 76, 76]]], dtype=uint8), 'label_image': array([[[109, 109, 109],
        [115, 115, 115],
        [126, 126, 126],
        ...,
        [127, 127, 127],
        [121, 121, 121],
        [116, 116, 116]],

       [[109, 109, 109],
        [115, 115, 115],
        [125, 125, 125],
        ...,
        [127, 127, 127],
        [121, 121, 121],
        [116, 116, 116]],

       [[109, 109, 109],
        [115, 115, 115],
        [125, 125, 125],
        ...,
        [130, 130, 130],
        [123, 123, 123],
        [118, 118, 118]],

       ...,

       [[116, 116, 116],
        [115, 115, 115],
        [112, 112, 112],
        ...,
        [106, 106, 106],
        [103, 103, 103],
        [101, 101, 101]],

       [[119, 119, 119],
        [119, 119, 119],
        [117, 117, 117],
        ...,
        [106, 106, 106],
        [105, 105, 105],
        [105, 105, 105]],

       [[121, 121, 121],
        [120, 120, 120],
        [119, 119, 119],
        ...,
        [106, 106, 106],
        [107, 107, 107],
        [107, 107, 107]]], dtype=uint8)}
2025-08-04 17:31:20,498 [INFO] Nhận pallet_infos: [('', 0.9), ('', 0.9), ('', 0.9), ('', 0.9), ('', 0.9), ('Other label', 0.9)]
2025-08-04 17:31:20,499 [INFO] Bắt đầu phân tích ảnh...
2025-08-04 17:31:21,358 [DEBUG] Kết quả detectLabel: label_image is None? False, rect_label: ((1134, 402), (2725, 1660)), confidence_detect: 0.9707868695259094
2025-08-04 17:31:21,489 [DEBUG] Kết quả classifiLabel: id=26, class_name=Label34, confidence_classify=0.9998273849487305
2025-08-04 17:31:21,490 [DEBUG] Xử lý nhãn đặc biệt: id=26, class_name=Label34
2025-08-04 17:31:21,638 [DEBUG] ['tesseract', 'C:\\Users\\quang\\AppData\\Local\\Temp\\tess_70npb6ek_input.PNG', 'C:\\Users\\quang\\AppData\\Local\\Temp\\tess_70npb6ek', '--oem', '3', '--psm', '7', '-l', 'eng', 'txt']
2025-08-04 17:31:21,857 [DEBUG] Kết quả nhãn đặc biệt: class_name=Label77, confidence_ocr=0.7272727272727273
2025-08-04 17:31:21,859 [DEBUG] Kết quả _handle_special_labels: class_name=Label77, confidence_ocr=0.7272727272727273
2025-08-04 17:31:21,860 [INFO] Kết quả trả về UI: {'label_detected': 'Label77', 'pallet_detected': 'F', 'confidence': 0.7272727272727273, 'confidence_detect': 0.9707868695259094, 'confidence_classify': 0.9998273849487305, 'confidence_ocr': 0.7272727272727273, 'origin_image': array([[[91, 91, 91],
        [89, 89, 89],
        [89, 89, 89],
        ...,
        [76, 76, 76],
        [77, 77, 77],
        [78, 78, 78]],

       [[84, 84, 84],
        [87, 87, 87],
        [89, 89, 89],
        ...,
        [72, 72, 72],
        [72, 72, 72],
        [83, 83, 83]],

       [[83, 83, 83],
        [88, 88, 88],
        [88, 88, 88],
        ...,
        [69, 69, 69],
        [69, 69, 69],
        [82, 82, 82]],

       ...,

       [[81, 81, 81],
        [83, 83, 83],
        [83, 83, 83],
        ...,
        [76, 76, 76],
        [76, 76, 76],
        [79, 79, 79]],

       [[80, 80, 80],
        [81, 81, 81],
        [83, 83, 83],
        ...,
        [75, 75, 75],
        [74, 74, 74],
        [77, 77, 77]],

       [[88, 88, 88],
        [83, 83, 83],
        [83, 83, 83],
        ...,
        [78, 78, 78],
        [76, 76, 76],
        [79, 79, 79]]], dtype=uint8), 'label_image': array([[[118, 118, 118],
        [118, 118, 118],
        [120, 120, 120],
        ...,
        [128, 128, 128],
        [125, 125, 125],
        [121, 121, 121]],

       [[118, 118, 118],
        [120, 120, 120],
        [122, 122, 122],
        ...,
        [129, 129, 129],
        [125, 125, 125],
        [122, 122, 122]],

       [[117, 117, 117],
        [119, 119, 119],
        [122, 122, 122],
        ...,
        [135, 135, 135],
        [127, 127, 127],
        [120, 120, 120]],

       ...,

       [[121, 121, 121],
        [120, 120, 120],
        [118, 118, 118],
        ...,
        [104, 104, 104],
        [104, 104, 104],
        [105, 105, 105]],

       [[121, 121, 121],
        [121, 121, 121],
        [119, 119, 119],
        ...,
        [106, 106, 106],
        [104, 104, 104],
        [104, 104, 104]],

       [[120, 120, 120],
        [119, 119, 119],
        [118, 118, 118],
        ...,
        [108, 108, 108],
        [108, 108, 108],
        [108, 108, 108]]], dtype=uint8)}
2025-08-04 17:31:43,343 [INFO] Nhận pallet_infos: [('', 0.9), ('', 0.9), ('', 0.9), ('', 0.9), ('', 0.9), ('Other label', 0.9)]
2025-08-04 17:31:43,350 [INFO] Bắt đầu phân tích ảnh...
2025-08-04 17:31:44,228 [DEBUG] Kết quả detectLabel: label_image is None? False, rect_label: ((1134, 401), (2724, 1659)), confidence_detect: 0.970465898513794
2025-08-04 17:31:44,382 [DEBUG] Kết quả classifiLabel: id=26, class_name=Label34, confidence_classify=0.99980229139328
2025-08-04 17:31:44,382 [DEBUG] Xử lý nhãn đặc biệt: id=26, class_name=Label34
2025-08-04 17:31:44,566 [DEBUG] ['tesseract', 'C:\\Users\\quang\\AppData\\Local\\Temp\\tess_5nt8_x3m_input.PNG', 'C:\\Users\\quang\\AppData\\Local\\Temp\\tess_5nt8_x3m', '--oem', '3', '--psm', '7', '-l', 'eng', 'txt']
2025-08-04 17:31:44,785 [DEBUG] Kết quả nhãn đặc biệt: class_name=Label77, confidence_ocr=0.7272727272727273
2025-08-04 17:31:44,786 [DEBUG] Kết quả _handle_special_labels: class_name=Label77, confidence_ocr=0.7272727272727273
2025-08-04 17:31:44,787 [INFO] Kết quả trả về UI: {'label_detected': 'Label77', 'pallet_detected': 'F', 'confidence': 0.7272727272727273, 'confidence_detect': 0.970465898513794, 'confidence_classify': 0.99980229139328, 'confidence_ocr': 0.7272727272727273, 'origin_image': array([[[86, 86, 86],
        [91, 91, 91],
        [90, 90, 90],
        ...,
        [73, 73, 73],
        [72, 72, 72],
        [76, 76, 76]],

       [[90, 90, 90],
        [89, 89, 89],
        [87, 87, 87],
        ...,
        [79, 79, 79],
        [80, 80, 80],
        [77, 77, 77]],

       [[89, 89, 89],
        [87, 87, 87],
        [87, 87, 87],
        ...,
        [81, 81, 81],
        [80, 80, 80],
        [77, 77, 77]],

       ...,

       [[83, 83, 83],
        [86, 86, 86],
        [85, 85, 85],
        ...,
        [70, 70, 70],
        [71, 71, 71],
        [83, 83, 83]],

       [[82, 82, 82],
        [87, 87, 87],
        [85, 85, 85],
        ...,
        [69, 69, 69],
        [70, 70, 70],
        [81, 81, 81]],

       [[78, 78, 78],
        [86, 86, 86],
        [83, 83, 83],
        ...,
        [76, 76, 76],
        [77, 77, 77],
        [75, 75, 75]]], dtype=uint8), 'label_image': array([[[122, 122, 122],
        [124, 124, 124],
        [125, 125, 125],
        ...,
        [125, 125, 125],
        [120, 120, 120],
        [115, 115, 115]],

       [[121, 121, 121],
        [123, 123, 123],
        [124, 124, 124],
        ...,
        [127, 127, 127],
        [119, 119, 119],
        [115, 115, 115]],

       [[119, 119, 119],
        [120, 120, 120],
        [123, 123, 123],
        ...,
        [135, 135, 135],
        [127, 127, 127],
        [120, 120, 120]],

       ...,

       [[120, 120, 120],
        [121, 121, 121],
        [119, 119, 119],
        ...,
        [104, 104, 104],
        [104, 104, 104],
        [104, 104, 104]],

       [[123, 123, 123],
        [125, 125, 125],
        [125, 125, 125],
        ...,
        [106, 106, 106],
        [105, 105, 105],
        [105, 105, 105]],

       [[122, 122, 122],
        [123, 123, 123],
        [125, 125, 125],
        ...,
        [109, 109, 109],
        [109, 109, 109],
        [110, 110, 110]]], dtype=uint8)}
2025-08-04 17:31:56,333 [INFO] Nhận pallet_infos: [('', 0.7), ('', 0.9), ('', 0.9), ('', 0.9), ('', 0.9), ('Label77', 0.9)]
2025-08-04 17:31:56,333 [INFO] Bắt đầu phân tích ảnh...
2025-08-04 17:31:57,183 [DEBUG] Kết quả detectLabel: label_image is None? False, rect_label: ((1134, 401), (2725, 1660)), confidence_detect: 0.9707321524620056
2025-08-04 17:31:57,307 [DEBUG] Kết quả classifiLabel: id=26, class_name=Label34, confidence_classify=0.9998194575309753
2025-08-04 17:31:57,307 [DEBUG] Xử lý nhãn đặc biệt: id=26, class_name=Label34
2025-08-04 17:31:57,451 [DEBUG] ['tesseract', 'C:\\Users\\quang\\AppData\\Local\\Temp\\tess_c1gtqm7q_input.PNG', 'C:\\Users\\quang\\AppData\\Local\\Temp\\tess_c1gtqm7q', '--oem', '3', '--psm', '7', '-l', 'eng', 'txt']
2025-08-04 17:31:57,639 [DEBUG] Kết quả nhãn đặc biệt: class_name=Label77, confidence_ocr=0.7272727272727273
2025-08-04 17:31:57,640 [DEBUG] Kết quả _handle_special_labels: class_name=Label77, confidence_ocr=0.7272727272727273
2025-08-04 17:31:57,641 [INFO] Đã gán pallet_detected: A
2025-08-04 17:31:57,642 [INFO] Kết quả trả về UI: {'label_detected': 'Label77', 'pallet_detected': 'A', 'confidence': 0.7272727272727273, 'confidence_detect': 0.9707321524620056, 'confidence_classify': 0.9998194575309753, 'confidence_ocr': 0.7272727272727273, 'origin_image': array([[[88, 88, 88],
        [86, 86, 86],
        [88, 88, 88],
        ...,
        [84, 84, 84],
        [86, 86, 86],
        [80, 80, 80]],

       [[83, 83, 83],
        [89, 89, 89],
        [89, 89, 89],
        ...,
        [76, 76, 76],
        [77, 77, 77],
        [87, 87, 87]],

       [[80, 80, 80],
        [86, 86, 86],
        [86, 86, 86],
        ...,
        [76, 76, 76],
        [76, 76, 76],
        [86, 86, 86]],

       ...,

       [[77, 77, 77],
        [81, 81, 81],
        [81, 81, 81],
        ...,
        [83, 83, 83],
        [81, 81, 81],
        [80, 80, 80]],

       [[75, 75, 75],
        [81, 81, 81],
        [80, 80, 80],
        ...,
        [80, 80, 80],
        [79, 79, 79],
        [80, 80, 80]],

       [[80, 80, 80],
        [79, 79, 79],
        [80, 80, 80],
        ...,
        [75, 75, 75],
        [73, 73, 73],
        [78, 78, 78]]], dtype=uint8), 'label_image': array([[[120, 120, 120],
        [121, 121, 121],
        [122, 122, 122],
        ...,
        [124, 124, 124],
        [120, 120, 120],
        [117, 117, 117]],

       [[119, 119, 119],
        [121, 121, 121],
        [121, 121, 121],
        ...,
        [127, 127, 127],
        [123, 123, 123],
        [117, 117, 117]],

       [[118, 118, 118],
        [120, 120, 120],
        [121, 121, 121],
        ...,
        [133, 133, 133],
        [126, 126, 126],
        [119, 119, 119]],

       ...,

       [[122, 122, 122],
        [120, 120, 120],
        [117, 117, 117],
        ...,
        [111, 111, 111],
        [106, 106, 106],
        [102, 102, 102]],

       [[122, 122, 122],
        [123, 123, 123],
        [120, 120, 120],
        ...,
        [109, 109, 109],
        [106, 106, 106],
        [102, 102, 102]],

       [[122, 122, 122],
        [123, 123, 123],
        [120, 120, 120],
        ...,
        [106, 106, 106],
        [107, 107, 107],
        [106, 106, 106]]], dtype=uint8)}
2025-08-04 17:32:50,544 [INFO] Nhận pallet_infos: [('Label77', 0.9), ('', 0.9), ('', 0.9), ('', 0.9), ('', 0.9), ('Label77', 0.9)]
2025-08-04 17:32:50,544 [INFO] Bắt đầu phân tích ảnh...
2025-08-04 17:32:51,296 [DEBUG] Kết quả detectLabel: label_image is None? False, rect_label: ((1134, 401), (2724, 1659)), confidence_detect: 0.9708065986633301
2025-08-04 17:32:51,427 [DEBUG] Kết quả classifiLabel: id=26, class_name=Label34, confidence_classify=0.9998086094856262
2025-08-04 17:32:51,427 [DEBUG] Xử lý nhãn đặc biệt: id=26, class_name=Label34
2025-08-04 17:32:51,578 [DEBUG] ['tesseract', 'C:\\Users\\quang\\AppData\\Local\\Temp\\tess_wz__5_i8_input.PNG', 'C:\\Users\\quang\\AppData\\Local\\Temp\\tess_wz__5_i8', '--oem', '3', '--psm', '7', '-l', 'eng', 'txt']
2025-08-04 17:32:51,762 [DEBUG] Kết quả nhãn đặc biệt: class_name=Label77, confidence_ocr=0.7272727272727273
2025-08-04 17:32:51,763 [DEBUG] Kết quả _handle_special_labels: class_name=Label77, confidence_ocr=0.7272727272727273
2025-08-04 17:32:51,764 [DEBUG] So sánh label_detected=Label77 với name=Label77, confidence=0.7272727272727273 >= thresh=0.9
2025-08-04 17:32:51,764 [DEBUG] So sánh label_detected=Label77 với name=, confidence=0.7272727272727273 >= thresh=0.9
2025-08-04 17:32:51,765 [DEBUG] So sánh label_detected=Label77 với name=, confidence=0.7272727272727273 >= thresh=0.9
2025-08-04 17:32:51,765 [DEBUG] So sánh label_detected=Label77 với name=, confidence=0.7272727272727273 >= thresh=0.9
2025-08-04 17:32:51,765 [DEBUG] So sánh label_detected=Label77 với name=, confidence=0.7272727272727273 >= thresh=0.9
2025-08-04 17:32:51,766 [INFO] Kết quả trả về UI: {'label_detected': 'Label77', 'pallet_detected': 'F', 'confidence': 0.7272727272727273, 'confidence_detect': 0.9708065986633301, 'confidence_classify': 0.9998086094856262, 'confidence_ocr': 0.7272727272727273, 'origin_image': array([[[92, 92, 92],
        [91, 91, 91],
        [90, 90, 90],
        ...,
        [76, 76, 76],
        [76, 76, 76],
        [85, 85, 85]],

       [[87, 87, 87],
        [94, 94, 94],
        [95, 95, 95],
        ...,
        [81, 81, 81],
        [80, 80, 80],
        [84, 84, 84]],

       [[89, 89, 89],
        [90, 90, 90],
        [92, 92, 92],
        ...,
        [79, 79, 79],
        [78, 78, 78],
        [79, 79, 79]],

       ...,

       [[81, 81, 81],
        [86, 86, 86],
        [85, 85, 85],
        ...,
        [78, 78, 78],
        [77, 77, 77],
        [72, 72, 72]],

       [[81, 81, 81],
        [86, 86, 86],
        [82, 82, 82],
        ...,
        [76, 76, 76],
        [78, 78, 78],
        [70, 70, 70]],

       [[80, 80, 80],
        [84, 84, 84],
        [83, 83, 83],
        ...,
        [76, 76, 76],
        [76, 76, 76],
        [78, 78, 78]]], dtype=uint8), 'label_image': array([[[118, 118, 118],
        [120, 120, 120],
        [124, 124, 124],
        ...,
        [125, 125, 125],
        [117, 117, 117],
        [111, 111, 111]],

       [[118, 118, 118],
        [119, 119, 119],
        [122, 122, 122],
        ...,
        [128, 128, 128],
        [120, 120, 120],
        [113, 113, 113]],

       [[118, 118, 118],
        [118, 118, 118],
        [121, 121, 121],
        ...,
        [135, 135, 135],
        [127, 127, 127],
        [119, 119, 119]],

       ...,

       [[122, 122, 122],
        [122, 122, 122],
        [120, 120, 120],
        ...,
        [103, 103, 103],
        [104, 104, 104],
        [105, 105, 105]],

       [[122, 122, 122],
        [122, 122, 122],
        [121, 121, 121],
        ...,
        [104, 104, 104],
        [105, 105, 105],
        [105, 105, 105]],

       [[121, 121, 121],
        [121, 121, 121],
        [123, 123, 123],
        ...,
        [104, 104, 104],
        [106, 106, 106],
        [106, 106, 106]]], dtype=uint8)}
2025-08-04 17:33:27,330 [INFO] Nhận pallet_infos: [('', 0.9), ('', 0.9), ('', 0.9), ('', 0.9), ('', 0.9), ('Other label', 0.9)]
2025-08-04 17:33:27,330 [INFO] Bắt đầu phân tích ảnh...
2025-08-04 17:33:28,161 [DEBUG] Kết quả detectLabel: label_image is None? False, rect_label: ((1134, 402), (2725, 1660)), confidence_detect: 0.9709287881851196
2025-08-04 17:33:28,311 [DEBUG] Kết quả classifiLabel: id=26, class_name=Label34, confidence_classify=0.9998230338096619
2025-08-04 17:33:28,311 [DEBUG] Xử lý nhãn đặc biệt: id=26, class_name=Label34
2025-08-04 17:33:28,511 [DEBUG] ['tesseract', 'C:\\Users\\quang\\AppData\\Local\\Temp\\tess_7o7p1k1r_input.PNG', 'C:\\Users\\quang\\AppData\\Local\\Temp\\tess_7o7p1k1r', '--oem', '3', '--psm', '7', '-l', 'eng', 'txt']
2025-08-04 17:33:28,738 [DEBUG] Kết quả nhãn đặc biệt: class_name=Label77, confidence_ocr=0.7272727272727273
2025-08-04 17:33:28,739 [DEBUG] Kết quả _handle_special_labels: class_name=Label77, confidence_ocr=0.7272727272727273
2025-08-04 17:33:28,742 [INFO] Kết quả trả về UI: {'label_detected': 'Label77', 'pallet_detected': 'F', 'confidence': 0.7272727272727273, 'confidence_detect': 0.9709287881851196, 'confidence_classify': 0.9998230338096619, 'confidence_ocr': 0.7272727272727273, 'origin_image': array([[[85, 85, 85],
        [90, 90, 90],
        [92, 92, 92],
        ...,
        [75, 75, 75],
        [75, 75, 75],
        [81, 81, 81]],

       [[87, 87, 87],
        [87, 87, 87],
        [88, 88, 88],
        ...,
        [79, 79, 79],
        [80, 80, 80],
        [79, 79, 79]],

       [[89, 89, 89],
        [89, 89, 89],
        [87, 87, 87],
        ...,
        [78, 78, 78],
        [80, 80, 80],
        [77, 77, 77]],

       ...,

       [[82, 82, 82],
        [81, 81, 81],
        [81, 81, 81],
        ...,
        [77, 77, 77],
        [77, 77, 77],
        [80, 80, 80]],

       [[80, 80, 80],
        [82, 82, 82],
        [83, 83, 83],
        ...,
        [74, 74, 74],
        [74, 74, 74],
        [77, 77, 77]],

       [[84, 84, 84],
        [85, 85, 85],
        [84, 84, 84],
        ...,
        [79, 79, 79],
        [80, 80, 80],
        [73, 73, 73]]], dtype=uint8), 'label_image': array([[[121, 121, 121],
        [122, 122, 122],
        [123, 123, 123],
        ...,
        [120, 120, 120],
        [116, 116, 116],
        [114, 114, 114]],

       [[121, 121, 121],
        [122, 122, 122],
        [123, 123, 123],
        ...,
        [124, 124, 124],
        [119, 119, 119],
        [116, 116, 116]],

       [[120, 120, 120],
        [123, 123, 123],
        [124, 124, 124],
        ...,
        [126, 126, 126],
        [120, 120, 120],
        [118, 118, 118]],

       ...,

       [[117, 117, 117],
        [114, 114, 114],
        [114, 114, 114],
        ...,
        [106, 106, 106],
        [104, 104, 104],
        [104, 104, 104]],

       [[119, 119, 119],
        [119, 119, 119],
        [116, 116, 116],
        ...,
        [107, 107, 107],
        [107, 107, 107],
        [106, 106, 106]],

       [[120, 120, 120],
        [120, 120, 120],
        [117, 117, 117],
        ...,
        [111, 111, 111],
        [112, 112, 112],
        [108, 108, 108]]], dtype=uint8)}
2025-08-04 17:33:52,168 [INFO] Nhận pallet_infos: [('', 0.7), ('', 0.9), ('', 0.9), ('', 0.9), ('', 0.9), ('Label77', 0.9)]
2025-08-04 17:33:52,169 [INFO] Bắt đầu phân tích ảnh...
2025-08-04 17:33:53,073 [DEBUG] Kết quả detectLabel: label_image is None? False, rect_label: ((1134, 402), (2724, 1659)), confidence_detect: 0.9706085920333862
2025-08-04 17:33:53,228 [DEBUG] Kết quả classifiLabel: id=26, class_name=Label34, confidence_classify=0.9998289346694946
2025-08-04 17:33:53,229 [DEBUG] Xử lý nhãn đặc biệt: id=26, class_name=Label34
2025-08-04 17:33:53,397 [DEBUG] ['tesseract', 'C:\\Users\\quang\\AppData\\Local\\Temp\\tess_iyggx2v__input.PNG', 'C:\\Users\\quang\\AppData\\Local\\Temp\\tess_iyggx2v_', '--oem', '3', '--psm', '7', '-l', 'eng', 'txt']
2025-08-04 17:33:53,609 [DEBUG] Kết quả nhãn đặc biệt: class_name=Label77, confidence_ocr=0.7272727272727273
2025-08-04 17:33:53,609 [DEBUG] Kết quả _handle_special_labels: class_name=Label77, confidence_ocr=0.7272727272727273
2025-08-04 17:33:53,610 [INFO] Đã gán pallet_detected: A
2025-08-04 17:33:53,611 [INFO] Kết quả trả về UI: {'label_detected': 'Label77', 'pallet_detected': 'A', 'confidence': 0.7272727272727273, 'confidence_detect': 0.9706085920333862, 'confidence_classify': 0.9998289346694946, 'confidence_ocr': 0.7272727272727273, 'origin_image': array([[[87, 87, 87],
        [88, 88, 88],
        [86, 86, 86],
        ...,
        [80, 80, 80],
        [80, 80, 80],
        [81, 81, 81]],

       [[86, 86, 86],
        [89, 89, 89],
        [88, 88, 88],
        ...,
        [78, 78, 78],
        [78, 78, 78],
        [83, 83, 83]],

       [[87, 87, 87],
        [88, 88, 88],
        [89, 89, 89],
        ...,
        [77, 77, 77],
        [78, 78, 78],
        [81, 81, 81]],

       ...,

       [[87, 87, 87],
        [83, 83, 83],
        [84, 84, 84],
        ...,
        [79, 79, 79],
        [77, 77, 77],
        [79, 79, 79]],

       [[85, 85, 85],
        [84, 84, 84],
        [85, 85, 85],
        ...,
        [78, 78, 78],
        [77, 77, 77],
        [82, 82, 82]],

       [[86, 86, 86],
        [85, 85, 85],
        [84, 84, 84],
        ...,
        [74, 74, 74],
        [76, 76, 76],
        [70, 70, 70]]], dtype=uint8), 'label_image': array([[[119, 119, 119],
        [119, 119, 119],
        [121, 121, 121],
        ...,
        [125, 125, 125],
        [118, 118, 118],
        [115, 115, 115]],

       [[122, 122, 122],
        [120, 120, 120],
        [118, 118, 118],
        ...,
        [126, 126, 126],
        [120, 120, 120],
        [116, 116, 116]],

       [[121, 121, 121],
        [119, 119, 119],
        [118, 118, 118],
        ...,
        [133, 133, 133],
        [126, 126, 126],
        [119, 119, 119]],

       ...,

       [[119, 119, 119],
        [119, 119, 119],
        [118, 118, 118],
        ...,
        [105, 105, 105],
        [105, 105, 105],
        [104, 104, 104]],

       [[119, 119, 119],
        [121, 121, 121],
        [120, 120, 120],
        ...,
        [104, 104, 104],
        [105, 105, 105],
        [104, 104, 104]],

       [[119, 119, 119],
        [120, 120, 120],
        [120, 120, 120],
        ...,
        [106, 106, 106],
        [106, 106, 106],
        [106, 106, 106]]], dtype=uint8)}
2025-08-05 09:29:07,912 [INFO] Không mở được camera.
2025-08-05 09:30:08,877 [INFO] Đã mở camera.
2025-08-05 09:32:36,861 [INFO] Nhận pallet_infos: [('', 0.9), ('', 0.9), ('', 0.9), ('', 0.9), ('', 0.9), ('Other label', 0.9)]
2025-08-05 09:32:36,862 [INFO] Bắt đầu phân tích ảnh...
2025-08-05 09:32:38,138 [DEBUG] Kết quả detectLabel: label_image is None? False, rect_label: ((1136, 378), (2714, 1668)), confidence_detect: 0.967614471912384
2025-08-05 09:32:38,388 [DEBUG] Kết quả classifiLabel: id=26, class_name=Label-34, confidence_classify=0.998128354549408
2025-08-05 09:32:38,389 [DEBUG] Xử lý nhãn đặc biệt: id=26, class_name=Label-34
2025-08-05 09:32:38,709 [DEBUG] ['tesseract', 'C:\\Users\\quang\\AppData\\Local\\Temp\\tess_xeq__w7v_input.PNG', 'C:\\Users\\quang\\AppData\\Local\\Temp\\tess_xeq__w7v', '--oem', '3', '--psm', '7', '-l', 'eng', 'txt']
2025-08-05 09:32:39,056 [DEBUG] Kết quả nhãn đặc biệt: class_name=Group-3, confidence_ocr=None
2025-08-05 09:32:39,056 [DEBUG] Kết quả _handle_special_labels: class_name=Group-3, confidence_ocr=None
2025-08-05 09:32:39,059 [INFO] Kết quả trả về UI: {'label_detected': 'Group-3', 'pallet_detected': 'F', 'confidence': None, 'confidence_detect': 0.967614471912384, 'confidence_classify': 0.998128354549408, 'confidence_ocr': None, 'origin_image': array([[[89, 89, 89],
        [87, 87, 87],
        [87, 87, 87],
        ...,
        [84, 84, 84],
        [83, 83, 83],
        [79, 79, 79]],

       [[90, 90, 90],
        [92, 92, 92],
        [93, 93, 93],
        ...,
        [84, 84, 84],
        [88, 88, 88],
        [86, 86, 86]],

       [[90, 90, 90],
        [88, 88, 88],
        [89, 89, 89],
        ...,
        [83, 83, 83],
        [85, 85, 85],
        [84, 84, 84]],

       ...,

       [[83, 83, 83],
        [81, 81, 81],
        [83, 83, 83],
        ...,
        [83, 83, 83],
        [84, 84, 84],
        [81, 81, 81]],

       [[85, 85, 85],
        [80, 80, 80],
        [81, 81, 81],
        ...,
        [81, 81, 81],
        [82, 82, 82],
        [80, 80, 80]],

       [[87, 87, 87],
        [85, 85, 85],
        [86, 86, 86],
        ...,
        [76, 76, 76],
        [75, 75, 75],
        [78, 78, 78]]], dtype=uint8), 'label_image': array([[[111, 111, 111],
        [114, 114, 114],
        [122, 122, 122],
        ...,
        [  0,   0,   0],
        [  0,   0,   0],
        [  0,   0,   0]],

       [[111, 111, 111],
        [115, 115, 115],
        [123, 123, 123],
        ...,
        [  0,   0,   0],
        [  0,   0,   0],
        [  0,   0,   0]],

       [[112, 112, 112],
        [116, 116, 116],
        [125, 125, 125],
        ...,
        [  0,   0,   0],
        [  0,   0,   0],
        [  0,   0,   0]],

       ...,

       [[117, 117, 117],
        [117, 117, 117],
        [123, 123, 123],
        ...,
        [104, 104, 104],
        [106, 106, 106],
        [106, 106, 106]],

       [[117, 117, 117],
        [118, 118, 118],
        [123, 123, 123],
        ...,
        [103, 103, 103],
        [105, 105, 105],
        [105, 105, 105]],

       [[119, 119, 119],
        [121, 121, 121],
        [122, 122, 122],
        ...,
        [100, 100, 100],
        [101, 101, 101],
        [103, 103, 103]]], dtype=uint8)}
2025-08-05 09:33:28,964 [INFO] Nhận pallet_infos: [('', 0.9), ('', 0.9), ('', 0.9), ('', 0.9), ('', 0.9), ('Group-3', 0.9)]
2025-08-05 09:33:28,964 [INFO] Bắt đầu phân tích ảnh...
2025-08-05 09:33:29,746 [DEBUG] Kết quả detectLabel: label_image is None? False, rect_label: ((1244, 956), (2453, 1908)), confidence_detect: 0.9743579626083374
2025-08-05 09:33:29,884 [DEBUG] Kết quả classifiLabel: id=22, class_name=Label-30, confidence_classify=0.9993984699249268
2025-08-05 09:33:29,884 [DEBUG] Xử lý nhãn đặc biệt: id=22, class_name=Label-30
2025-08-05 09:33:30,593 [DEBUG] ['tesseract', 'C:\\Users\\quang\\AppData\\Local\\Temp\\tess_0jcplarl_input.PNG', 'C:\\Users\\quang\\AppData\\Local\\Temp\\tess_0jcplarl', '--oem', '3', '--psm', '8', '-l', 'eng', 'txt']
2025-08-05 09:33:30,760 [DEBUG] ['tesseract', 'C:\\Users\\quang\\AppData\\Local\\Temp\\tess_fmjh2aq__input.PNG', 'C:\\Users\\quang\\AppData\\Local\\Temp\\tess_fmjh2aq_', '--oem', '3', '--psm', '7', '-l', 'jpn', 'txt']
2025-08-05 09:33:31,109 [DEBUG] Kết quả nhãn đặc biệt: class_name=Label-52, confidence_ocr=1.0
2025-08-05 09:33:31,110 [DEBUG] Kết quả _handle_special_labels: class_name=Label-52, confidence_ocr=1.0
2025-08-05 09:33:31,110 [INFO] Đã gán pallet_detected: A
2025-08-05 09:33:31,112 [INFO] Kết quả trả về UI: {'label_detected': 'Label-52', 'pallet_detected': 'A', 'confidence': 1.0, 'confidence_detect': 0.9743579626083374, 'confidence_classify': 0.9993984699249268, 'confidence_ocr': 1.0, 'origin_image': array([[[91, 91, 91],
        [79, 79, 79],
        [80, 80, 80],
        ...,
        [81, 81, 81],
        [83, 83, 83],
        [87, 87, 87]],

       [[90, 90, 90],
        [93, 93, 93],
        [94, 94, 94],
        ...,
        [81, 81, 81],
        [81, 81, 81],
        [80, 80, 80]],

       [[89, 89, 89],
        [92, 92, 92],
        [92, 92, 92],
        ...,
        [81, 81, 81],
        [80, 80, 80],
        [76, 76, 76]],

       ...,

       [[81, 81, 81],
        [81, 81, 81],
        [79, 79, 79],
        ...,
        [85, 85, 85],
        [86, 86, 86],
        [86, 86, 86]],

       [[79, 79, 79],
        [81, 81, 81],
        [80, 80, 80],
        ...,
        [85, 85, 85],
        [84, 84, 84],
        [85, 85, 85]],

       [[82, 82, 82],
        [87, 87, 87],
        [88, 88, 88],
        ...,
        [87, 87, 87],
        [88, 88, 88],
        [85, 85, 85]]], dtype=uint8), 'label_image': array([[[122, 122, 122],
        [128, 128, 128],
        [133, 133, 133],
        ...,
        [122, 122, 122],
        [121, 121, 121],
        [120, 120, 120]],

       [[128, 128, 128],
        [137, 137, 137],
        [142, 142, 142],
        ...,
        [120, 120, 120],
        [120, 120, 120],
        [120, 120, 120]],

       [[136, 136, 136],
        [145, 145, 145],
        [151, 151, 151],
        ...,
        [119, 119, 119],
        [119, 119, 119],
        [120, 120, 120]],

       ...,

       [[127, 127, 127],
        [125, 125, 125],
        [128, 128, 128],
        ...,
        [169, 169, 169],
        [161, 161, 161],
        [148, 148, 148]],

       [[126, 126, 126],
        [124, 124, 124],
        [125, 125, 125],
        ...,
        [165, 165, 165],
        [156, 156, 156],
        [144, 144, 144]],

       [[126, 126, 126],
        [126, 126, 126],
        [127, 127, 127],
        ...,
        [155, 155, 155],
        [148, 148, 148],
        [140, 140, 140]]], dtype=uint8)}
2025-08-05 09:33:49,558 [INFO] Nhận pallet_infos: [('Label-52', 0.9), ('', 0.9), ('', 0.9), ('', 0.9), ('', 0.9), ('Group-3', 0.9)]
2025-08-05 09:33:49,558 [INFO] Bắt đầu phân tích ảnh...
2025-08-05 09:33:50,369 [DEBUG] Kết quả detectLabel: label_image is None? False, rect_label: ((1246, 955), (2451, 1903)), confidence_detect: 0.9742844700813293
2025-08-05 09:33:50,487 [DEBUG] Kết quả classifiLabel: id=22, class_name=Label-30, confidence_classify=0.9870142936706543
2025-08-05 09:33:50,487 [DEBUG] Xử lý nhãn đặc biệt: id=22, class_name=Label-30
2025-08-05 09:33:50,818 [DEBUG] Kết quả nhãn đặc biệt: class_name=Group-0 (TDC), confidence_ocr=0
2025-08-05 09:33:50,818 [DEBUG] Kết quả _handle_special_labels: class_name=Group-0 (TDC), confidence_ocr=0
2025-08-05 09:33:50,820 [INFO] Kết quả trả về UI: {'label_detected': 'Group-0 (TDC)', 'pallet_detected': 'F', 'confidence': 0, 'confidence_detect': 0.9742844700813293, 'confidence_classify': 0.9870142936706543, 'confidence_ocr': 0, 'origin_image': array([[[90, 90, 90],
        [90, 90, 90],
        [88, 88, 88],
        ...,
        [83, 83, 83],
        [82, 82, 82],
        [83, 83, 83]],

       [[94, 94, 94],
        [92, 92, 92],
        [91, 91, 91],
        ...,
        [83, 83, 83],
        [84, 84, 84],
        [82, 82, 82]],

       [[93, 93, 93],
        [91, 91, 91],
        [91, 91, 91],
        ...,
        [81, 81, 81],
        [82, 82, 82],
        [80, 80, 80]],

       ...,

       [[83, 83, 83],
        [86, 86, 86],
        [86, 86, 86],
        ...,
        [84, 84, 84],
        [84, 84, 84],
        [84, 84, 84]],

       [[83, 83, 83],
        [84, 84, 84],
        [84, 84, 84],
        ...,
        [82, 82, 82],
        [82, 82, 82],
        [83, 83, 83]],

       [[82, 82, 82],
        [85, 85, 85],
        [85, 85, 85],
        ...,
        [85, 85, 85],
        [84, 84, 84],
        [87, 87, 87]]], dtype=uint8), 'label_image': array([[[0, 0, 0],
        [0, 0, 0],
        [0, 0, 0],
        ...,
        [0, 0, 0],
        [0, 0, 0],
        [0, 0, 0]],

       [[0, 0, 0],
        [0, 0, 0],
        [0, 0, 0],
        ...,
        [0, 0, 0],
        [0, 0, 0],
        [0, 0, 0]],

       [[0, 0, 0],
        [0, 0, 0],
        [0, 0, 0],
        ...,
        [0, 0, 0],
        [0, 0, 0],
        [0, 0, 0]],

       ...,

       [[0, 0, 0],
        [0, 0, 0],
        [0, 0, 0],
        ...,
        [0, 0, 0],
        [0, 0, 0],
        [0, 0, 0]],

       [[0, 0, 0],
        [0, 0, 0],
        [0, 0, 0],
        ...,
        [0, 0, 0],
        [0, 0, 0],
        [0, 0, 0]],

       [[0, 0, 0],
        [0, 0, 0],
        [0, 0, 0],
        ...,
        [0, 0, 0],
        [0, 0, 0],
        [0, 0, 0]]], dtype=uint8)}
2025-08-05 09:34:11,653 [INFO] Nhận pallet_infos: [('Label-52', 0.9), ('', 0.9), ('', 0.9), ('', 0.9), ('', 0.9), ('Group-0 (TDC)', 0.9)]
2025-08-05 09:34:11,654 [INFO] Bắt đầu phân tích ảnh...
2025-08-05 09:34:12,518 [DEBUG] Kết quả detectLabel: label_image is None? False, rect_label: ((1239, 963), (2444, 1909)), confidence_detect: 0.975107729434967
2025-08-05 09:34:12,627 [DEBUG] Kết quả classifiLabel: id=22, class_name=Label-30, confidence_classify=0.9997473359107971
2025-08-05 09:34:12,628 [DEBUG] Xử lý nhãn đặc biệt: id=22, class_name=Label-30
2025-08-05 09:34:12,941 [DEBUG] ['tesseract', 'C:\\Users\\quang\\AppData\\Local\\Temp\\tess_c7dl2ubz_input.PNG', 'C:\\Users\\quang\\AppData\\Local\\Temp\\tess_c7dl2ubz', '--oem', '3', '--psm', '8', '-l', 'eng', 'txt']
2025-08-05 09:34:13,094 [DEBUG] ['tesseract', 'C:\\Users\\quang\\AppData\\Local\\Temp\\tess_6koi1jgq_input.PNG', 'C:\\Users\\quang\\AppData\\Local\\Temp\\tess_6koi1jgq', '--oem', '3', '--psm', '7', '-l', 'jpn', 'txt']
2025-08-05 09:34:13,370 [DEBUG] Kết quả nhãn đặc biệt: class_name=Label-52, confidence_ocr=1.0
2025-08-05 09:34:13,371 [DEBUG] Kết quả _handle_special_labels: class_name=Label-52, confidence_ocr=1.0
2025-08-05 09:34:13,372 [DEBUG] So sánh label_detected=Label-52 với name=Label-52, confidence=1.0 >= thresh=0.9
2025-08-05 09:34:13,372 [INFO] Đã gán pallet_detected: A
2025-08-05 09:34:13,374 [INFO] Kết quả trả về UI: {'label_detected': 'Label-52', 'pallet_detected': 'A', 'confidence': 1.0, 'confidence_detect': 0.975107729434967, 'confidence_classify': 0.9997473359107971, 'confidence_ocr': 1.0, 'origin_image': array([[[90, 90, 90],
        [88, 88, 88],
        [87, 87, 87],
        ...,
        [76, 76, 76],
        [75, 75, 75],
        [85, 85, 85]],

       [[96, 96, 96],
        [93, 93, 93],
        [91, 91, 91],
        ...,
        [80, 80, 80],
        [80, 80, 80],
        [85, 85, 85]],

       [[96, 96, 96],
        [91, 91, 91],
        [91, 91, 91],
        ...,
        [80, 80, 80],
        [82, 82, 82],
        [83, 83, 83]],

       ...,

       [[81, 81, 81],
        [83, 83, 83],
        [84, 84, 84],
        ...,
        [81, 81, 81],
        [81, 81, 81],
        [82, 82, 82]],

       [[81, 81, 81],
        [85, 85, 85],
        [84, 84, 84],
        ...,
        [80, 80, 80],
        [81, 81, 81],
        [83, 83, 83]],

       [[84, 84, 84],
        [87, 87, 87],
        [86, 86, 86],
        ...,
        [79, 79, 79],
        [80, 80, 80],
        [81, 81, 81]]], dtype=uint8), 'label_image': array([[[114, 114, 114],
        [119, 119, 119],
        [135, 135, 135],
        ...,
        [115, 115, 115],
        [114, 114, 114],
        [117, 117, 117]],

       [[121, 121, 121],
        [128, 128, 128],
        [141, 141, 141],
        ...,
        [118, 118, 118],
        [115, 115, 115],
        [120, 120, 120]],

       [[130, 130, 130],
        [142, 142, 142],
        [152, 152, 152],
        ...,
        [124, 124, 124],
        [122, 122, 122],
        [120, 120, 120]],

       ...,

       [[121, 121, 121],
        [123, 123, 123],
        [126, 126, 126],
        ...,
        [160, 160, 160],
        [149, 149, 149],
        [135, 135, 135]],

       [[122, 122, 122],
        [122, 122, 122],
        [125, 125, 125],
        ...,
        [158, 158, 158],
        [149, 149, 149],
        [135, 135, 135]],

       [[125, 125, 125],
        [125, 125, 125],
        [125, 125, 125],
        ...,
        [151, 151, 151],
        [146, 146, 146],
        [131, 131, 131]]], dtype=uint8)}
